{
    "version": "0.4",
    "title": "Careera V1 &#8211; Archive Blog",
    "type": "archive",
    "metadata": {
        "template_type": "archive-blog",
        "include_in_zip": "1",
        "elementor_pro_required": "1",
        "elementor_library_type": "archive",
        "elementor_pro_conditions": [
            "include\/archive"
        ],
        "additional_template_information": [
            "This is a \"Archive\" template for Elementor Pro.",
            "This template will display on: All Archives."
        ],
        "wp_page_template": "default"
    },
    "content": [
        {
            "id": "dbb9f62",
            "settings": {
                "content_width": {
                    "unit": "px",
                    "size": 840,
                    "sizes": []
                },
                "background_background": "classic",
                "background_overlay_background": "classic",
                "background_overlay_image": {
                    "url": "https:\/\/show.moxcreative.com\/careera\/wp-content\/uploads\/sites\/22\/2021\/11\/background_header.png",
                    "id": 88,
                    "alt": "",
                    "source": "library"
                },
                "background_overlay_position": "center center",
                "background_overlay_position_mobile": "top right",
                "background_overlay_repeat": "no-repeat",
                "background_overlay_size": "cover",
                "background_overlay_opacity": {
                    "unit": "px",
                    "size": 0.1000000000000000055511151231257827021181583404541015625,
                    "sizes": []
                },
                "border_border": "solid",
                "border_width": {
                    "unit": "px",
                    "top": "0",
                    "right": "0",
                    "bottom": "1",
                    "left": "0",
                    "isLinked": false
                },
                "padding": {
                    "unit": "em",
                    "top": "4",
                    "right": "0",
                    "bottom": "4",
                    "left": "0",
                    "isLinked": false
                },
                "padding_mobile": {
                    "unit": "em",
                    "top": "2",
                    "right": "0",
                    "bottom": "2",
                    "left": "0",
                    "isLinked": false
                },
                "pa_condition_repeater": [
                    {
                        "_id": "c355325"
                    }
                ],
                "__globals__": {
                    "border_color": "globals\/colors?id=308e809",
                    "background_color": "globals\/colors?id=dea41e4"
                }
            },
            "elements": [
                {
                    "id": "49428d75",
                    "settings": {
                        "_column_size": 100,
                        "_inline_size": null,
                        "padding": {
                            "unit": "em",
                            "top": "3",
                            "right": "3",
                            "bottom": "3",
                            "left": "3",
                            "isLinked": true
                        },
                        "pa_condition_repeater": [
                            {
                                "_id": "8e5ecbb"
                            }
                        ]
                    },
                    "elements": [
                        {
                            "id": "4c7871d9",
                            "settings": {
                                "title": "Blog",
                                "header_size": "h1",
                                "align": "center",
                                "pa_condition_repeater": [
                                    {
                                        "_id": "308634b"
                                    }
                                ],
                                "__globals__": {
                                    "title_color": "globals\/colors?id=a291686"
                                }
                            },
                            "elements": [],
                            "isInner": false,
                            "widgetType": "heading",
                            "elType": "widget"
                        },
                        {
                            "id": "724a87fd",
                            "settings": {
                                "title": "Add Your Heading Text Here",
                                "header_size": "h4",
                                "align": "center",
                                "pa_condition_repeater": [
                                    {
                                        "_id": "1881094"
                                    }
                                ],
                                "__dynamic__": {
                                    "title": "[elementor-tag id=\"743101c\" name=\"archive-title\" settings=\"%7B%7D\"]"
                                },
                                "__globals__": {
                                    "title_color": "globals\/colors?id=a291686"
                                }
                            },
                            "elements": [],
                            "isInner": false,
                            "widgetType": "heading",
                            "elType": "widget"
                        }
                    ],
                    "isInner": false,
                    "elType": "column"
                }
            ],
            "isInner": false,
            "elType": "section"
        },
        {
            "id": "289ab870",
            "settings": {
                "padding": {
                    "unit": "em",
                    "top": "7",
                    "right": "0",
                    "bottom": "7",
                    "left": "0",
                    "isLinked": false
                },
                "padding_tablet": {
                    "unit": "em",
                    "top": "3",
                    "right": "1",
                    "bottom": "3",
                    "left": "1",
                    "isLinked": false
                },
                "padding_mobile": {
                    "unit": "em",
                    "top": "2",
                    "right": "0",
                    "bottom": "2",
                    "left": "0",
                    "isLinked": false
                },
                "pa_condition_repeater": [
                    {
                        "_id": "4267fa6"
                    }
                ]
            },
            "elements": [
                {
                    "id": "2c4cafe0",
                    "settings": {
                        "_column_size": 100,
                        "_inline_size": null,
                        "padding": {
                            "unit": "em",
                            "top": "",
                            "right": "",
                            "bottom": "",
                            "left": "",
                            "isLinked": true
                        },
                        "padding_mobile": {
                            "unit": "em",
                            "top": "1",
                            "right": "1",
                            "bottom": "1",
                            "left": "1",
                            "isLinked": true
                        },
                        "pa_condition_repeater": [
                            {
                                "_id": "8ceb19e"
                            }
                        ]
                    },
                    "elements": [
                        {
                            "id": "105aa179",
                            "settings": {
                                "archive_classic_columns": "2",
                                "archive_classic_thumbnail": "left",
                                "archive_classic_thumbnail_size_size": "full",
                                "archive_classic_item_ratio": {
                                    "unit": "px",
                                    "size": 0.75,
                                    "sizes": []
                                },
                                "archive_classic_item_ratio_tablet": {
                                    "unit": "px",
                                    "size": 1,
                                    "sizes": []
                                },
                                "archive_classic_item_ratio_mobile": {
                                    "unit": "px",
                                    "size": 1,
                                    "sizes": []
                                },
                                "archive_classic_image_width": {
                                    "unit": "%",
                                    "size": 50,
                                    "sizes": []
                                },
                                "archive_classic_image_width_tablet": {
                                    "unit": "%",
                                    "size": 25,
                                    "sizes": []
                                },
                                "archive_classic_image_width_mobile": {
                                    "unit": "%",
                                    "size": 25,
                                    "sizes": []
                                },
                                "archive_classic_title_tag": "div",
                                "archive_classic_excerpt_length": 15,
                                "archive_classic_meta_separator": ".",
                                "archive_classic_show_read_more": "",
                                "archive_classic_read_more_text": "Read More",
                                "archive_cards_meta_separator": "\u2022",
                                "archive_cards_read_more_text": "Read More \u00bb",
                                "archive_full_content_meta_separator": "\/\/\/",
                                "archive_classic_column_gap": {
                                    "unit": "px",
                                    "size": 21,
                                    "sizes": []
                                },
                                "archive_classic_row_gap": {
                                    "unit": "px",
                                    "size": 21,
                                    "sizes": []
                                },
                                "archive_classic_image_spacing": {
                                    "unit": "px",
                                    "size": 21,
                                    "sizes": []
                                },
                                "archive_classic_title_spacing": {
                                    "unit": "px",
                                    "size": 7,
                                    "sizes": []
                                },
                                "archive_classic_meta_spacing": {
                                    "unit": "px",
                                    "size": 7,
                                    "sizes": []
                                },
                                "pagination_page_limit": "5",
                                "pagination_prev_label": "&laquo; Previous",
                                "pagination_next_label": "Next &raquo;",
                                "text": "Load More",
                                "load_more_no_posts_custom_message": "No more posts to show",
                                "nothing_found_message": "It seems we can't find what you're looking for.",
                                "pa_condition_repeater": [
                                    {
                                        "_id": "452ca44"
                                    }
                                ],
                                "__globals__": {
                                    "archive_classic_title_typography_typography": "globals\/typography?id=83682a1",
                                    "archive_classic_meta_typography_typography": "globals\/typography?id=69c152f",
                                    "archive_classic_meta_color": "globals\/colors?id=a185853",
                                    "archive_classic_excerpt_typography_typography": "globals\/typography?id=b2ce6af",
                                    "archive_classic_excerpt_color": "globals\/colors?id=secondary"
                                }
                            },
                            "elements": [],
                            "isInner": false,
                            "widgetType": "archive-posts",
                            "elType": "widget"
                        }
                    ],
                    "isInner": false,
                    "elType": "column"
                }
            ],
            "isInner": false,
            "elType": "section"
        },
        {
            "id": "5165fbd7",
            "settings": {
                "padding": {
                    "unit": "em",
                    "top": "0",
                    "right": "0",
                    "bottom": "7",
                    "left": "0",
                    "isLinked": false
                },
                "padding_tablet": {
                    "unit": "em",
                    "top": "0",
                    "right": "0",
                    "bottom": "0",
                    "left": "0",
                    "isLinked": false
                },
                "padding_mobile": {
                    "unit": "px",
                    "top": "0",
                    "right": "0",
                    "bottom": "0",
                    "left": "0",
                    "isLinked": false
                },
                "pa_condition_repeater": [
                    {
                        "_id": "84a9bd8"
                    }
                ]
            },
            "elements": [
                {
                    "id": "7b106989",
                    "settings": {
                        "_column_size": 100,
                        "_inline_size": null,
                        "background_background": "classic",
                        "background_gradient_angle": {
                            "unit": "deg",
                            "size": 135,
                            "sizes": []
                        },
                        "background_overlay_background": "classic",
                        "background_overlay_image": {
                            "url": "https:\/\/show.moxcreative.com\/careera\/wp-content\/uploads\/sites\/22\/2021\/11\/background_header.png",
                            "id": 88,
                            "alt": "",
                            "source": "library"
                        },
                        "background_overlay_position": "center center",
                        "background_overlay_repeat": "no-repeat",
                        "background_overlay_size": "cover",
                        "background_overlay_opacity": {
                            "unit": "px",
                            "size": 0.1000000000000000055511151231257827021181583404541015625,
                            "sizes": []
                        },
                        "padding": {
                            "unit": "em",
                            "top": "2",
                            "right": "2",
                            "bottom": "2",
                            "left": "2",
                            "isLinked": true
                        },
                        "padding_mobile": {
                            "unit": "em",
                            "top": "2",
                            "right": "1",
                            "bottom": "2",
                            "left": "1",
                            "isLinked": false
                        },
                        "pa_condition_repeater": [
                            {
                                "_id": "a8f60b4"
                            }
                        ],
                        "__globals__": {
                            "background_color": "globals\/colors?id=dea41e4",
                            "background_color_b": "globals\/colors?id=91455cb"
                        }
                    },
                    "elements": [
                        {
                            "id": "25ca9d38",
                            "settings": {
                                "content_position": "middle",
                                "structure": "20",
                                "pa_condition_repeater": [
                                    {
                                        "_id": "be933cc"
                                    }
                                ]
                            },
                            "elements": [
                                {
                                    "id": "774f5b12",
                                    "settings": {
                                        "_column_size": 50,
                                        "_inline_size": null,
                                        "space_between_widgets": 7,
                                        "padding": {
                                            "unit": "em",
                                            "top": "1",
                                            "right": "1",
                                            "bottom": "1",
                                            "left": "1",
                                            "isLinked": true
                                        },
                                        "pa_condition_repeater": [
                                            {
                                                "_id": "b2009c9"
                                            }
                                        ]
                                    },
                                    "elements": [
                                        {
                                            "id": "62ba821a",
                                            "settings": {
                                                "title": "Newsletter",
                                                "header_size": "h3",
                                                "pa_condition_repeater": [
                                                    {
                                                        "_id": "e9077a2"
                                                    }
                                                ],
                                                "__globals__": {
                                                    "title_color": "globals\/colors?id=a291686"
                                                }
                                            },
                                            "elements": [],
                                            "isInner": false,
                                            "widgetType": "heading",
                                            "elType": "widget"
                                        },
                                        {
                                            "id": "660ec3c9",
                                            "settings": {
                                                "title": "Signup our newsletter to get update information, insight or news",
                                                "header_size": "h5",
                                                "pa_condition_repeater": [
                                                    {
                                                        "_id": "b8a9ae9"
                                                    }
                                                ],
                                                "__globals__": {
                                                    "title_color": "globals\/colors?id=a291686"
                                                }
                                            },
                                            "elements": [],
                                            "isInner": false,
                                            "widgetType": "heading",
                                            "elType": "widget"
                                        }
                                    ],
                                    "isInner": true,
                                    "elType": "column"
                                },
                                {
                                    "id": "1e74ae0c",
                                    "settings": {
                                        "_column_size": 50,
                                        "_inline_size": null,
                                        "padding": {
                                            "unit": "em",
                                            "top": "1",
                                            "right": "1",
                                            "bottom": "1",
                                            "left": "1",
                                            "isLinked": true
                                        },
                                        "pa_condition_repeater": [
                                            {
                                                "_id": "38fe9ec"
                                            }
                                        ]
                                    },
                                    "elements": [
                                        {
                                            "id": "3ac96bf2",
                                            "settings": {
                                                "form_name": "New Form",
                                                "form_fields": [
                                                    {
                                                        "custom_id": "email",
                                                        "field_type": "email",
                                                        "required": "true",
                                                        "field_label": "Enter your email",
                                                        "placeholder": "Enter your email",
                                                        "width": "66",
                                                        "_id": "4b77a7c",
                                                        "width_tablet": "100"
                                                    }
                                                ],
                                                "input_size": "md",
                                                "show_labels": "",
                                                "button_size": "md",
                                                "button_width": "33",
                                                "button_width_tablet": "100",
                                                "step_next_label": "Next",
                                                "step_previous_label": "Previous",
                                                "button_text": "Sign Up",
                                                "selected_button_icon": {
                                                    "value": "fas fa-envelope",
                                                    "library": "fa-solid"
                                                },
                                                "email_content": "[all-fields]",
                                                "email_content_2": "[all-fields]",
                                                "success_message": "The form was sent successfully.",
                                                "error_message": "An error occurred.",
                                                "required_field_message": "This field is required.",
                                                "invalid_message": "There's something wrong. The form is invalid.",
                                                "column_gap": {
                                                    "unit": "px",
                                                    "size": 0,
                                                    "sizes": []
                                                },
                                                "field_background_color": "",
                                                "button_text_color": "",
                                                "previous_button_text_color": "",
                                                "button_hover_color": "",
                                                "previous_button_text_color_hover": "",
                                                "pa_condition_repeater": [
                                                    {
                                                        "_id": "f4640e0"
                                                    }
                                                ]
                                            },
                                            "elements": [],
                                            "isInner": false,
                                            "widgetType": "form",
                                            "elType": "widget"
                                        }
                                    ],
                                    "isInner": true,
                                    "elType": "column"
                                }
                            ],
                            "isInner": true,
                            "elType": "section"
                        }
                    ],
                    "isInner": false,
                    "elType": "column"
                }
            ],
            "isInner": false,
            "elType": "section"
        }
    ]
}