{
    "version": "0.4",
    "title": "Careera V1 &#8211; Header",
    "type": "header",
    "metadata": {
        "template_type": "section-header",
        "include_in_zip": "1",
        "elementor_pro_required": "1",
        "elementor_library_type": "header",
        "elementor_pro_conditions": [
            "include\/general"
        ],
        "additional_template_information": [
            "This is a \"Header\" template for Elementor Pro.",
            "This template will display on: Entire Site."
        ],
        "wp_page_template": "default"
    },
    "content": [
        {
            "id": "48b999e",
            "settings": {
                "content_position": "middle",
                "structure": "30",
                "background_background": "classic",
                "box_shadow_box_shadow_type": "yes",
                "box_shadow_box_shadow": {
                    "horizontal": 0,
                    "vertical": 10,
                    "blur": 30,
                    "spread": 0,
                    "color": "rgba(0, 0, 0, 0.15)"
                },
                "padding": {
                    "unit": "px",
                    "top": "5",
                    "right": "5",
                    "bottom": "5",
                    "left": "5",
                    "isLinked": true
                },
                "pa_condition_repeater": [
                    {
                        "_id": "05e0f4c"
                    }
                ],
                "__globals__": {
                    "background_color": "globals\/colors?id=a291686"
                },
                "z_index": 9
            },
            "elements": [
                {
                    "id": "274da0dc",
                    "settings": {
                        "_column_size": 33,
                        "_inline_size": 15,
                        "_inline_size_tablet": 70,
                        "_inline_size_mobile": 80,
                        "pa_condition_repeater": [
                            {
                                "_id": "c504e4c"
                            }
                        ]
                    },
                    "elements": [
                        {
                            "id": "525625f4",
                            "settings": {
                                "image": {
                                    "url": "https:\/\/show.moxcreative.com\/careera\/wp-content\/uploads\/sites\/22\/2021\/11\/Logo_careera.png",
                                    "id": 37,
                                    "alt": "",
                                    "source": "library"
                                },
                                "image_size": "custom",
                                "image_custom_dimension": {
                                    "width": "",
                                    "height": "45"
                                },
                                "align": "left",
                                "link_to": "custom",
                                "pa_condition_repeater": [
                                    {
                                        "_id": "271ffcb"
                                    }
                                ],
                                "__dynamic__": {
                                    "link": "[elementor-tag id=\"24cc2ab\" name=\"site-url\" settings=\"%7B%7D\"]"
                                }
                            },
                            "elements": [],
                            "isInner": false,
                            "widgetType": "image",
                            "elType": "widget"
                        }
                    ],
                    "isInner": false,
                    "elType": "column"
                },
                {
                    "id": "42030458",
                    "settings": {
                        "_column_size": 33,
                        "_inline_size": 69.332999999999998408384271897375583648681640625,
                        "_inline_size_tablet": 10,
                        "_inline_size_mobile": 20,
                        "pa_condition_repeater": [
                            {
                                "_id": "c504e4c"
                            }
                        ]
                    },
                    "elements": [
                        {
                            "id": "2dca6076",
                            "settings": {
                                "pointer": "none",
                                "submenu_icon": {
                                    "value": "fas fa-angle-down",
                                    "library": "fa-solid"
                                },
                                "full_width": "stretch",
                                "padding_horizontal_menu_item": {
                                    "unit": "px",
                                    "size": 0,
                                    "sizes": []
                                },
                                "padding_vertical_menu_item": {
                                    "unit": "px",
                                    "size": 16,
                                    "sizes": []
                                },
                                "menu_space_between": {
                                    "unit": "px",
                                    "size": 32,
                                    "sizes": []
                                },
                                "dropdown_box_shadow_box_shadow_type": "yes",
                                "dropdown_box_shadow_box_shadow": {
                                    "horizontal": 0,
                                    "vertical": 10,
                                    "blur": 30,
                                    "spread": 0,
                                    "color": "rgba(0, 0, 0, 0.15)"
                                },
                                "toggle_size_tablet": {
                                    "unit": "px",
                                    "size": 28,
                                    "sizes": []
                                },
                                "toggle_size_mobile": {
                                    "unit": "px",
                                    "size": 28,
                                    "sizes": []
                                },
                                "pa_condition_repeater": [
                                    {
                                        "_id": "32a30eb"
                                    }
                                ],
                                "__globals__": {
                                    "menu_typography_typography": "globals\/typography?id=520c191",
                                    "color_dropdown_item": "globals\/colors?id=dea41e4",
                                    "color_menu_item": "globals\/colors?id=dea41e4",
                                    "color_menu_item_hover": "globals\/colors?id=a185853",
                                    "color_menu_item_active": "globals\/colors?id=a185853",
                                    "background_color_dropdown_item": "globals\/colors?id=a291686",
                                    "color_dropdown_item_hover": "globals\/colors?id=a185853",
                                    "background_color_dropdown_item_hover": "globals\/colors?id=a291686",
                                    "color_dropdown_item_active": "globals\/colors?id=a185853",
                                    "background_color_dropdown_item_active": "globals\/colors?id=308e809",
                                    "dropdown_typography_typography": "globals\/typography?id=520c191",
                                    "toggle_color": "globals\/colors?id=dea41e4",
                                    "toggle_background_color": "globals\/colors?id=308e809",
                                    "toggle_color_hover": "globals\/colors?id=a185853",
                                    "toggle_background_color_hover": "globals\/colors?id=308e809"
                                }
                            },
                            "elements": [],
                            "isInner": false,
                            "widgetType": "nav-menu",
                            "elType": "widget"
                        }
                    ],
                    "isInner": false,
                    "elType": "column"
                },
                {
                    "id": "eb9dcda",
                    "settings": {
                        "_column_size": 33,
                        "_inline_size": 15,
                        "_inline_size_tablet": 20,
                        "pa_condition_repeater": [
                            {
                                "_id": "c504e4c"
                            }
                        ],
                        "hide_mobile": "hidden-mobile"
                    },
                    "elements": [
                        {
                            "id": "80f12d1",
                            "settings": {
                                "text": "Sign Up",
                                "align": "justify",
                                "size": "md",
                                "pa_condition_repeater": [
                                    {
                                        "_id": "1d47b9a"
                                    }
                                ]
                            },
                            "elements": [],
                            "isInner": false,
                            "widgetType": "button",
                            "elType": "widget"
                        }
                    ],
                    "isInner": false,
                    "elType": "column"
                }
            ],
            "isInner": false,
            "elType": "section"
        }
    ]
}