{
    "version": "0.4",
    "title": "Careera V1 &#8211; Error 404",
    "type": "error-404",
    "metadata": {
        "template_type": "single-404",
        "include_in_zip": "1",
        "elementor_pro_required": "1",
        "elementor_library_type": "error-404",
        "elementor_pro_conditions": [
            "include\/singular\/not_found404"
        ],
        "additional_template_information": [
            "This is a \"Error 404\" template for Elementor Pro.",
            "This template will display on: 404 Page."
        ],
        "wp_page_template": "default"
    },
    "content": [
        {
            "id": "4fb857bf",
            "settings": {
                "structure": "20",
                "background_background": "classic",
                "background_overlay_background": "classic",
                "background_overlay_image": {
                    "url": "https:\/\/show.moxcreative.com\/careera\/wp-content\/uploads\/sites\/22\/2021\/11\/background_header.png",
                    "id": 88,
                    "alt": "",
                    "source": "library"
                },
                "background_overlay_position": "center center",
                "background_overlay_position_tablet": "top right",
                "background_overlay_position_mobile": "top right",
                "background_overlay_repeat": "no-repeat",
                "background_overlay_size": "cover",
                "background_overlay_opacity": {
                    "unit": "px",
                    "size": 0.299999999999999988897769753748434595763683319091796875,
                    "sizes": []
                },
                "padding": {
                    "unit": "em",
                    "top": "10",
                    "right": "0",
                    "bottom": "10",
                    "left": "0",
                    "isLinked": false
                },
                "padding_tablet": {
                    "unit": "em",
                    "top": "7",
                    "right": "2",
                    "bottom": "7",
                    "left": "2",
                    "isLinked": false
                },
                "padding_mobile": {
                    "unit": "em",
                    "top": "5",
                    "right": "1",
                    "bottom": "5",
                    "left": "1",
                    "isLinked": false
                },
                "pa_condition_repeater": [
                    {
                        "_id": "1aa3d66"
                    }
                ],
                "__globals__": {
                    "background_color": "globals\/colors?id=a291686",
                    "background_color_b": "globals\/colors?id=dea41e4"
                }
            },
            "elements": [
                {
                    "id": "471c4a64",
                    "settings": {
                        "_column_size": 50,
                        "_inline_size": 45,
                        "_inline_size_tablet": 55,
                        "background_background": "classic",
                        "background_overlay_background": "classic",
                        "background_overlay_opacity": {
                            "unit": "px",
                            "size": 0.8000000000000000444089209850062616169452667236328125,
                            "sizes": []
                        },
                        "box_shadow_box_shadow_type": "yes",
                        "box_shadow_box_shadow": {
                            "horizontal": 0,
                            "vertical": 10,
                            "blur": 30,
                            "spread": 0,
                            "color": "rgba(0, 0, 0, 0.15)"
                        },
                        "padding": {
                            "unit": "em",
                            "top": "3",
                            "right": "3",
                            "bottom": "3",
                            "left": "3",
                            "isLinked": true
                        },
                        "pa_condition_repeater": [
                            {
                                "_id": "8d1810a"
                            }
                        ],
                        "__globals__": {
                            "background_overlay_color": "globals\/colors?id=a291686",
                            "background_color": "globals\/colors?id=a291686"
                        },
                        "animation": "bounceInLeft"
                    },
                    "elements": [
                        {
                            "id": "6e6cf88f",
                            "settings": {
                                "title": "404 Error",
                                "header_size": "h1",
                                "pa_condition_repeater": [
                                    {
                                        "_id": "4c2daa8"
                                    }
                                ]
                            },
                            "elements": [],
                            "isInner": false,
                            "widgetType": "heading",
                            "elType": "widget"
                        },
                        {
                            "id": "45439ab3",
                            "settings": {
                                "title": "Page not found\n",
                                "header_size": "h3",
                                "pa_condition_repeater": [
                                    {
                                        "_id": "7fd597c"
                                    }
                                ]
                            },
                            "elements": [],
                            "isInner": false,
                            "widgetType": "heading",
                            "elType": "widget"
                        },
                        {
                            "id": "65b7ca4c",
                            "settings": {
                                "title": "The page you are looking for does not exist; it may have been moved, or removed altogether. ",
                                "header_size": "div",
                                "pa_condition_repeater": [
                                    {
                                        "_id": "6dbaa8e"
                                    }
                                ],
                                "__globals__": {
                                    "typography_typography": "globals\/typography?id=b2ce6af"
                                }
                            },
                            "elements": [],
                            "isInner": false,
                            "widgetType": "heading",
                            "elType": "widget"
                        },
                        {
                            "id": "7543e4d",
                            "settings": {
                                "text": "Back Home",
                                "size": "md",
                                "selected_icon": {
                                    "value": "icon icon-left-arrow",
                                    "library": "ekiticons"
                                },
                                "icon_indent": {
                                    "unit": "px",
                                    "size": 7,
                                    "sizes": []
                                },
                                "pa_condition_repeater": [
                                    {
                                        "_id": "6985ff5"
                                    }
                                ],
                                "__dynamic__": {
                                    "link": "[elementor-tag id=\"a9a7756\" name=\"site-url\" settings=\"%7B%7D\"]"
                                }
                            },
                            "elements": [],
                            "isInner": false,
                            "widgetType": "button",
                            "elType": "widget"
                        }
                    ],
                    "isInner": false,
                    "elType": "column"
                },
                {
                    "id": "2a51de53",
                    "settings": {
                        "_column_size": 50,
                        "_inline_size": 55,
                        "_inline_size_tablet": 45,
                        "pa_condition_repeater": [
                            {
                                "_id": "713b4c9"
                            }
                        ],
                        "hide_mobile": "hidden-mobile"
                    },
                    "elements": [],
                    "isInner": false,
                    "elType": "column"
                }
            ],
            "isInner": false,
            "elType": "section"
        }
    ]
}