{
    "version": "0.4",
    "title": "Careera V1 &#8211; Footer",
    "type": "footer",
    "metadata": {
        "template_type": "section-footer",
        "include_in_zip": "1",
        "elementor_pro_required": "1",
        "elementor_library_type": "footer",
        "elementor_pro_conditions": [
            "include\/general"
        ],
        "additional_template_information": [
            "This is a \"Footer\" template for Elementor Pro.",
            "This template will display on: Entire Site."
        ],
        "wp_page_template": "default"
    },
    "content": [
        {
            "id": "20afe89c",
            "settings": {
                "content_width": {
                    "unit": "px",
                    "size": 840,
                    "sizes": []
                },
                "background_background": "classic",
                "background_overlay_background": "classic",
                "background_overlay_image": {
                    "url": "https:\/\/show.moxcreative.com\/careera\/wp-content\/uploads\/sites\/22\/2021\/11\/adult-office-workers-shaking-hands-in-crowded-hall.jpg",
                    "id": 50,
                    "alt": "Adult office workers shaking hands in crowded hall",
                    "source": "library"
                },
                "background_overlay_position": "center center",
                "background_overlay_repeat": "no-repeat",
                "background_overlay_size": "cover",
                "padding": {
                    "unit": "em",
                    "top": "7",
                    "right": "0",
                    "bottom": "7",
                    "left": "0",
                    "isLinked": false
                },
                "padding_tablet": {
                    "unit": "em",
                    "top": "5",
                    "right": "0",
                    "bottom": "5",
                    "left": "0",
                    "isLinked": false
                },
                "padding_mobile": {
                    "unit": "em",
                    "top": "3",
                    "right": "0",
                    "bottom": "3",
                    "left": "0",
                    "isLinked": false
                },
                "pa_condition_repeater": [
                    {
                        "_id": "9cd8423"
                    }
                ],
                "__globals__": {
                    "background_color": "globals\/colors?id=dea41e4"
                }
            },
            "elements": [
                {
                    "id": "7e2ebde5",
                    "settings": {
                        "_column_size": 100,
                        "_inline_size": null,
                        "padding": {
                            "unit": "em",
                            "top": "3",
                            "right": "3",
                            "bottom": "3",
                            "left": "3",
                            "isLinked": true
                        },
                        "padding_mobile": {
                            "unit": "em",
                            "top": "2",
                            "right": "2",
                            "bottom": "2",
                            "left": "2",
                            "isLinked": true
                        },
                        "pa_condition_repeater": [
                            {
                                "_id": "75101d7"
                            }
                        ]
                    },
                    "elements": [
                        {
                            "id": "6b537e7f",
                            "settings": {
                                "title": "The best relationship building",
                                "align": "center",
                                "pa_condition_repeater": [
                                    {
                                        "_id": "952104c"
                                    }
                                ],
                                "__globals__": {
                                    "title_color": "globals\/colors?id=a291686"
                                }
                            },
                            "elements": [],
                            "isInner": false,
                            "widgetType": "heading",
                            "elType": "widget"
                        },
                        {
                            "id": "2c8329b2",
                            "settings": {
                                "align": "center",
                                "pa_condition_repeater": [
                                    {
                                        "_id": "eaff8d9"
                                    }
                                ],
                                "__globals__": {
                                    "text_color": "globals\/colors?id=a291686"
                                }
                            },
                            "elements": [],
                            "isInner": false,
                            "widgetType": "text-editor",
                            "elType": "widget"
                        },
                        {
                            "id": "4ad4a034",
                            "settings": {
                                "text": "Get Started",
                                "align": "center",
                                "size": "lg",
                                "pa_condition_repeater": [
                                    {
                                        "_id": "72c31ef"
                                    }
                                ]
                            },
                            "elements": [],
                            "isInner": false,
                            "widgetType": "button",
                            "elType": "widget"
                        }
                    ],
                    "isInner": false,
                    "elType": "column"
                }
            ],
            "isInner": false,
            "elType": "section"
        },
        {
            "id": "6f41fadb",
            "settings": {
                "padding": {
                    "unit": "em",
                    "top": "0",
                    "right": "0",
                    "bottom": "3",
                    "left": "0",
                    "isLinked": false
                },
                "pa_condition_repeater": [
                    {
                        "_id": "7cabbce"
                    }
                ]
            },
            "elements": [
                {
                    "id": "7c3e6fe9",
                    "settings": {
                        "_column_size": 100,
                        "_inline_size": null,
                        "pa_condition_repeater": [
                            {
                                "_id": "8f08cd8"
                            }
                        ]
                    },
                    "elements": [
                        {
                            "id": "5a377f0d",
                            "settings": {
                                "content_position": "middle",
                                "structure": "30",
                                "border_border": "solid",
                                "border_width": {
                                    "unit": "px",
                                    "top": "0",
                                    "right": "0",
                                    "bottom": "1",
                                    "left": "0",
                                    "isLinked": false
                                },
                                "margin": {
                                    "unit": "em",
                                    "top": "0",
                                    "right": 0,
                                    "bottom": "1",
                                    "left": 0,
                                    "isLinked": false
                                },
                                "padding": {
                                    "unit": "em",
                                    "top": "1",
                                    "right": "0",
                                    "bottom": "1",
                                    "left": "0",
                                    "isLinked": false
                                },
                                "pa_condition_repeater": [
                                    {
                                        "_id": "813e89d"
                                    }
                                ],
                                "__globals__": {
                                    "border_color": "globals\/colors?id=308e809"
                                }
                            },
                            "elements": [
                                {
                                    "id": "348622d7",
                                    "settings": {
                                        "_column_size": 33,
                                        "_inline_size": 15,
                                        "_inline_size_tablet": 20,
                                        "pa_condition_repeater": [
                                            {
                                                "_id": "c4a3d19"
                                            }
                                        ]
                                    },
                                    "elements": [
                                        {
                                            "id": "385a7a36",
                                            "settings": {
                                                "image": {
                                                    "url": "https:\/\/show.moxcreative.com\/careera\/wp-content\/uploads\/sites\/22\/2021\/11\/Logo_careera.png",
                                                    "id": 37,
                                                    "alt": "",
                                                    "source": "library"
                                                },
                                                "image_size": "custom",
                                                "image_custom_dimension": {
                                                    "width": "",
                                                    "height": "45"
                                                },
                                                "align": "left",
                                                "align_mobile": "center",
                                                "pa_condition_repeater": [
                                                    {
                                                        "_id": "6807090"
                                                    }
                                                ]
                                            },
                                            "elements": [],
                                            "isInner": false,
                                            "widgetType": "image",
                                            "elType": "widget"
                                        }
                                    ],
                                    "isInner": true,
                                    "elType": "column"
                                },
                                {
                                    "id": "2b051f1",
                                    "settings": {
                                        "_column_size": 33,
                                        "_inline_size": 69.3319999999999936335370875895023345947265625,
                                        "_inline_size_tablet": 80,
                                        "pa_condition_repeater": [
                                            {
                                                "_id": "c4a3d19"
                                            }
                                        ]
                                    },
                                    "elements": [
                                        {
                                            "id": "2691e3d7",
                                            "settings": {
                                                "view": "inline",
                                                "icon_list": [
                                                    {
                                                        "text": "About Us",
                                                        "selected_icon": {
                                                            "value": "fas fa-circle",
                                                            "library": "fa-solid"
                                                        },
                                                        "_id": "031320d",
                                                        "link": {
                                                            "url": "#",
                                                            "is_external": "",
                                                            "nofollow": "",
                                                            "custom_attributes": ""
                                                        }
                                                    },
                                                    {
                                                        "text": "Term of Use",
                                                        "selected_icon": {
                                                            "value": "fas fa-circle",
                                                            "library": "fa-solid"
                                                        },
                                                        "link": {
                                                            "url": "#",
                                                            "is_external": "",
                                                            "nofollow": "",
                                                            "custom_attributes": ""
                                                        },
                                                        "_id": "f49681b"
                                                    },
                                                    {
                                                        "text": "Privacy Policy",
                                                        "selected_icon": {
                                                            "value": "fas fa-circle",
                                                            "library": "fa-solid"
                                                        },
                                                        "link": {
                                                            "url": "#",
                                                            "is_external": "",
                                                            "nofollow": "",
                                                            "custom_attributes": ""
                                                        },
                                                        "_id": "397040f"
                                                    },
                                                    {
                                                        "text": "Cookie Policy",
                                                        "selected_icon": {
                                                            "value": "fas fa-circle",
                                                            "library": "fa-solid"
                                                        },
                                                        "link": {
                                                            "url": "#",
                                                            "is_external": "",
                                                            "nofollow": "",
                                                            "custom_attributes": ""
                                                        },
                                                        "_id": "32ee18d"
                                                    },
                                                    {
                                                        "text": "Help Center",
                                                        "selected_icon": {
                                                            "value": "fas fa-circle",
                                                            "library": "fa-solid"
                                                        },
                                                        "link": {
                                                            "url": "#",
                                                            "is_external": "",
                                                            "nofollow": "",
                                                            "custom_attributes": ""
                                                        },
                                                        "_id": "d15e0be"
                                                    }
                                                ],
                                                "space_between": {
                                                    "unit": "px",
                                                    "size": 17,
                                                    "sizes": []
                                                },
                                                "icon_align_tablet": "right",
                                                "icon_align_mobile": "center",
                                                "icon_size": {
                                                    "unit": "px",
                                                    "size": 3,
                                                    "sizes": []
                                                },
                                                "pa_condition_repeater": [
                                                    {
                                                        "_id": "74556a8"
                                                    }
                                                ],
                                                "__globals__": {
                                                    "icon_color": "globals\/colors?id=a185853",
                                                    "text_color": "globals\/colors?id=dea41e4",
                                                    "text_color_hover": "globals\/colors?id=a185853",
                                                    "icon_typography_typography": "globals\/typography?id=112b6c4"
                                                },
                                                "icon_align": "center"
                                            },
                                            "elements": [],
                                            "isInner": false,
                                            "widgetType": "icon-list",
                                            "elType": "widget"
                                        }
                                    ],
                                    "isInner": true,
                                    "elType": "column"
                                },
                                {
                                    "id": "131b7c8e",
                                    "settings": {
                                        "_column_size": 33,
                                        "_inline_size": 15,
                                        "_inline_size_tablet": 100,
                                        "pa_condition_repeater": [
                                            {
                                                "_id": "326de9e"
                                            }
                                        ]
                                    },
                                    "elements": [
                                        {
                                            "id": "1a5624ad",
                                            "settings": {
                                                "social_icon_list": [
                                                    {
                                                        "social_icon": {
                                                            "value": "fab fa-facebook-f",
                                                            "library": "fa-brands"
                                                        },
                                                        "_id": "db11dfa"
                                                    },
                                                    {
                                                        "social_icon": {
                                                            "value": "icon icon-linkedin",
                                                            "library": "ekiticons"
                                                        },
                                                        "_id": "38b818c"
                                                    },
                                                    {
                                                        "social_icon": {
                                                            "value": "fab fa-twitter",
                                                            "library": "fa-brands"
                                                        },
                                                        "_id": "b51f236"
                                                    },
                                                    {
                                                        "social_icon": {
                                                            "value": "fab fa-youtube",
                                                            "library": "fa-brands"
                                                        },
                                                        "_id": "14671af"
                                                    }
                                                ],
                                                "icon_color": "custom",
                                                "icon_primary_color": "#02010100",
                                                "icon_size": {
                                                    "unit": "px",
                                                    "size": 16,
                                                    "sizes": []
                                                },
                                                "hover_animation": "float",
                                                "pa_condition_repeater": [
                                                    {
                                                        "_id": "cd58b2d"
                                                    }
                                                ],
                                                "__globals__": {
                                                    "icon_secondary_color": "globals\/colors?id=dea41e4",
                                                    "hover_secondary_color": "globals\/colors?id=a185853"
                                                }
                                            },
                                            "elements": [],
                                            "isInner": false,
                                            "widgetType": "social-icons",
                                            "elType": "widget"
                                        }
                                    ],
                                    "isInner": true,
                                    "elType": "column"
                                }
                            ],
                            "isInner": true,
                            "elType": "section"
                        },
                        {
                            "id": "64a7a50a",
                            "settings": {
                                "title": "Copyright \u00a9 2021 careera, All rights reserved. Powered by MoxCreative.\n",
                                "header_size": "div",
                                "align": "center",
                                "pa_condition_repeater": [
                                    {
                                        "_id": "90c34ca"
                                    }
                                ],
                                "__globals__": {
                                    "typography_typography": "globals\/typography?id=112b6c4"
                                }
                            },
                            "elements": [],
                            "isInner": false,
                            "widgetType": "heading",
                            "elType": "widget"
                        }
                    ],
                    "isInner": false,
                    "elType": "column"
                }
            ],
            "isInner": false,
            "elType": "section"
        }
    ]
}