{
    "version": "0.4",
    "title": "Careera V1 &#8211; Single Post",
    "type": "single-post",
    "metadata": {
        "template_type": "single-post",
        "include_in_zip": "1",
        "elementor_pro_required": "1",
        "elementor_library_type": "single-post",
        "elementor_pro_conditions": [
            "include\/singular\/post"
        ],
        "additional_template_information": [
            "This is a \"Single Post\" template for Elementor Pro.",
            "This template will display on: Posts."
        ],
        "wp_page_template": "default"
    },
    "content": [
        {
            "id": "716dd6a4",
            "settings": {
                "content_position": "middle",
                "structure": "20",
                "background_background": "gradient",
                "background_color_stop": {
                    "unit": "%",
                    "size": 50,
                    "sizes": []
                },
                "background_color_b_stop": {
                    "unit": "%",
                    "size": 0,
                    "sizes": []
                },
                "background_gradient_angle": {
                    "unit": "deg",
                    "size": 90,
                    "sizes": []
                },
                "padding": {
                    "unit": "em",
                    "top": "5",
                    "right": "0",
                    "bottom": "5",
                    "left": "0",
                    "isLinked": false
                },
                "padding_tablet": {
                    "unit": "em",
                    "top": "0",
                    "right": "0",
                    "bottom": "0",
                    "left": "0",
                    "isLinked": false
                },
                "padding_mobile": {
                    "unit": "em",
                    "top": "0",
                    "right": "0",
                    "bottom": "0",
                    "left": "0",
                    "isLinked": false
                },
                "pa_condition_repeater": [
                    {
                        "_id": "0e8645c"
                    }
                ],
                "__globals__": {
                    "background_color": "globals\/colors?id=308e809",
                    "background_color_b": "globals\/colors?id=a291686"
                }
            },
            "elements": [
                {
                    "id": "403f16dc",
                    "settings": {
                        "_column_size": 50,
                        "_inline_size": 60,
                        "_inline_size_tablet": 100,
                        "padding_tablet": {
                            "unit": "em",
                            "top": "0",
                            "right": "0",
                            "bottom": "0",
                            "left": "0",
                            "isLinked": true
                        },
                        "padding_mobile": {
                            "unit": "px",
                            "top": "0",
                            "right": "0",
                            "bottom": "0",
                            "left": "0",
                            "isLinked": true
                        },
                        "pa_condition_repeater": [
                            {
                                "_id": "f694d90"
                            }
                        ]
                    },
                    "elements": [
                        {
                            "id": "790d1a0",
                            "settings": {
                                "__dynamic__": {
                                    "image": "[elementor-tag id=\"\" name=\"post-featured-image\" settings=\"%7B%22fallback%22%3A%7B%22url%22%3A%22%22%2C%22id%22%3A%22%22%7D%7D\"]"
                                },
                                "image_size": "full",
                                "width": {
                                    "unit": "%",
                                    "size": 100,
                                    "sizes": []
                                },
                                "height": {
                                    "unit": "px",
                                    "size": 450,
                                    "sizes": []
                                },
                                "height_tablet": {
                                    "unit": "px",
                                    "size": 400,
                                    "sizes": []
                                },
                                "height_mobile": {
                                    "unit": "px",
                                    "size": 225,
                                    "sizes": []
                                },
                                "object-fit": "cover",
                                "pa_condition_repeater": [
                                    {
                                        "_id": "9cd98ca"
                                    }
                                ]
                            },
                            "elements": [],
                            "isInner": false,
                            "widgetType": "theme-post-featured-image",
                            "elType": "widget"
                        }
                    ],
                    "isInner": false,
                    "elType": "column"
                },
                {
                    "id": "117c5834",
                    "settings": {
                        "_column_size": 50,
                        "_inline_size": 40,
                        "_inline_size_tablet": 100,
                        "background_background": "classic",
                        "padding": {
                            "unit": "em",
                            "top": "3",
                            "right": "3",
                            "bottom": "3",
                            "left": "3",
                            "isLinked": true
                        },
                        "padding_mobile": {
                            "unit": "em",
                            "top": "2",
                            "right": "2",
                            "bottom": "2",
                            "left": "2",
                            "isLinked": true
                        },
                        "pa_condition_repeater": [
                            {
                                "_id": "f694d90"
                            }
                        ],
                        "__globals__": {
                            "background_color": "globals\/colors?id=a291686"
                        }
                    },
                    "elements": [
                        {
                            "id": "53cda319",
                            "settings": {
                                "title": "Add Your Heading Text Here",
                                "header_size": "h6",
                                "align_mobile": "center",
                                "pa_condition_repeater": [
                                    {
                                        "_id": "eca366d"
                                    }
                                ],
                                "__dynamic__": {
                                    "title": "[elementor-tag id=\"1983c23\" name=\"post-terms\" settings=\"%7B%22taxonomy%22%3A%22category%22%2C%22separator%22%3A%22%2C%20%22%7D\"]"
                                }
                            },
                            "elements": [],
                            "isInner": false,
                            "widgetType": "heading",
                            "elType": "widget"
                        },
                        {
                            "id": "4c814657",
                            "settings": {
                                "title": "Add Your Heading Text Here",
                                "align_mobile": "center",
                                "pa_condition_repeater": [
                                    {
                                        "_id": "6a156a6"
                                    }
                                ],
                                "__dynamic__": {
                                    "title": "[elementor-tag id=\"6dba74a\" name=\"post-title\" settings=\"%7B%7D\"]"
                                }
                            },
                            "elements": [],
                            "isInner": false,
                            "widgetType": "heading",
                            "elType": "widget"
                        },
                        {
                            "id": "2e769d94",
                            "settings": {
                                "icon_list": [
                                    {
                                        "type": "author",
                                        "selected_icon": {
                                            "value": "far fa-user-circle",
                                            "library": "fa-regular"
                                        },
                                        "_id": "ead9bfb",
                                        "custom_date_format": "F j, Y",
                                        "custom_time_format": "g:i a"
                                    },
                                    {
                                        "selected_icon": {
                                            "value": "fas fa-calendar",
                                            "library": "fa-solid"
                                        },
                                        "_id": "d664642",
                                        "custom_date_format": "F j, Y",
                                        "custom_time_format": "g:i a"
                                    }
                                ],
                                "icon_align_mobile": "center",
                                "pa_condition_repeater": [
                                    {
                                        "_id": "62a97f4"
                                    }
                                ]
                            },
                            "elements": [],
                            "isInner": false,
                            "widgetType": "post-info",
                            "elType": "widget"
                        }
                    ],
                    "isInner": false,
                    "elType": "column"
                }
            ],
            "isInner": false,
            "elType": "section"
        },
        {
            "id": "29aa5a1",
            "settings": {
                "structure": "30",
                "padding": {
                    "unit": "em",
                    "top": "3",
                    "right": "0",
                    "bottom": "7",
                    "left": "0",
                    "isLinked": false
                },
                "padding_tablet": {
                    "unit": "em",
                    "top": "0",
                    "right": "0",
                    "bottom": "3",
                    "left": "0",
                    "isLinked": false
                },
                "padding_mobile": {
                    "unit": "em",
                    "top": "0",
                    "right": "0",
                    "bottom": "0",
                    "left": "0",
                    "isLinked": false
                },
                "pa_condition_repeater": [
                    {
                        "_id": "6fb9da0"
                    }
                ]
            },
            "elements": [
                {
                    "id": "77497483",
                    "settings": {
                        "_column_size": 33,
                        "_inline_size": 10,
                        "_inline_size_tablet": 15,
                        "pa_condition_repeater": [
                            {
                                "_id": "fe4cd52"
                            }
                        ]
                    },
                    "elements": [
                        {
                            "id": "e89cbc0",
                            "settings": {
                                "pa_condition_repeater": [
                                    {
                                        "_id": "487743d"
                                    }
                                ],
                                "sticky": "top",
                                "sticky_parent": "yes"
                            },
                            "elements": [
                                {
                                    "id": "48fb596f",
                                    "settings": {
                                        "_column_size": 100,
                                        "_inline_size": null,
                                        "content_position_mobile": "center",
                                        "space_between_widgets_mobile": 0,
                                        "padding": {
                                            "unit": "em",
                                            "top": "1",
                                            "right": "1",
                                            "bottom": "1",
                                            "left": "1",
                                            "isLinked": true
                                        },
                                        "padding_mobile": {
                                            "unit": "px",
                                            "top": "0",
                                            "right": "0",
                                            "bottom": "0",
                                            "left": "0",
                                            "isLinked": false
                                        },
                                        "pa_condition_repeater": [
                                            {
                                                "_id": "61321ad"
                                            }
                                        ]
                                    },
                                    "elements": [
                                        {
                                            "id": "4252e610",
                                            "settings": {
                                                "title": "Share it",
                                                "header_size": "div",
                                                "align": "center",
                                                "_padding_mobile": {
                                                    "unit": "px",
                                                    "top": "5",
                                                    "right": "5",
                                                    "bottom": "5",
                                                    "left": "5",
                                                    "isLinked": true
                                                },
                                                "pa_condition_repeater": [
                                                    {
                                                        "_id": "a56e5d0"
                                                    }
                                                ],
                                                "_element_width_mobile": "initial",
                                                "_element_custom_width_mobile": {
                                                    "unit": "%",
                                                    "size": 30,
                                                    "sizes": []
                                                },
                                                "__globals__": {
                                                    "typography_typography": "globals\/typography?id=520c191"
                                                }
                                            },
                                            "elements": [],
                                            "isInner": false,
                                            "widgetType": "heading",
                                            "elType": "widget"
                                        },
                                        {
                                            "id": "2fe49944",
                                            "settings": {
                                                "share_buttons": [
                                                    {
                                                        "_id": "75d3224"
                                                    },
                                                    {
                                                        "button": "twitter",
                                                        "_id": "815661f"
                                                    },
                                                    {
                                                        "button": "linkedin",
                                                        "_id": "021267e"
                                                    }
                                                ],
                                                "view": "icon",
                                                "alignment": "center",
                                                "alignment_mobile": "right",
                                                "button_size_mobile": {
                                                    "unit": "px",
                                                    "size": 0.59999999999999997779553950749686919152736663818359375,
                                                    "sizes": []
                                                },
                                                "icon_size_mobile": {
                                                    "unit": "px",
                                                    "size": 14,
                                                    "sizes": []
                                                },
                                                "pa_condition_repeater": [
                                                    {
                                                        "_id": "c711d28"
                                                    }
                                                ],
                                                "_element_width_mobile": "initial",
                                                "_element_custom_width_mobile": {
                                                    "unit": "%",
                                                    "size": 70,
                                                    "sizes": []
                                                }
                                            },
                                            "elements": [],
                                            "isInner": false,
                                            "widgetType": "share-buttons",
                                            "elType": "widget"
                                        }
                                    ],
                                    "isInner": true,
                                    "elType": "column"
                                }
                            ],
                            "isInner": true,
                            "elType": "section"
                        }
                    ],
                    "isInner": false,
                    "elType": "column"
                },
                {
                    "id": "777ca999",
                    "settings": {
                        "_column_size": 33,
                        "_inline_size": 59.332999999999998408384271897375583648681640625,
                        "_inline_size_tablet": 85,
                        "padding": {
                            "unit": "em",
                            "top": "2",
                            "right": "2",
                            "bottom": "2",
                            "left": "2",
                            "isLinked": true
                        },
                        "pa_condition_repeater": [
                            {
                                "_id": "0d1d997"
                            }
                        ]
                    },
                    "elements": [
                        {
                            "id": "9bffe21",
                            "settings": {
                                "pa_condition_repeater": [
                                    {
                                        "_id": "5e0dd11"
                                    }
                                ]
                            },
                            "elements": [],
                            "isInner": false,
                            "widgetType": "theme-post-content",
                            "elType": "widget"
                        },
                        {
                            "id": "54c3ce83",
                            "settings": {
                                "author_name": "John Doe",
                                "author_name_tag": "h5",
                                "author_bio": "Lorem ipsum dolor sit amet consectetur adipiscing elit dolor",
                                "link_text": "All Posts",
                                "image_size": {
                                    "unit": "px",
                                    "size": 50,
                                    "sizes": []
                                },
                                "_padding": {
                                    "unit": "em",
                                    "top": "1",
                                    "right": "1",
                                    "bottom": "1",
                                    "left": "1",
                                    "isLinked": true
                                },
                                "pa_condition_repeater": [
                                    {
                                        "_id": "26bf2da"
                                    }
                                ],
                                "_background_background": "classic",
                                "__globals__": {
                                    "_background_color": "globals\/colors?id=308e809"
                                }
                            },
                            "elements": [],
                            "isInner": false,
                            "widgetType": "author-box",
                            "elType": "widget"
                        },
                        {
                            "id": "3bd1a276",
                            "settings": {
                                "_skin": "theme_comments",
                                "pa_condition_repeater": [
                                    {
                                        "_id": "706dc72"
                                    }
                                ]
                            },
                            "elements": [],
                            "isInner": false,
                            "widgetType": "post-comments",
                            "elType": "widget"
                        }
                    ],
                    "isInner": false,
                    "elType": "column"
                },
                {
                    "id": "314fe866",
                    "settings": {
                        "_column_size": 33,
                        "_inline_size": 30,
                        "_inline_size_tablet": 100,
                        "padding": {
                            "unit": "em",
                            "top": "2",
                            "right": "2",
                            "bottom": "2",
                            "left": "2",
                            "isLinked": true
                        },
                        "pa_condition_repeater": [
                            {
                                "_id": "13716b4"
                            }
                        ]
                    },
                    "elements": [
                        {
                            "id": "28065925",
                            "settings": {
                                "placeholder": "Search...",
                                "button_text": "Search",
                                "border_radius": {
                                    "unit": "px",
                                    "size": 0,
                                    "sizes": []
                                },
                                "pa_condition_repeater": [
                                    {
                                        "_id": "737a39e"
                                    }
                                ],
                                "__globals__": {
                                    "button_text_color": "globals\/colors?id=a291686",
                                    "button_background_color": "globals\/colors?id=a185853",
                                    "button_text_color_hover": "globals\/colors?id=a291686",
                                    "button_background_color_hover": "globals\/colors?id=bd7caca"
                                }
                            },
                            "elements": [],
                            "isInner": false,
                            "widgetType": "search-form",
                            "elType": "widget"
                        },
                        {
                            "id": "7e9b26a8",
                            "settings": {
                                "title": "Latest Post",
                                "header_size": "h4",
                                "pa_condition_repeater": [
                                    {
                                        "_id": "84a7c4a"
                                    }
                                ]
                            },
                            "elements": [],
                            "isInner": false,
                            "widgetType": "heading",
                            "elType": "widget"
                        },
                        {
                            "id": "68a2b51b",
                            "settings": {
                                "classic_columns": "1",
                                "classic_thumbnail": "left",
                                "classic_thumbnail_size_size": "full",
                                "classic_item_ratio": {
                                    "unit": "px",
                                    "size": 1,
                                    "sizes": []
                                },
                                "classic_item_ratio_mobile": {
                                    "unit": "px",
                                    "size": 1,
                                    "sizes": []
                                },
                                "classic_image_width": {
                                    "unit": "%",
                                    "size": 25,
                                    "sizes": []
                                },
                                "classic_image_width_mobile": {
                                    "unit": "%",
                                    "size": 25,
                                    "sizes": []
                                },
                                "classic_title_tag": "div",
                                "classic_show_excerpt": "",
                                "classic_meta_separator": ".",
                                "classic_show_read_more": "",
                                "classic_read_more_text": "Read More \u00bb",
                                "cards_meta_separator": "\u2022",
                                "cards_read_more_text": "Read More \u00bb",
                                "full_content_meta_separator": "\/\/\/",
                                "classic_column_gap": {
                                    "unit": "px",
                                    "size": 21,
                                    "sizes": []
                                },
                                "classic_row_gap": {
                                    "unit": "px",
                                    "size": 21,
                                    "sizes": []
                                },
                                "classic_image_spacing": {
                                    "unit": "px",
                                    "size": 14,
                                    "sizes": []
                                },
                                "classic_title_spacing": {
                                    "unit": "px",
                                    "size": 7,
                                    "sizes": []
                                },
                                "pagination_page_limit": "5",
                                "pagination_prev_label": "&laquo; Previous",
                                "pagination_next_label": "Next &raquo;",
                                "text": "Load More",
                                "load_more_no_posts_custom_message": "No more posts to show",
                                "pa_condition_repeater": [
                                    {
                                        "_id": "4574dff"
                                    }
                                ],
                                "__globals__": {
                                    "classic_title_typography_typography": "globals\/typography?id=520c191",
                                    "classic_meta_typography_typography": "globals\/typography?id=112b6c4",
                                    "classic_meta_color": "globals\/colors?id=a185853"
                                }
                            },
                            "elements": [],
                            "isInner": false,
                            "widgetType": "posts",
                            "elType": "widget"
                        }
                    ],
                    "isInner": false,
                    "elType": "column"
                }
            ],
            "isInner": false,
            "elType": "section"
        }
    ],
    "page_settings": {
        "eael_ext_toc_title": "Table of Contents"
    }
}