{
    "version": "0.4",
    "title": "Contact Us",
    "type": "page",
    "metadata": {
        "template_type": "single-page",
        "include_in_zip": "1",
        "elementor_pro_required": "1",
        "wp_page_template": "elementor_header_footer"
    },
    "content": [
        {
            "id": "4aa9242f",
            "settings": {
                "content_width": {
                    "unit": "px",
                    "size": 840,
                    "sizes": []
                },
                "background_background": "classic",
                "background_overlay_background": "classic",
                "background_overlay_image": {
                    "url": "https:\/\/show.moxcreative.com\/careera\/wp-content\/uploads\/sites\/22\/2021\/11\/background_header.png",
                    "id": 88,
                    "alt": "",
                    "source": "library"
                },
                "background_overlay_position": "center center",
                "background_overlay_position_mobile": "top right",
                "background_overlay_repeat": "no-repeat",
                "background_overlay_size": "cover",
                "background_overlay_opacity": {
                    "unit": "px",
                    "size": 0.1000000000000000055511151231257827021181583404541015625,
                    "sizes": []
                },
                "border_border": "solid",
                "border_width": {
                    "unit": "px",
                    "top": "0",
                    "right": "0",
                    "bottom": "1",
                    "left": "0",
                    "isLinked": false
                },
                "padding": {
                    "unit": "em",
                    "top": "4",
                    "right": "0",
                    "bottom": "4",
                    "left": "0",
                    "isLinked": false
                },
                "padding_mobile": {
                    "unit": "em",
                    "top": "2",
                    "right": "0",
                    "bottom": "2",
                    "left": "0",
                    "isLinked": false
                },
                "pa_condition_repeater": [
                    {
                        "_id": "c355325"
                    }
                ],
                "__globals__": {
                    "border_color": "globals\/colors?id=308e809",
                    "background_color": "globals\/colors?id=dea41e4"
                }
            },
            "elements": [
                {
                    "id": "21a99e6b",
                    "settings": {
                        "_column_size": 100,
                        "_inline_size": null,
                        "padding": {
                            "unit": "em",
                            "top": "3",
                            "right": "3",
                            "bottom": "3",
                            "left": "3",
                            "isLinked": true
                        },
                        "pa_condition_repeater": [
                            {
                                "_id": "8e5ecbb"
                            }
                        ]
                    },
                    "elements": [
                        {
                            "id": "df253a5",
                            "settings": {
                                "title": "Blog",
                                "header_size": "h1",
                                "align": "center",
                                "pa_condition_repeater": [
                                    {
                                        "_id": "308634b"
                                    }
                                ],
                                "__globals__": {
                                    "title_color": "globals\/colors?id=a291686"
                                },
                                "__dynamic__": {
                                    "title": "[elementor-tag id=\"44369d2\" name=\"post-title\" settings=\"%7B%7D\"]"
                                }
                            },
                            "elements": [],
                            "isInner": false,
                            "widgetType": "heading",
                            "elType": "widget"
                        },
                        {
                            "id": "23a22ae",
                            "settings": {
                                "title": "Feel free to keep in touch",
                                "header_size": "h4",
                                "align": "center",
                                "pa_condition_repeater": [
                                    {
                                        "_id": "1881094"
                                    }
                                ],
                                "__dynamic__": [],
                                "__globals__": {
                                    "title_color": "globals\/colors?id=a291686"
                                }
                            },
                            "elements": [],
                            "isInner": false,
                            "widgetType": "heading",
                            "elType": "widget"
                        }
                    ],
                    "isInner": false,
                    "elType": "column"
                }
            ],
            "isInner": false,
            "elType": "section"
        },
        {
            "id": "552d29f6",
            "settings": {
                "structure": "20",
                "padding": {
                    "unit": "em",
                    "top": "7",
                    "right": "0",
                    "bottom": "7",
                    "left": "0",
                    "isLinked": false
                },
                "pa_condition_repeater": [
                    {
                        "_id": "dedc646"
                    }
                ],
                "padding_tablet": {
                    "unit": "em",
                    "top": "3",
                    "right": "1",
                    "bottom": "3",
                    "left": "1",
                    "isLinked": false
                },
                "padding_mobile": {
                    "unit": "em",
                    "top": "0",
                    "right": "0",
                    "bottom": "0",
                    "left": "0",
                    "isLinked": false
                }
            },
            "elements": [
                {
                    "id": "62bc0978",
                    "settings": {
                        "_column_size": 50,
                        "_inline_size": 65,
                        "padding": {
                            "unit": "em",
                            "top": "3",
                            "right": "3",
                            "bottom": "3",
                            "left": "3",
                            "isLinked": true
                        },
                        "pa_condition_repeater": [
                            {
                                "_id": "f9fb52e"
                            }
                        ],
                        "_inline_size_tablet": 60,
                        "padding_tablet": {
                            "unit": "em",
                            "top": "2",
                            "right": "2",
                            "bottom": "2",
                            "left": "2",
                            "isLinked": true
                        },
                        "padding_mobile": {
                            "unit": "em",
                            "top": "2",
                            "right": "2",
                            "bottom": "2",
                            "left": "2",
                            "isLinked": true
                        }
                    },
                    "elements": [
                        {
                            "id": "4de64dee",
                            "settings": {
                                "title": "Send us a Message",
                                "header_size": "h6",
                                "pa_condition_repeater": [
                                    {
                                        "_id": "e481aff"
                                    }
                                ]
                            },
                            "elements": [],
                            "isInner": false,
                            "widgetType": "heading",
                            "elType": "widget"
                        },
                        {
                            "id": "2ce511f9",
                            "settings": {
                                "title": "Let's talk ",
                                "pa_condition_repeater": [
                                    {
                                        "_id": "6c857bb"
                                    }
                                ]
                            },
                            "elements": [],
                            "isInner": false,
                            "widgetType": "heading",
                            "elType": "widget"
                        },
                        {
                            "id": "1b47cb8a",
                            "settings": {
                                "form_name": "New Form",
                                "form_fields": [
                                    {
                                        "custom_id": "name",
                                        "field_label": "Name",
                                        "placeholder": "Name",
                                        "width": "50",
                                        "_id": "7282979"
                                    },
                                    {
                                        "custom_id": "field_60250a1",
                                        "field_label": "Company",
                                        "placeholder": "Company",
                                        "width": "50",
                                        "_id": "60250a1"
                                    },
                                    {
                                        "custom_id": "email",
                                        "field_type": "tel",
                                        "required": "true",
                                        "field_label": "Phone",
                                        "placeholder": "Phone",
                                        "width": "50",
                                        "_id": "12cb3d6"
                                    },
                                    {
                                        "custom_id": "field_63e1998",
                                        "field_type": "email",
                                        "required": "true",
                                        "field_label": "Email",
                                        "placeholder": "Email",
                                        "width": "50",
                                        "_id": "63e1998"
                                    },
                                    {
                                        "custom_id": "field_c763a4e",
                                        "field_label": "Subject",
                                        "placeholder": "Subject",
                                        "width": "",
                                        "_id": "c763a4e"
                                    },
                                    {
                                        "custom_id": "message",
                                        "field_type": "textarea",
                                        "field_label": "Message",
                                        "placeholder": "Message",
                                        "_id": "b87543b"
                                    }
                                ],
                                "input_size": "md",
                                "button_size": "md",
                                "step_next_label": "Next",
                                "step_previous_label": "Previous",
                                "button_text": "Send Message",
                                "selected_button_icon": {
                                    "value": "fas fa-envelope",
                                    "library": "fa-solid"
                                },
                                "email_content": "[all-fields]",
                                "email_content_2": "[all-fields]",
                                "success_message": "The form was sent successfully.",
                                "error_message": "An error occurred.",
                                "required_field_message": "This field is required.",
                                "invalid_message": "There's something wrong. The form is invalid.",
                                "field_background_color": "",
                                "button_text_color": "",
                                "previous_button_text_color": "",
                                "button_hover_color": "",
                                "previous_button_text_color_hover": "",
                                "pa_condition_repeater": [
                                    {
                                        "_id": "d014f8f"
                                    }
                                ]
                            },
                            "elements": [],
                            "isInner": false,
                            "widgetType": "form",
                            "elType": "widget"
                        }
                    ],
                    "isInner": false,
                    "elType": "column"
                },
                {
                    "id": "4eb4d9e3",
                    "settings": {
                        "_column_size": 50,
                        "_inline_size": 35,
                        "background_background": "classic",
                        "background_overlay_background": "classic",
                        "background_overlay_image": {
                            "url": "https:\/\/show.moxcreative.com\/careera\/wp-content\/uploads\/sites\/22\/2021\/11\/bg_memphis.png",
                            "id": 133,
                            "alt": "",
                            "source": "library"
                        },
                        "background_overlay_position": "bottom right",
                        "background_overlay_repeat": "no-repeat",
                        "padding": {
                            "unit": "em",
                            "top": "3",
                            "right": "3",
                            "bottom": "3",
                            "left": "3",
                            "isLinked": true
                        },
                        "pa_condition_repeater": [
                            {
                                "_id": "4b7cb4f"
                            }
                        ],
                        "__globals__": {
                            "background_color": "globals\/colors?id=308e809",
                            "background_color_b": "globals\/colors?id=bd7caca"
                        },
                        "_inline_size_tablet": 40,
                        "padding_tablet": {
                            "unit": "em",
                            "top": "2",
                            "right": "2",
                            "bottom": "2",
                            "left": "2",
                            "isLinked": true
                        },
                        "padding_mobile": {
                            "unit": "em",
                            "top": "2",
                            "right": "2",
                            "bottom": "2",
                            "left": "2",
                            "isLinked": true
                        }
                    },
                    "elements": [
                        {
                            "id": "1ea574ff",
                            "settings": {
                                "title": "Get in touch.",
                                "pa_condition_repeater": [
                                    {
                                        "_id": "d584445"
                                    }
                                ]
                            },
                            "elements": [],
                            "isInner": false,
                            "widgetType": "heading",
                            "elType": "widget"
                        },
                        {
                            "id": "67f8f2aa",
                            "settings": {
                                "editor": "<p>Lorem ipsum dolor sit amet, consectetur adipiscing elit.\u00a0<\/p>",
                                "pa_condition_repeater": [
                                    {
                                        "_id": "19127d9"
                                    }
                                ]
                            },
                            "elements": [],
                            "isInner": false,
                            "widgetType": "text-editor",
                            "elType": "widget"
                        },
                        {
                            "id": "58e256d6",
                            "settings": {
                                "width": {
                                    "unit": "px",
                                    "size": 50,
                                    "sizes": []
                                },
                                "text": "Divider",
                                "weight": {
                                    "unit": "px",
                                    "size": 3,
                                    "sizes": []
                                },
                                "gap": {
                                    "unit": "px",
                                    "size": 0,
                                    "sizes": []
                                },
                                "pa_condition_repeater": [
                                    {
                                        "_id": "c49b0bb"
                                    }
                                ],
                                "__globals__": {
                                    "color": "globals\/colors?id=a185853"
                                }
                            },
                            "elements": [],
                            "isInner": false,
                            "widgetType": "divider",
                            "elType": "widget"
                        },
                        {
                            "id": "4125f0af",
                            "settings": {
                                "ekit_icon_box_enable_header_icon": "none",
                                "ekit_icon_box_title_text": "Address",
                                "ekit_icon_box_description_text": "Jln cempaka wangi No 22, Jakarta - Indonesia",
                                "ekit_icon_box_btn_text": "Learn more ",
                                "ekit_icon_box_show_global_link": "",
                                "ekit_icon_box_text_align_responsive": "left",
                                "ekit_icon_box_title_size": "div",
                                "ekit_icon_box_badge_title": "EXCLUSIVE",
                                "ekit_icon_box_infobox_bg_group_background": "classic",
                                "ekit_icon_box_infobox_bg_group_color": "#02010100",
                                "ekit_icon_box_infobox_bg_padding": {
                                    "unit": "px",
                                    "top": "0",
                                    "right": "0",
                                    "bottom": "0",
                                    "left": "0",
                                    "isLinked": false
                                },
                                "ekit_icon_box_iocnbox_border_group_border": "solid",
                                "ekit_icon_box_iocnbox_border_group_width": {
                                    "unit": "px",
                                    "top": "0",
                                    "right": "0",
                                    "bottom": "0",
                                    "left": "0",
                                    "isLinked": true
                                },
                                "ekit_icon_box_infobox_border_radious": {
                                    "unit": "px",
                                    "top": "0",
                                    "right": "0",
                                    "bottom": "0",
                                    "left": "0",
                                    "isLinked": true
                                },
                                "ekit_icon_title_bottom_space": {
                                    "unit": "px",
                                    "top": "0",
                                    "right": "0",
                                    "bottom": "7",
                                    "left": "0",
                                    "isLinked": false,
                                    "size": "20"
                                },
                                "ekit_icon_title_color_hover": "",
                                "ekit_icon_description_color": "",
                                "ekit_icon_description_color_hover": "",
                                "pa_condition_repeater": [
                                    {
                                        "_id": "7d6e14b"
                                    }
                                ],
                                "__globals__": {
                                    "ekit_icon_title_typography_group_typography": "globals\/typography?id=7044a64",
                                    "ekit_icon_title_color": "globals\/colors?id=a185853"
                                }
                            },
                            "elements": [],
                            "isInner": false,
                            "widgetType": "elementskit-icon-box",
                            "elType": "widget"
                        },
                        {
                            "id": "1d6ddd0c",
                            "settings": {
                                "ekit_icon_box_enable_header_icon": "none",
                                "ekit_icon_box_title_text": "Call Us",
                                "ekit_icon_box_description_text": "+6221 2002-2012",
                                "ekit_icon_box_btn_text": "Learn more ",
                                "ekit_icon_box_show_global_link": "",
                                "ekit_icon_box_text_align_responsive": "left",
                                "ekit_icon_box_title_size": "div",
                                "ekit_icon_box_badge_title": "EXCLUSIVE",
                                "ekit_icon_box_infobox_bg_group_background": "classic",
                                "ekit_icon_box_infobox_bg_group_color": "#02010100",
                                "ekit_icon_box_infobox_bg_padding": {
                                    "unit": "px",
                                    "top": "0",
                                    "right": "0",
                                    "bottom": "0",
                                    "left": "0",
                                    "isLinked": false
                                },
                                "ekit_icon_box_iocnbox_border_group_border": "solid",
                                "ekit_icon_box_iocnbox_border_group_width": {
                                    "unit": "px",
                                    "top": "0",
                                    "right": "0",
                                    "bottom": "0",
                                    "left": "0",
                                    "isLinked": true
                                },
                                "ekit_icon_box_infobox_border_radious": {
                                    "unit": "px",
                                    "top": "0",
                                    "right": "0",
                                    "bottom": "0",
                                    "left": "0",
                                    "isLinked": true
                                },
                                "ekit_icon_title_bottom_space": {
                                    "unit": "px",
                                    "top": "0",
                                    "right": "0",
                                    "bottom": "7",
                                    "left": "0",
                                    "isLinked": false,
                                    "size": "20"
                                },
                                "ekit_icon_title_color_hover": "",
                                "ekit_icon_description_color": "",
                                "ekit_icon_description_color_hover": "",
                                "pa_condition_repeater": [
                                    {
                                        "_id": "7d6e14b"
                                    }
                                ],
                                "__globals__": {
                                    "ekit_icon_title_typography_group_typography": "globals\/typography?id=7044a64",
                                    "ekit_icon_title_color": "globals\/colors?id=a185853"
                                }
                            },
                            "elements": [],
                            "isInner": false,
                            "widgetType": "elementskit-icon-box",
                            "elType": "widget"
                        },
                        {
                            "id": "488dd9af",
                            "settings": {
                                "ekit_icon_box_enable_header_icon": "none",
                                "ekit_icon_box_title_text": "Email Us",
                                "ekit_icon_box_description_text": "support@yourdomain.tld<\/br>\nsales@yourdomain.tld",
                                "ekit_icon_box_btn_text": "Learn more ",
                                "ekit_icon_box_show_global_link": "",
                                "ekit_icon_box_text_align_responsive": "left",
                                "ekit_icon_box_title_size": "div",
                                "ekit_icon_box_badge_title": "EXCLUSIVE",
                                "ekit_icon_box_infobox_bg_group_background": "classic",
                                "ekit_icon_box_infobox_bg_group_color": "#02010100",
                                "ekit_icon_box_infobox_bg_padding": {
                                    "unit": "px",
                                    "top": "0",
                                    "right": "0",
                                    "bottom": "0",
                                    "left": "0",
                                    "isLinked": false
                                },
                                "ekit_icon_box_iocnbox_border_group_border": "solid",
                                "ekit_icon_box_iocnbox_border_group_width": {
                                    "unit": "px",
                                    "top": "0",
                                    "right": "0",
                                    "bottom": "0",
                                    "left": "0",
                                    "isLinked": true
                                },
                                "ekit_icon_box_infobox_border_radious": {
                                    "unit": "px",
                                    "top": "0",
                                    "right": "0",
                                    "bottom": "0",
                                    "left": "0",
                                    "isLinked": true
                                },
                                "ekit_icon_title_bottom_space": {
                                    "unit": "px",
                                    "top": "0",
                                    "right": "0",
                                    "bottom": "7",
                                    "left": "0",
                                    "isLinked": false,
                                    "size": "20"
                                },
                                "ekit_icon_title_color_hover": "",
                                "ekit_icon_description_color": "",
                                "ekit_icon_description_color_hover": "",
                                "pa_condition_repeater": [
                                    {
                                        "_id": "7d6e14b"
                                    }
                                ],
                                "__globals__": {
                                    "ekit_icon_title_typography_group_typography": "globals\/typography?id=7044a64",
                                    "ekit_icon_title_color": "globals\/colors?id=a185853"
                                }
                            },
                            "elements": [],
                            "isInner": false,
                            "widgetType": "elementskit-icon-box",
                            "elType": "widget"
                        },
                        {
                            "id": "3f56b5c9",
                            "settings": {
                                "editor": "<p>For more information or any spesific questions, you can contact us directly by phone or you can visit our help center page.<\/p>",
                                "pa_condition_repeater": [
                                    {
                                        "_id": "320c53d"
                                    }
                                ],
                                "__globals__": {
                                    "typography_typography": "globals\/typography?id=69c152f"
                                }
                            },
                            "elements": [],
                            "isInner": false,
                            "widgetType": "text-editor",
                            "elType": "widget"
                        }
                    ],
                    "isInner": false,
                    "elType": "column"
                }
            ],
            "isInner": false,
            "elType": "section"
        },
        {
            "id": "12f59e46",
            "settings": {
                "layout": "full_width",
                "gap": "no",
                "pa_condition_repeater": [
                    {
                        "_id": "c40493c"
                    }
                ]
            },
            "elements": [
                {
                    "id": "247512e5",
                    "settings": {
                        "_column_size": 100,
                        "_inline_size": null,
                        "pa_condition_repeater": [
                            {
                                "_id": "4cd1a91"
                            }
                        ]
                    },
                    "elements": [
                        {
                            "id": "5134e18c",
                            "settings": {
                                "address": "London Eye, London, United Kingdom",
                                "zoom": {
                                    "unit": "px",
                                    "size": 12,
                                    "sizes": []
                                },
                                "height": {
                                    "unit": "px",
                                    "size": 400,
                                    "sizes": []
                                },
                                "pa_condition_repeater": [
                                    {
                                        "_id": "12904f4"
                                    }
                                ],
                                "height_tablet": {
                                    "unit": "px",
                                    "size": 350,
                                    "sizes": []
                                },
                                "height_mobile": {
                                    "unit": "px",
                                    "size": 350,
                                    "sizes": []
                                }
                            },
                            "elements": [],
                            "isInner": false,
                            "widgetType": "google_maps",
                            "elType": "widget"
                        }
                    ],
                    "isInner": false,
                    "elType": "column"
                }
            ],
            "isInner": false,
            "elType": "section"
        }
    ],
    "page_settings": {
        "eael_ext_toc_title": "Table of Contents",
        "template": "elementor_header_footer"
    }
}