{
    "version": "0.4",
    "title": "Detail Job",
    "type": "page",
    "metadata": {
        "template_type": "single-page",
        "include_in_zip": "1",
        "elementor_pro_required": "1",
        "wp_page_template": "elementor_header_footer"
    },
    "content": [
        {
            "id": "5a2d132",
            "settings": {
                "structure": "20",
                "background_background": "classic",
                "background_overlay_background": "classic",
                "background_overlay_image": {
                    "url": "https:\/\/show.moxcreative.com\/careera\/wp-content\/uploads\/sites\/22\/2021\/11\/working-day-in-office-.jpg",
                    "id": 547,
                    "alt": "Working day in office.",
                    "source": "library"
                },
                "background_overlay_position": "center center",
                "background_overlay_repeat": "no-repeat",
                "background_overlay_size": "cover",
                "padding": {
                    "unit": "em",
                    "top": "7",
                    "right": "0",
                    "bottom": "7",
                    "left": "0",
                    "isLinked": false
                },
                "padding_mobile": {
                    "unit": "em",
                    "top": "3",
                    "right": "0",
                    "bottom": "3",
                    "left": "0",
                    "isLinked": false
                },
                "pa_condition_repeater": [
                    {
                        "_id": "8ae1458"
                    }
                ],
                "__globals__": {
                    "background_color": "globals\/colors?id=dea41e4"
                }
            },
            "elements": [
                {
                    "id": "5a85d220",
                    "settings": {
                        "_column_size": 50,
                        "_inline_size": null,
                        "padding": {
                            "unit": "em",
                            "top": "3",
                            "right": "3",
                            "bottom": "3",
                            "left": "3",
                            "isLinked": true
                        },
                        "padding_mobile": {
                            "unit": "em",
                            "top": "2",
                            "right": "2",
                            "bottom": "2",
                            "left": "2",
                            "isLinked": true
                        },
                        "pa_condition_repeater": [
                            {
                                "_id": "aac1122"
                            }
                        ]
                    },
                    "elements": [
                        {
                            "id": "4bb2b113",
                            "settings": {
                                "title": "Legal Contracting Specialist.",
                                "pa_condition_repeater": [
                                    {
                                        "_id": "6117940"
                                    }
                                ],
                                "__globals__": {
                                    "title_color": "globals\/colors?id=a291686"
                                }
                            },
                            "elements": [],
                            "isInner": false,
                            "widgetType": "heading",
                            "elType": "widget"
                        },
                        {
                            "id": "28204fc7",
                            "settings": {
                                "text": "Apply Now",
                                "pa_condition_repeater": [
                                    {
                                        "_id": "c78e5bd"
                                    }
                                ]
                            },
                            "elements": [],
                            "isInner": false,
                            "widgetType": "button",
                            "elType": "widget"
                        }
                    ],
                    "isInner": false,
                    "elType": "column"
                },
                {
                    "id": "3ec17bdf",
                    "settings": {
                        "_column_size": 50,
                        "_inline_size": null,
                        "pa_condition_repeater": [
                            {
                                "_id": "aac1122"
                            }
                        ],
                        "hide_mobile": "hidden-mobile"
                    },
                    "elements": [],
                    "isInner": false,
                    "elType": "column"
                }
            ],
            "isInner": false,
            "elType": "section"
        },
        {
            "id": "3a07545b",
            "settings": {
                "structure": "20",
                "padding": {
                    "unit": "em",
                    "top": "3",
                    "right": "0",
                    "bottom": "7",
                    "left": "0",
                    "isLinked": false
                },
                "padding_mobile": {
                    "unit": "em",
                    "top": "0",
                    "right": "0",
                    "bottom": "0",
                    "left": "0",
                    "isLinked": false
                },
                "pa_condition_repeater": [
                    {
                        "_id": "c5693c3"
                    }
                ]
            },
            "elements": [
                {
                    "id": "29734301",
                    "settings": {
                        "_column_size": 50,
                        "_inline_size": 65,
                        "padding": {
                            "unit": "em",
                            "top": "3",
                            "right": "3",
                            "bottom": "3",
                            "left": "3",
                            "isLinked": true
                        },
                        "padding_tablet": {
                            "unit": "em",
                            "top": "2",
                            "right": "2",
                            "bottom": "2",
                            "left": "2",
                            "isLinked": true
                        },
                        "padding_mobile": {
                            "unit": "em",
                            "top": "2",
                            "right": "2",
                            "bottom": "2",
                            "left": "2",
                            "isLinked": true
                        },
                        "pa_condition_repeater": [
                            {
                                "_id": "563e325"
                            }
                        ]
                    },
                    "elements": [
                        {
                            "id": "7f37bafe",
                            "settings": {
                                "structure": "20",
                                "background_background": "classic",
                                "margin": {
                                    "unit": "em",
                                    "top": "0",
                                    "right": 0,
                                    "bottom": "2",
                                    "left": 0,
                                    "isLinked": false
                                },
                                "padding": {
                                    "unit": "em",
                                    "top": "2",
                                    "right": "1",
                                    "bottom": "2",
                                    "left": "1",
                                    "isLinked": false
                                },
                                "pa_condition_repeater": [
                                    {
                                        "_id": "63e2f9d"
                                    }
                                ],
                                "__globals__": {
                                    "background_color": "globals\/colors?id=308e809"
                                }
                            },
                            "elements": [
                                {
                                    "id": "389edec",
                                    "settings": {
                                        "_column_size": 50,
                                        "_inline_size": null,
                                        "pa_condition_repeater": [
                                            {
                                                "_id": "31b1bd8"
                                            }
                                        ]
                                    },
                                    "elements": [
                                        {
                                            "id": "580e7650",
                                            "settings": {
                                                "icon_list": [
                                                    {
                                                        "text": "Size: 1,001 - 5,000 employees",
                                                        "selected_icon": {
                                                            "value": "icon icon-users",
                                                            "library": "ekiticons"
                                                        },
                                                        "_id": "b1c0ac8"
                                                    },
                                                    {
                                                        "text": "Industry: Healthcare, Insurance",
                                                        "selected_icon": {
                                                            "value": "icon icon-briefcase-1",
                                                            "library": "ekiticons"
                                                        },
                                                        "_id": "88181bf"
                                                    }
                                                ],
                                                "space_between": {
                                                    "unit": "px",
                                                    "size": 7,
                                                    "sizes": []
                                                },
                                                "icon_size": {
                                                    "unit": "px",
                                                    "size": 21,
                                                    "sizes": []
                                                },
                                                "pa_condition_repeater": [
                                                    {
                                                        "_id": "9b5324f"
                                                    }
                                                ],
                                                "__globals__": {
                                                    "icon_color": "globals\/colors?id=a185853",
                                                    "icon_typography_typography": "globals\/typography?id=b2ce6af"
                                                }
                                            },
                                            "elements": [],
                                            "isInner": false,
                                            "widgetType": "icon-list",
                                            "elType": "widget"
                                        }
                                    ],
                                    "isInner": true,
                                    "elType": "column"
                                },
                                {
                                    "id": "4ff8420c",
                                    "settings": {
                                        "_column_size": 50,
                                        "_inline_size": null,
                                        "pa_condition_repeater": [
                                            {
                                                "_id": "7930beb"
                                            }
                                        ]
                                    },
                                    "elements": [
                                        {
                                            "id": "5ac9734c",
                                            "settings": {
                                                "icon_list": [
                                                    {
                                                        "text": "Full-Time",
                                                        "selected_icon": {
                                                            "value": "icon icon-calendar-page-empty",
                                                            "library": "ekiticons"
                                                        },
                                                        "_id": "b1c0ac8"
                                                    },
                                                    {
                                                        "text": "Any Experience Welcomed",
                                                        "selected_icon": {
                                                            "value": "icon icon-Helmet",
                                                            "library": "ekiticons"
                                                        },
                                                        "_id": "88181bf"
                                                    }
                                                ],
                                                "space_between": {
                                                    "unit": "px",
                                                    "size": 7,
                                                    "sizes": []
                                                },
                                                "icon_size": {
                                                    "unit": "px",
                                                    "size": 21,
                                                    "sizes": []
                                                },
                                                "pa_condition_repeater": [
                                                    {
                                                        "_id": "9b5324f"
                                                    }
                                                ],
                                                "__globals__": {
                                                    "icon_color": "globals\/colors?id=a185853",
                                                    "icon_typography_typography": "globals\/typography?id=b2ce6af"
                                                }
                                            },
                                            "elements": [],
                                            "isInner": false,
                                            "widgetType": "icon-list",
                                            "elType": "widget"
                                        }
                                    ],
                                    "isInner": true,
                                    "elType": "column"
                                }
                            ],
                            "isInner": true,
                            "elType": "section"
                        },
                        {
                            "id": "43703814",
                            "settings": {
                                "title": "Descriptions",
                                "header_size": "h3",
                                "pa_condition_repeater": [
                                    {
                                        "_id": "5714c91"
                                    }
                                ]
                            },
                            "elements": [],
                            "isInner": false,
                            "widgetType": "heading",
                            "elType": "widget"
                        },
                        {
                            "id": "4b444a37",
                            "settings": {
                                "editor": "<p>Phasellus ridiculus torquent purus posuere cras. Fermentum nullam ac nascetur. Metus aptent donec quis. Integer netus proin efficitur quam convallis. Facilisi hendrerit nisi semper gravida ultrices. Aenean tristique eros maecenas mattis. Vel felis auctor blandit bibendum letius.<\/p><p>Ligula molestie elementum primis nam vestibulum nibh. Vestibulum lobortis nec erat libero id. Vel eget blandit penatibus. Malesuada feugiat vehicula fermentum tincidunt facilisis enim placerat. Euismod augue id tortor tristique.<\/p>",
                                "pa_condition_repeater": [
                                    {
                                        "_id": "ce88eec"
                                    }
                                ]
                            },
                            "elements": [],
                            "isInner": false,
                            "widgetType": "text-editor",
                            "elType": "widget"
                        },
                        {
                            "id": "1030405f",
                            "settings": {
                                "title": "Duties & Responsibilities:",
                                "header_size": "h4",
                                "pa_condition_repeater": [
                                    {
                                        "_id": "03f0243"
                                    }
                                ]
                            },
                            "elements": [],
                            "isInner": false,
                            "widgetType": "heading",
                            "elType": "widget"
                        },
                        {
                            "id": "12f1cf71",
                            "settings": {
                                "icon_list": [
                                    {
                                        "text": "Pede odio luctus tempus laoreet dignissim nisi facilisis aliquam",
                                        "_id": "3836f1a"
                                    },
                                    {
                                        "text": "Cras elementum feugiat ad rutrum",
                                        "_id": "168836d"
                                    },
                                    {
                                        "text": "Eget id natoque letius lobortis magna",
                                        "_id": "c0568a6"
                                    },
                                    {
                                        "text": "Fames integer hendrerit rutrum metus himenaeos senectus donec",
                                        "_id": "aca1df4"
                                    },
                                    {
                                        "text": "Dolor commodo bibendum tellus",
                                        "_id": "ab63806"
                                    }
                                ],
                                "space_between": {
                                    "unit": "px",
                                    "size": 7,
                                    "sizes": []
                                },
                                "pa_condition_repeater": [
                                    {
                                        "_id": "8356dab"
                                    }
                                ],
                                "__globals__": {
                                    "icon_color": "globals\/colors?id=a185853"
                                }
                            },
                            "elements": [],
                            "isInner": false,
                            "widgetType": "icon-list",
                            "elType": "widget"
                        },
                        {
                            "id": "4cf6a2cd",
                            "settings": {
                                "title": "Minimum Qualifications:",
                                "header_size": "h4",
                                "pa_condition_repeater": [
                                    {
                                        "_id": "03f0243"
                                    }
                                ]
                            },
                            "elements": [],
                            "isInner": false,
                            "widgetType": "heading",
                            "elType": "widget"
                        },
                        {
                            "id": "1c458579",
                            "settings": {
                                "icon_list": [
                                    {
                                        "text": "Pede odio luctus tempus laoreet dignissim nisi facilisis aliquam",
                                        "_id": "3836f1a"
                                    },
                                    {
                                        "text": "Cras elementum feugiat ad rutrum",
                                        "_id": "168836d"
                                    },
                                    {
                                        "text": "Eget id natoque letius lobortis magna",
                                        "_id": "c0568a6"
                                    },
                                    {
                                        "text": "Fames integer hendrerit rutrum metus himenaeos senectus donec",
                                        "_id": "aca1df4"
                                    },
                                    {
                                        "text": "Dolor commodo bibendum tellus",
                                        "_id": "ab63806"
                                    },
                                    {
                                        "text": "Potenti volutpat congue penatibus auctor porttitor urna conubia parturient",
                                        "_id": "d780bfc"
                                    }
                                ],
                                "space_between": {
                                    "unit": "px",
                                    "size": 7,
                                    "sizes": []
                                },
                                "pa_condition_repeater": [
                                    {
                                        "_id": "8356dab"
                                    }
                                ],
                                "__globals__": {
                                    "icon_color": "globals\/colors?id=a185853"
                                }
                            },
                            "elements": [],
                            "isInner": false,
                            "widgetType": "icon-list",
                            "elType": "widget"
                        },
                        {
                            "id": "64bd76c7",
                            "settings": {
                                "title": "Preferred Qualifications:",
                                "header_size": "h4",
                                "pa_condition_repeater": [
                                    {
                                        "_id": "03f0243"
                                    }
                                ]
                            },
                            "elements": [],
                            "isInner": false,
                            "widgetType": "heading",
                            "elType": "widget"
                        },
                        {
                            "id": "5f77ff79",
                            "settings": {
                                "icon_list": [
                                    {
                                        "text": "Pede odio luctus tempus laoreet dignissim nisi facilisis aliquam",
                                        "_id": "3836f1a"
                                    },
                                    {
                                        "text": "Eget id natoque letius lobortis magna",
                                        "_id": "c0568a6"
                                    }
                                ],
                                "space_between": {
                                    "unit": "px",
                                    "size": 7,
                                    "sizes": []
                                },
                                "pa_condition_repeater": [
                                    {
                                        "_id": "8356dab"
                                    }
                                ],
                                "__globals__": {
                                    "icon_color": "globals\/colors?id=a185853"
                                }
                            },
                            "elements": [],
                            "isInner": false,
                            "widgetType": "icon-list",
                            "elType": "widget"
                        }
                    ],
                    "isInner": false,
                    "elType": "column"
                },
                {
                    "id": "474f0191",
                    "settings": {
                        "_column_size": 50,
                        "_inline_size": 35,
                        "background_background": "classic",
                        "box_shadow_box_shadow": {
                            "horizontal": 0,
                            "vertical": 10,
                            "blur": 30,
                            "spread": 0,
                            "color": "rgba(0, 0, 0, 0.15)"
                        },
                        "margin": {
                            "unit": "em",
                            "top": "-10",
                            "right": "0",
                            "bottom": "0",
                            "left": "0",
                            "isLinked": false
                        },
                        "margin_mobile": {
                            "unit": "px",
                            "top": "0",
                            "right": "0",
                            "bottom": "0",
                            "left": "0",
                            "isLinked": true
                        },
                        "padding": {
                            "unit": "em",
                            "top": "1",
                            "right": "1",
                            "bottom": "1",
                            "left": "1",
                            "isLinked": true
                        },
                        "padding_tablet": {
                            "unit": "px",
                            "top": "0",
                            "right": "0",
                            "bottom": "0",
                            "left": "0",
                            "isLinked": true
                        },
                        "pa_condition_repeater": [
                            {
                                "_id": "563e325"
                            }
                        ],
                        "__globals__": {
                            "background_color": ""
                        }
                    },
                    "elements": [
                        {
                            "id": "1c789a17",
                            "settings": {
                                "background_background": "classic",
                                "box_shadow_box_shadow_type": "yes",
                                "box_shadow_box_shadow": {
                                    "horizontal": 0,
                                    "vertical": 10,
                                    "blur": 30,
                                    "spread": 0,
                                    "color": "rgba(0, 0, 0, 0.15)"
                                },
                                "pa_condition_repeater": [
                                    {
                                        "_id": "7c93cb3"
                                    }
                                ],
                                "__globals__": {
                                    "background_color": "globals\/colors?id=a291686"
                                }
                            },
                            "elements": [
                                {
                                    "id": "273f6cbd",
                                    "settings": {
                                        "_column_size": 100,
                                        "_inline_size": null,
                                        "space_between_widgets": 0,
                                        "padding": {
                                            "unit": "em",
                                            "top": "1",
                                            "right": "1",
                                            "bottom": "1",
                                            "left": "1",
                                            "isLinked": true
                                        },
                                        "pa_condition_repeater": [
                                            {
                                                "_id": "da88454"
                                            }
                                        ]
                                    },
                                    "elements": [
                                        {
                                            "id": "c1fde07",
                                            "settings": {
                                                "ekit_icon_box_enable_header_icon": "image",
                                                "ekit_icon_box_header_image": {
                                                    "url": "https:\/\/show.moxcreative.com\/careera\/wp-content\/uploads\/sites\/22\/2021\/11\/fox-hub.png",
                                                    "id": 420,
                                                    "alt": "",
                                                    "source": "library"
                                                },
                                                "ekit_icon_box_title_text": "Fox HUB Co.",
                                                "ekit_icon_box_description_text": "Pellentesque convallis curae nisi platea accumsan sociosqu dui urna amet suscipit nascetur",
                                                "ekit_icon_box_enable_btn": "yes",
                                                "ekit_icon_box_btn_text": "Apply Now",
                                                "ekit_icon_box_badge_control": "",
                                                "ekit_icon_box_badge_title": "Remote",
                                                "ekit_icon_box_infobox_bg_group_background": "classic",
                                                "ekit_icon_box_infobox_bg_padding": {
                                                    "unit": "em",
                                                    "top": "4",
                                                    "right": "2",
                                                    "bottom": "3",
                                                    "left": "2",
                                                    "isLinked": false
                                                },
                                                "ekit_icon_box_infobox_box_shadow_group_box_shadow": {
                                                    "horizontal": 0,
                                                    "vertical": 10,
                                                    "blur": 20,
                                                    "spread": 0,
                                                    "color": "rgba(0, 0, 0, 0.15)"
                                                },
                                                "ekit_icon_box_iocnbox_border_group_border": "solid",
                                                "ekit_icon_box_iocnbox_border_group_width": {
                                                    "unit": "px",
                                                    "top": "0",
                                                    "right": "0",
                                                    "bottom": "0",
                                                    "left": "0",
                                                    "isLinked": true
                                                },
                                                "ekit_icon_box_infobox_border_radious": {
                                                    "unit": "px",
                                                    "top": "0",
                                                    "right": "0",
                                                    "bottom": "0",
                                                    "left": "0",
                                                    "isLinked": true
                                                },
                                                "ekit_icon_title_color": "",
                                                "ekit_icon_title_color_hover": "",
                                                "ekit_icon_description_color_hover": "",
                                                "ekit_icon_box_margin": {
                                                    "unit": "em",
                                                    "top": "0",
                                                    "right": "0",
                                                    "bottom": "2",
                                                    "left": "0",
                                                    "isLinked": false,
                                                    "size": 15
                                                },
                                                "ekit_icon_box_icon_height": {
                                                    "unit": "px",
                                                    "size": 35,
                                                    "sizes": []
                                                },
                                                "ekit_icon_box_icon_width": {
                                                    "unit": "px",
                                                    "size": 150,
                                                    "sizes": []
                                                },
                                                "ekit_icon_box_text_padding": {
                                                    "unit": "px",
                                                    "top": "7",
                                                    "right": "28",
                                                    "bottom": "7",
                                                    "left": "28",
                                                    "isLinked": false
                                                },
                                                "ekit_icon_box_btn_background_group_background": "classic",
                                                "ekit_icon_box_btn_border_radius": {
                                                    "unit": "px",
                                                    "top": "0",
                                                    "right": "0",
                                                    "bottom": "0",
                                                    "left": "0",
                                                    "isLinked": true
                                                },
                                                "ekit_icon_box_btn_background_hover_group_background": "classic",
                                                "ekit_icon_box_badge_background_background": "classic",
                                                "pa_condition_repeater": [
                                                    {
                                                        "_id": "ce3b9b8"
                                                    }
                                                ],
                                                "__globals__": {
                                                    "ekit_icon_box_infobox_bg_group_color": "globals\/colors?id=a291686",
                                                    "ekit_icon_title_typography_group_typography": "globals\/typography?id=83682a1",
                                                    "ekit_icon_description_typography_group_typography": "globals\/typography?id=69c152f",
                                                    "ekit_icon_description_color": "globals\/colors?id=secondary",
                                                    "ekit_icon_box_typography_group_typography": "globals\/typography?id=520c191",
                                                    "ekit_icon_box_button_text_color": "globals\/colors?id=a291686",
                                                    "ekit_icon_box_btn_background_group_color": "globals\/colors?id=a185853",
                                                    "ekit_icon_box_btn_hover_color": "globals\/colors?id=a291686",
                                                    "ekit_icon_box_btn_background_hover_group_color": "globals\/colors?id=bd7caca",
                                                    "badge_text_color": "globals\/colors?id=a291686",
                                                    "ekit_icon_box_badge_background_color": "globals\/colors?id=a185853"
                                                },
                                                "ekit_icon_box_icons": {
                                                    "value": "icon icon-arrow-right",
                                                    "library": "ekiticons"
                                                },
                                                "ekit_icon_box_icon_align": "right",
                                                "ekit_icon_box_infobox_bg_padding_tablet": {
                                                    "unit": "em",
                                                    "top": "2",
                                                    "right": "2",
                                                    "bottom": "2",
                                                    "left": "2",
                                                    "isLinked": true
                                                }
                                            },
                                            "elements": [],
                                            "isInner": false,
                                            "widgetType": "elementskit-icon-box",
                                            "elType": "widget"
                                        },
                                        {
                                            "id": "10fdfca7",
                                            "settings": {
                                                "address": "London Eye, London, United Kingdom",
                                                "pa_condition_repeater": [
                                                    {
                                                        "_id": "2eac675"
                                                    }
                                                ]
                                            },
                                            "elements": [],
                                            "isInner": false,
                                            "widgetType": "google_maps",
                                            "elType": "widget"
                                        },
                                        {
                                            "id": "8536c4c",
                                            "settings": {
                                                "ekit_icon_box_header_image": {
                                                    "url": "",
                                                    "id": "",
                                                    "alt": "",
                                                    "source": "library"
                                                },
                                                "ekit_icon_box_title_text": "Need Help?",
                                                "ekit_icon_box_description_text": "Pellentesque convallis curae nisi platea accumsan sociosqu dui urna amet suscipit nascetur",
                                                "ekit_icon_box_enable_btn": "yes",
                                                "ekit_icon_box_btn_text": "Contact Us",
                                                "ekit_icon_box_badge_control": "",
                                                "ekit_icon_box_badge_title": "Remote",
                                                "ekit_icon_box_infobox_bg_group_background": "classic",
                                                "ekit_icon_box_infobox_bg_padding": {
                                                    "unit": "em",
                                                    "top": "4",
                                                    "right": "2",
                                                    "bottom": "3",
                                                    "left": "2",
                                                    "isLinked": false
                                                },
                                                "ekit_icon_box_infobox_box_shadow_group_box_shadow": {
                                                    "horizontal": 0,
                                                    "vertical": 10,
                                                    "blur": 20,
                                                    "spread": 0,
                                                    "color": "rgba(0, 0, 0, 0.15)"
                                                },
                                                "ekit_icon_box_iocnbox_border_group_border": "solid",
                                                "ekit_icon_box_iocnbox_border_group_width": {
                                                    "unit": "px",
                                                    "top": "0",
                                                    "right": "0",
                                                    "bottom": "0",
                                                    "left": "0",
                                                    "isLinked": true
                                                },
                                                "ekit_icon_box_infobox_border_radious": {
                                                    "unit": "px",
                                                    "top": "0",
                                                    "right": "0",
                                                    "bottom": "0",
                                                    "left": "0",
                                                    "isLinked": true
                                                },
                                                "ekit_icon_title_color": "",
                                                "ekit_icon_title_color_hover": "",
                                                "ekit_icon_description_color_hover": "",
                                                "ekit_icon_box_margin": {
                                                    "unit": "em",
                                                    "top": "0",
                                                    "right": "0",
                                                    "bottom": "2",
                                                    "left": "0",
                                                    "isLinked": false,
                                                    "size": 15
                                                },
                                                "ekit_icon_box_icon_height": {
                                                    "unit": "px",
                                                    "size": 35,
                                                    "sizes": []
                                                },
                                                "ekit_icon_box_icon_width": {
                                                    "unit": "px",
                                                    "size": 150,
                                                    "sizes": []
                                                },
                                                "ekit_icon_box_text_padding": {
                                                    "unit": "px",
                                                    "top": "7",
                                                    "right": "28",
                                                    "bottom": "7",
                                                    "left": "28",
                                                    "isLinked": false
                                                },
                                                "ekit_icon_box_btn_background_group_background": "classic",
                                                "ekit_icon_box_btn_border_radius": {
                                                    "unit": "px",
                                                    "top": "0",
                                                    "right": "0",
                                                    "bottom": "0",
                                                    "left": "0",
                                                    "isLinked": true
                                                },
                                                "ekit_icon_box_btn_background_hover_group_background": "classic",
                                                "ekit_icon_box_badge_background_background": "classic",
                                                "pa_condition_repeater": [
                                                    {
                                                        "_id": "ce3b9b8"
                                                    }
                                                ],
                                                "__globals__": {
                                                    "ekit_icon_box_infobox_bg_group_color": "globals\/colors?id=308e809",
                                                    "ekit_icon_title_typography_group_typography": "globals\/typography?id=83682a1",
                                                    "ekit_icon_description_typography_group_typography": "globals\/typography?id=69c152f",
                                                    "ekit_icon_description_color": "globals\/colors?id=secondary",
                                                    "ekit_icon_box_typography_group_typography": "globals\/typography?id=520c191",
                                                    "ekit_icon_box_button_text_color": "globals\/colors?id=a291686",
                                                    "ekit_icon_box_btn_background_group_color": "globals\/colors?id=a185853",
                                                    "ekit_icon_box_btn_hover_color": "globals\/colors?id=a291686",
                                                    "ekit_icon_box_btn_background_hover_group_color": "globals\/colors?id=bd7caca",
                                                    "badge_text_color": "globals\/colors?id=a291686",
                                                    "ekit_icon_box_badge_background_color": "globals\/colors?id=a185853"
                                                },
                                                "ekit_icon_box_header_icons": {
                                                    "value": "icon icon-Support-2",
                                                    "library": "ekiticons"
                                                },
                                                "ekit_icon_box_icons": {
                                                    "value": "far fa-envelope",
                                                    "library": "fa-regular"
                                                },
                                                "ekit_icon_box_icon_align": "right",
                                                "ekit_icon_box_infobox_bg_padding_tablet": {
                                                    "unit": "em",
                                                    "top": "2",
                                                    "right": "2",
                                                    "bottom": "2",
                                                    "left": "2",
                                                    "isLinked": true
                                                }
                                            },
                                            "elements": [],
                                            "isInner": false,
                                            "widgetType": "elementskit-icon-box",
                                            "elType": "widget"
                                        }
                                    ],
                                    "isInner": true,
                                    "elType": "column"
                                }
                            ],
                            "isInner": true,
                            "elType": "section"
                        }
                    ],
                    "isInner": false,
                    "elType": "column"
                }
            ],
            "isInner": false,
            "elType": "section"
        }
    ],
    "page_settings": {
        "eael_ext_toc_title": "Table of Contents",
        "template": "elementor_header_footer"
    }
}