{
    "version": "0.4",
    "title": "404 File Not Found",
    "type": "section",
    "metadata": {
        "template_type": "single-404",
        "include_in_zip": "1",
        "elementor_pro_required": null,
        "wp_page_template": "elementor_header_footer"
    },
    "content": [
        {
            "id": "16e20c32",
            "settings": {
                "gap": "no",
                "height": "full",
                "background_background": "classic",
                "background_position": "center center",
                "background_size": "cover",
                "__globals__": {
                    "background_color": "globals\/colors?id=670b669"
                },
                "background_overlay_background": "classic",
                "background_overlay_image": {
                    "url": "http:\/\/dkkit.rometheme.pro\/flix\/wp-content\/uploads\/sites\/4\/2021\/06\/monitor-filmmaking-filming-shooting-worker-tripod-L339BYX.jpg",
                    "id": 1548
                },
                "background_overlay_position": "center center",
                "background_overlay_size": "cover"
            },
            "elements": [
                {
                    "id": "56ad3c6f",
                    "settings": {
                        "_column_size": 100,
                        "_inline_size": null
                    },
                    "elements": [
                        {
                            "id": "4a843aa",
                            "settings": {
                                "title": "OoPs, SORRY !",
                                "align": "center",
                                "__globals__": {
                                    "title_color": "globals\/colors?id=primary"
                                },
                                "header_size": "h3"
                            },
                            "elements": [],
                            "isInner": false,
                            "widgetType": "heading",
                            "elType": "widget"
                        },
                        {
                            "id": "69b98e3f",
                            "settings": {
                                "title": "404",
                                "header_size": "h1",
                                "align": "center",
                                "typography_font_family": "Open Sans",
                                "typography_font_size": {
                                    "unit": "px",
                                    "size": 200,
                                    "sizes": []
                                },
                                "typography_font_weight": "bold",
                                "__globals__": {
                                    "typography_typography": "",
                                    "title_color": "globals\/colors?id=accent"
                                },
                                "title_color": "#FFD8B9",
                                "typography_typography": "custom",
                                "typography_text_transform": "uppercase"
                            },
                            "elements": [],
                            "isInner": false,
                            "widgetType": "heading",
                            "elType": "widget"
                        },
                        {
                            "id": "393a3eab",
                            "settings": {
                                "title": "FILE NOT FOUND",
                                "align": "center",
                                "__globals__": {
                                    "title_color": "globals\/colors?id=primary"
                                },
                                "header_size": "h3"
                            },
                            "elements": [],
                            "isInner": false,
                            "widgetType": "heading",
                            "elType": "widget"
                        },
                        {
                            "id": "d002b1a",
                            "settings": {
                                "space": {
                                    "unit": "px",
                                    "size": 20,
                                    "sizes": []
                                }
                            },
                            "elements": [],
                            "isInner": false,
                            "widgetType": "spacer",
                            "elType": "widget"
                        },
                        {
                            "id": "f3857ea",
                            "settings": {
                                "text": "Back To Home",
                                "typography_font_family": "Roboto",
                                "border_width": {
                                    "unit": "px",
                                    "top": "1",
                                    "right": "1",
                                    "bottom": "1",
                                    "left": "1",
                                    "isLinked": true
                                },
                                "border_width_mobile": {
                                    "unit": "px",
                                    "top": "1",
                                    "right": "1",
                                    "bottom": "1",
                                    "left": "1",
                                    "isLinked": true
                                },
                                "text_padding_mobile": {
                                    "unit": "px",
                                    "top": "8",
                                    "right": "17",
                                    "bottom": "8",
                                    "left": "17",
                                    "isLinked": false
                                },
                                "__globals__": {
                                    "button_background_hover_color": "",
                                    "hover_color": "",
                                    "background_color": "",
                                    "button_hover_border_color": "globals\/colors?id=7eeb570",
                                    "border_color": "globals\/colors?id=7eeb570",
                                    "button_text_color": ""
                                },
                                "align": "center",
                                "button_hover_border_color": "#E8E8E8",
                                "border_color": "#E8E8E8",
                                "background_background": "",
                                "button_background_hover_background": ""
                            },
                            "elements": [],
                            "isInner": false,
                            "widgetType": "button",
                            "elType": "widget"
                        }
                    ],
                    "isInner": false,
                    "elType": "column"
                }
            ],
            "isInner": false,
            "elType": "section"
        }
    ]
}