{
    "version": "0.4",
    "title": "About",
    "type": "page",
    "metadata": {
        "template_type": "single-page",
        "include_in_zip": "1",
        "elementor_pro_required": null,
        "wp_page_template": "elementor_header_footer"
    },
    "content": [
        {
            "id": "50222525",
            "settings": {
                "height": "min-height",
                "custom_height": {
                    "unit": "px",
                    "size": 350,
                    "sizes": []
                },
                "background_background": "classic",
                "background_image": {
                    "url": "http:\/\/dkkit.rometheme.pro\/flix\/wp-content\/uploads\/sites\/4\/2021\/06\/cameraman-holding-a-camera-camera-crew-film-camera-N9FQ2SU.jpg",
                    "id": 1484
                },
                "background_position": "center center",
                "background_repeat": "no-repeat",
                "background_size": "cover",
                "background_overlay_background": "classic",
                "background_overlay_opacity": {
                    "unit": "px",
                    "size": 0.8,
                    "sizes": []
                },
                "__globals__": {
                    "background_overlay_color": "globals\/colors?id=5dd40ff"
                }
            },
            "elements": [
                {
                    "id": "4c9eb1cd",
                    "settings": {
                        "_column_size": 100,
                        "_inline_size": null,
                        "padding": {
                            "unit": "em",
                            "top": "1",
                            "right": "1",
                            "bottom": "1",
                            "left": "1",
                            "isLinked": true
                        }
                    },
                    "elements": [
                        {
                            "id": "7483c6a6",
                            "settings": {
                                "title": "About Flix",
                                "typography_font_family": "Antonio",
                                "typography_font_size": {
                                    "unit": "px",
                                    "size": 72,
                                    "sizes": []
                                },
                                "typography_font_weight": "bold",
                                "typography_line_height": {
                                    "unit": "em",
                                    "size": 1,
                                    "sizes": []
                                },
                                "__globals__": {
                                    "title_color": "globals\/colors?id=accent"
                                },
                                "align": "center"
                            },
                            "elements": [],
                            "isInner": false,
                            "widgetType": "heading",
                            "elType": "widget"
                        }
                    ],
                    "isInner": false,
                    "elType": "column"
                }
            ],
            "isInner": false,
            "elType": "section"
        },
        {
            "id": "2c0484d0",
            "settings": {
                "background_background": "classic",
                "padding": {
                    "unit": "em",
                    "top": "6",
                    "right": "1",
                    "bottom": "3",
                    "left": "1",
                    "isLinked": false
                },
                "structure": "21",
                "__globals__": {
                    "background_color": ""
                },
                "background_overlay_background": "classic",
                "background_overlay_position": "initial",
                "background_overlay_xpos": {
                    "unit": "px",
                    "size": 900,
                    "sizes": []
                },
                "background_overlay_ypos": {
                    "unit": "px",
                    "size": 33,
                    "sizes": []
                },
                "background_overlay_repeat": "no-repeat",
                "background_overlay_size": "initial",
                "background_overlay_bg_width": {
                    "unit": "%",
                    "size": 32,
                    "sizes": []
                },
                "background_overlay_opacity": {
                    "unit": "px",
                    "size": 0.3,
                    "sizes": []
                }
            },
            "elements": [
                {
                    "id": "3a57e980",
                    "settings": {
                        "_column_size": 66,
                        "_inline_size": null,
                        "padding": {
                            "unit": "em",
                            "top": "1",
                            "right": "1",
                            "bottom": "1",
                            "left": "1",
                            "isLinked": true
                        },
                        "background_background": "classic",
                        "background_position": "initial",
                        "background_xpos": {
                            "unit": "px",
                            "size": 8,
                            "sizes": []
                        },
                        "background_ypos": {
                            "unit": "px",
                            "size": -25,
                            "sizes": []
                        },
                        "background_repeat": "no-repeat",
                        "background_size": "initial",
                        "background_bg_width": {
                            "unit": "%",
                            "size": 77,
                            "sizes": []
                        },
                        "background_overlay_background": "classic",
                        "background_overlay_position": "initial",
                        "background_overlay_repeat": "no-repeat",
                        "background_overlay_size": "initial",
                        "background_overlay_bg_width": {
                            "unit": "%",
                            "size": 28,
                            "sizes": []
                        },
                        "background_overlay_opacity": {
                            "unit": "px",
                            "size": 0.8,
                            "sizes": []
                        },
                        "_inline_size_tablet": 100,
                        "background_overlay_ypos": {
                            "unit": "px",
                            "size": -14,
                            "sizes": []
                        }
                    },
                    "elements": [
                        {
                            "id": "5ed9d4e4",
                            "settings": {
                                "title": "Flix Studio",
                                "__globals__": {
                                    "title_color": "globals\/colors?id=82c5256"
                                },
                                "header_size": "h4",
                                "typography_font_family": "Open Sans",
                                "typography_font_size": {
                                    "unit": "px",
                                    "size": 25,
                                    "sizes": []
                                },
                                "typography_font_weight": "500"
                            },
                            "elements": [],
                            "isInner": false,
                            "widgetType": "heading",
                            "elType": "widget"
                        },
                        {
                            "id": "71c48279",
                            "settings": {
                                "title": "We Create<br> The Greates Movie",
                                "typography_font_family": "Merriweather",
                                "typography_font_size": {
                                    "unit": "px",
                                    "size": 56,
                                    "sizes": []
                                },
                                "typography_font_weight": "bold",
                                "typography_line_height": {
                                    "unit": "em",
                                    "size": 1,
                                    "sizes": []
                                },
                                "__globals__": {
                                    "title_color": "globals\/colors?id=670b669"
                                },
                                "header_size": "h3"
                            },
                            "elements": [],
                            "isInner": false,
                            "widgetType": "heading",
                            "elType": "widget"
                        },
                        {
                            "id": "41429638",
                            "settings": {
                                "editor": "<p>Suspendisse nec ullamcorper urna, id bibendum nisl. Ut dignissim sit amet ipsum at cursus. Morbi accumsan lectus justo, eu aliquet ex tincidunt nec. Proin imperdiet pulvinar convallis. Cras pulvinar, odio ac varius gravida, nibh erat hendrerit sem, vitae hendrerit ipsum arcu sed mi. Morbi fringilla tempus laoreet.<\/p><p>Donec feugiat, sem et varius tempus, augue dolor luctus est, vitae venenatis augue nulla sed nisi. Vestibulum ex enim, commodo vel ultricies sed, gravida sit amet justo. Quisque at commodo sapien.<\/p>",
                                "typography_font_family": "IBM Plex Sans",
                                "typography_font_size": {
                                    "unit": "px",
                                    "size": 16,
                                    "sizes": []
                                },
                                "typography_line_height": {
                                    "unit": "em",
                                    "size": 1.8,
                                    "sizes": []
                                },
                                "__globals__": {
                                    "text_color": "globals\/colors?id=7eeb570"
                                }
                            },
                            "elements": [],
                            "isInner": false,
                            "widgetType": "text-editor",
                            "elType": "widget"
                        },
                        {
                            "id": "42f0d08",
                            "settings": {
                                "text": "Hire Us Now!",
                                "typography_font_family": "Roboto",
                                "border_width": {
                                    "unit": "px",
                                    "top": "1",
                                    "right": "1",
                                    "bottom": "1",
                                    "left": "1",
                                    "isLinked": true
                                },
                                "border_width_mobile": {
                                    "unit": "px",
                                    "top": "1",
                                    "right": "1",
                                    "bottom": "1",
                                    "left": "1",
                                    "isLinked": true
                                },
                                "text_padding_mobile": {
                                    "unit": "px",
                                    "top": "8",
                                    "right": "17",
                                    "bottom": "8",
                                    "left": "17",
                                    "isLinked": false
                                },
                                "__globals__": {
                                    "button_background_hover_color": "",
                                    "hover_color": "",
                                    "background_color": "",
                                    "button_hover_border_color": "globals\/colors?id=7eeb570",
                                    "border_color": "globals\/colors?id=7eeb570",
                                    "button_text_color": ""
                                },
                                "align": "left",
                                "button_hover_border_color": "#E8E8E8",
                                "border_color": "#E8E8E8",
                                "background_background": "",
                                "button_background_hover_background": ""
                            },
                            "elements": [],
                            "isInner": false,
                            "widgetType": "button",
                            "elType": "widget"
                        }
                    ],
                    "isInner": false,
                    "elType": "column"
                },
                {
                    "id": "363b55b3",
                    "settings": {
                        "_column_size": 33,
                        "_inline_size": null,
                        "padding": {
                            "unit": "em",
                            "top": "1",
                            "right": "1",
                            "bottom": "1",
                            "left": "1",
                            "isLinked": true
                        },
                        "_inline_size_tablet": 100,
                        "margin_tablet": {
                            "unit": "px",
                            "top": "0",
                            "right": "0",
                            "bottom": "0",
                            "left": "0",
                            "isLinked": false
                        },
                        "padding_tablet": {
                            "unit": "px",
                            "top": "0",
                            "right": "0",
                            "bottom": "0",
                            "left": "0",
                            "isLinked": false
                        },
                        "background_background": "classic",
                        "background_position": "center center",
                        "background_size": "cover",
                        "content_position": "center",
                        "background_xpos": {
                            "unit": "px",
                            "size": -1,
                            "sizes": []
                        },
                        "background_repeat": "no-repeat",
                        "background_bg_width": {
                            "unit": "%",
                            "size": 88,
                            "sizes": []
                        },
                        "margin_mobile": {
                            "unit": "px",
                            "top": "0",
                            "right": "0",
                            "bottom": "0",
                            "left": "0",
                            "isLinked": false
                        },
                        "padding_mobile": {
                            "unit": "px",
                            "top": "0",
                            "right": "0",
                            "bottom": "0",
                            "left": "0",
                            "isLinked": false
                        }
                    },
                    "elements": [
                        {
                            "id": "1aeff306",
                            "settings": {
                                "image": {
                                    "url": "http:\/\/dkkit.rometheme.pro\/flix\/wp-content\/uploads\/sites\/4\/2021\/06\/Trophy-2.jpg",
                                    "id": 1455
                                },
                                "_border_width": {
                                    "unit": "px",
                                    "top": "15",
                                    "right": "0",
                                    "bottom": "0",
                                    "left": "15",
                                    "isLinked": false
                                },
                                "_border_color": "#F0F0F0",
                                "_element_custom_width": {
                                    "unit": "px",
                                    "size": 220,
                                    "sizes": []
                                },
                                "_offset_x": {
                                    "size": 28,
                                    "unit": "px"
                                },
                                "_offset_orientation_v": "end",
                                "_offset_y": {
                                    "size": 117,
                                    "unit": "px"
                                },
                                "_offset_y_end": {
                                    "size": 0,
                                    "unit": "px"
                                },
                                "__globals__": {
                                    "_border_color": ""
                                },
                                "background_hover_transition": {
                                    "unit": "px",
                                    "size": 3,
                                    "sizes": []
                                },
                                "hover_animation": "bob",
                                "image_size": "custom",
                                "image_custom_dimension": {
                                    "width": "600",
                                    "height": "800"
                                }
                            },
                            "elements": [],
                            "isInner": false,
                            "widgetType": "image",
                            "elType": "widget"
                        }
                    ],
                    "isInner": false,
                    "elType": "column"
                }
            ],
            "isInner": false,
            "elType": "section"
        },
        {
            "id": "5ac3fd99",
            "settings": {
                "structure": "30",
                "background_background": "classic",
                "padding": {
                    "unit": "em",
                    "top": "6",
                    "right": "1",
                    "bottom": "6",
                    "left": "1",
                    "isLinked": false
                },
                "__globals__": {
                    "background_color": "globals\/colors?id=primary"
                }
            },
            "elements": [
                {
                    "id": "f7946a6",
                    "settings": {
                        "_column_size": 33,
                        "_inline_size": null,
                        "padding": {
                            "unit": "em",
                            "top": "1",
                            "right": "1",
                            "bottom": "1",
                            "left": "1",
                            "isLinked": true
                        },
                        "space_between_widgets": 3
                    },
                    "elements": [
                        {
                            "id": "3c8e520c",
                            "settings": {
                                "image": {
                                    "url": "http:\/\/dkkit.rometheme.pro\/flix\/wp-content\/uploads\/sites\/4\/2021\/06\/bearded-blond-male-dressed-in-a-waistcoat-MPNUG4D.jpg",
                                    "id": 1027
                                },
                                "link_to": "custom",
                                "link": {
                                    "url": "#",
                                    "is_external": "",
                                    "nofollow": "",
                                    "custom_attributes": ""
                                },
                                "css_filters_css_filter": "custom",
                                "css_filters_contrast": {
                                    "unit": "px",
                                    "size": 106,
                                    "sizes": []
                                },
                                "css_filters_saturate": {
                                    "unit": "px",
                                    "size": 0,
                                    "sizes": []
                                },
                                "css_filters_hover_css_filter": "custom",
                                "image_size": "custom",
                                "image_custom_dimension": {
                                    "width": "600",
                                    "height": "900"
                                }
                            },
                            "elements": [],
                            "isInner": false,
                            "widgetType": "image",
                            "elType": "widget"
                        },
                        {
                            "id": "15f3cfa2",
                            "settings": {
                                "space": {
                                    "unit": "px",
                                    "size": 15,
                                    "sizes": []
                                }
                            },
                            "elements": [],
                            "isInner": false,
                            "widgetType": "spacer",
                            "elType": "widget"
                        },
                        {
                            "id": "495f42ac",
                            "settings": {
                                "title": "Stefano. D",
                                "typography_font_family": "Roboto Slab",
                                "typography_font_size": {
                                    "unit": "px",
                                    "size": 25,
                                    "sizes": []
                                },
                                "typography_font_weight": "500",
                                "typography_line_height": {
                                    "unit": "em",
                                    "size": 1,
                                    "sizes": []
                                },
                                "__globals__": {
                                    "title_color": "globals\/colors?id=82c5256"
                                },
                                "header_size": "h5"
                            },
                            "elements": [],
                            "isInner": false,
                            "widgetType": "heading",
                            "elType": "widget"
                        },
                        {
                            "id": "4d417593",
                            "settings": {
                                "editor": "<p>Director<\/p>",
                                "_padding": {
                                    "unit": "em",
                                    "top": "",
                                    "right": "",
                                    "bottom": "",
                                    "left": "",
                                    "isLinked": true
                                }
                            },
                            "elements": [],
                            "isInner": false,
                            "widgetType": "text-editor",
                            "elType": "widget"
                        }
                    ],
                    "isInner": false,
                    "elType": "column"
                },
                {
                    "id": "5356e840",
                    "settings": {
                        "_column_size": 33,
                        "_inline_size": null,
                        "padding": {
                            "unit": "em",
                            "top": "1",
                            "right": "1",
                            "bottom": "1",
                            "left": "1",
                            "isLinked": true
                        }
                    },
                    "elements": [
                        {
                            "id": "208ce0f0",
                            "settings": {
                                "title": "Professional Directors",
                                "typography_font_family": "Roboto Slab",
                                "typography_font_size": {
                                    "unit": "px",
                                    "size": 25,
                                    "sizes": []
                                },
                                "typography_font_weight": "500",
                                "typography_line_height": {
                                    "unit": "em",
                                    "size": 1,
                                    "sizes": []
                                },
                                "__globals__": {
                                    "title_color": "globals\/colors?id=670b669"
                                },
                                "header_size": "h3"
                            },
                            "elements": [],
                            "isInner": false,
                            "widgetType": "heading",
                            "elType": "widget"
                        },
                        {
                            "id": "2af2fc45",
                            "settings": {
                                "editor": "<p>Duis et urna ipsum. Sed tincidunt pulvinar velit cursus tincidunt. In eu vestibulum ligula, quis convallis justo. Vivamus enim nisl, auctor et lacus quis, posuere interdum mi.\u00a0<\/p>"
                            },
                            "elements": [],
                            "isInner": false,
                            "widgetType": "text-editor",
                            "elType": "widget"
                        },
                        {
                            "id": "4cd15284",
                            "settings": {
                                "icon_list": [
                                    {
                                        "text": "09 Awards in 2017\/2018",
                                        "selected_icon": {
                                            "value": "icon icon-trophy",
                                            "library": "ekiticons"
                                        },
                                        "_id": "7c3fa67"
                                    }
                                ],
                                "space_between": {
                                    "unit": "px",
                                    "size": 0,
                                    "sizes": []
                                },
                                "icon_align": "left",
                                "icon_size": {
                                    "unit": "px",
                                    "size": 30,
                                    "sizes": []
                                },
                                "icon_self_align": "left",
                                "text_indent": {
                                    "unit": "px",
                                    "size": 17,
                                    "sizes": []
                                },
                                "__globals__": {
                                    "icon_color": "globals\/colors?id=82c5256",
                                    "icon_typography_typography": "globals\/typography?id=35fb432",
                                    "text_color": "globals\/colors?id=secondary"
                                }
                            },
                            "elements": [],
                            "isInner": false,
                            "widgetType": "icon-list",
                            "elType": "widget"
                        },
                        {
                            "id": "6286c8bc",
                            "settings": {
                                "editor": "<p>Duis et urna ipsum. Sed tincidunt pulvinar velit cursus tincidunt. In eu vestibulum ligula, quis convallis justo.\u00a0<\/p>",
                                "_padding": {
                                    "unit": "em",
                                    "top": "",
                                    "right": "",
                                    "bottom": "",
                                    "left": "",
                                    "isLinked": true
                                },
                                "align": "left"
                            },
                            "elements": [],
                            "isInner": false,
                            "widgetType": "text-editor",
                            "elType": "widget"
                        },
                        {
                            "id": "75f3a3ba",
                            "settings": {
                                "icon_list": [
                                    {
                                        "text": "07 Awards in 2020\/2021",
                                        "selected_icon": {
                                            "value": "icon icon-trophy",
                                            "library": "ekiticons"
                                        },
                                        "_id": "7c3fa67"
                                    }
                                ],
                                "space_between": {
                                    "unit": "px",
                                    "size": 0,
                                    "sizes": []
                                },
                                "icon_align": "left",
                                "icon_size": {
                                    "unit": "px",
                                    "size": 30,
                                    "sizes": []
                                },
                                "icon_self_align": "left",
                                "text_indent": {
                                    "unit": "px",
                                    "size": 17,
                                    "sizes": []
                                },
                                "__globals__": {
                                    "icon_color": "globals\/colors?id=82c5256",
                                    "icon_typography_typography": "globals\/typography?id=35fb432",
                                    "text_color": "globals\/colors?id=secondary"
                                }
                            },
                            "elements": [],
                            "isInner": false,
                            "widgetType": "icon-list",
                            "elType": "widget"
                        },
                        {
                            "id": "3a641399",
                            "settings": {
                                "editor": "<p>Duis et urna ipsum. Sed tincidunt pulvinar velit cursus tincidunt. In eu vestibulum ligula, quis convallis justo.\u00a0<\/p>",
                                "_padding": {
                                    "unit": "em",
                                    "top": "",
                                    "right": "",
                                    "bottom": "",
                                    "left": "",
                                    "isLinked": true
                                },
                                "align": "left"
                            },
                            "elements": [],
                            "isInner": false,
                            "widgetType": "text-editor",
                            "elType": "widget"
                        }
                    ],
                    "isInner": false,
                    "elType": "column"
                },
                {
                    "id": "5b6a4ab0",
                    "settings": {
                        "_column_size": 33,
                        "_inline_size": null,
                        "padding": {
                            "unit": "em",
                            "top": "1",
                            "right": "1",
                            "bottom": "1",
                            "left": "1",
                            "isLinked": true
                        },
                        "space_between_widgets": 3
                    },
                    "elements": [
                        {
                            "id": "7c3264ed",
                            "settings": [],
                            "elements": [],
                            "isInner": false,
                            "widgetType": "spacer",
                            "elType": "widget"
                        },
                        {
                            "id": "1cf02fbe",
                            "settings": {
                                "margin": {
                                    "unit": "em",
                                    "top": "0",
                                    "right": 0,
                                    "bottom": "0",
                                    "left": 0,
                                    "isLinked": false
                                }
                            },
                            "elements": [
                                {
                                    "id": "19b2beda",
                                    "settings": {
                                        "_column_size": 100,
                                        "_inline_size": null,
                                        "space_between_widgets": 5
                                    },
                                    "elements": [
                                        {
                                            "id": "4efa5210",
                                            "settings": {
                                                "title": "Abraham. S",
                                                "typography_font_family": "Roboto Slab",
                                                "typography_font_size": {
                                                    "unit": "px",
                                                    "size": 25,
                                                    "sizes": []
                                                },
                                                "typography_font_weight": "500",
                                                "typography_line_height": {
                                                    "unit": "em",
                                                    "size": 1,
                                                    "sizes": []
                                                },
                                                "__globals__": {
                                                    "title_color": "globals\/colors?id=82c5256"
                                                },
                                                "header_size": "h5",
                                                "align": "left"
                                            },
                                            "elements": [],
                                            "isInner": false,
                                            "widgetType": "heading",
                                            "elType": "widget"
                                        },
                                        {
                                            "id": "10ed7d10",
                                            "settings": {
                                                "editor": "<p>Creative Director<\/p>",
                                                "align": "left",
                                                "_padding": {
                                                    "unit": "em",
                                                    "top": "",
                                                    "right": "",
                                                    "bottom": "",
                                                    "left": "",
                                                    "isLinked": true
                                                },
                                                "__globals__": {
                                                    "text_color": ""
                                                }
                                            },
                                            "elements": [],
                                            "isInner": false,
                                            "widgetType": "text-editor",
                                            "elType": "widget"
                                        }
                                    ],
                                    "isInner": true,
                                    "elType": "column"
                                }
                            ],
                            "isInner": true,
                            "elType": "section"
                        },
                        {
                            "id": "68254bca",
                            "settings": {
                                "image": {
                                    "url": "http:\/\/dkkit.rometheme.pro\/flix\/wp-content\/uploads\/sites\/4\/2021\/06\/close-up-portrait-of-young-pensive-bearded-man-RJCGFCZ.jpg",
                                    "id": 1028
                                },
                                "image_size": "custom",
                                "css_filters_css_filter": "custom",
                                "css_filters_contrast": {
                                    "unit": "px",
                                    "size": 106,
                                    "sizes": []
                                },
                                "css_filters_saturate": {
                                    "unit": "px",
                                    "size": 0,
                                    "sizes": []
                                },
                                "css_filters_hover_css_filter": "custom",
                                "image_custom_dimension": {
                                    "width": "600",
                                    "height": "900"
                                }
                            },
                            "elements": [],
                            "isInner": false,
                            "widgetType": "image",
                            "elType": "widget"
                        }
                    ],
                    "isInner": false,
                    "elType": "column"
                }
            ],
            "isInner": false,
            "elType": "section"
        },
        {
            "id": "536157ac",
            "settings": {
                "gap": "no",
                "background_background": "classic",
                "background_overlay_background": "classic",
                "background_overlay_position": "initial",
                "background_overlay_xpos": {
                    "unit": "px",
                    "size": 900,
                    "sizes": []
                },
                "background_overlay_ypos": {
                    "unit": "px",
                    "size": 33,
                    "sizes": []
                },
                "background_overlay_repeat": "no-repeat",
                "background_overlay_size": "initial",
                "background_overlay_bg_width": {
                    "unit": "%",
                    "size": 32,
                    "sizes": []
                },
                "background_overlay_opacity": {
                    "unit": "px",
                    "size": 0.3,
                    "sizes": []
                },
                "padding": {
                    "unit": "em",
                    "top": "3",
                    "right": "1",
                    "bottom": "6",
                    "left": "1",
                    "isLinked": false
                },
                "__globals__": {
                    "background_color": "globals\/colors?id=670b669"
                },
                "margin_mobile": {
                    "unit": "px",
                    "top": "",
                    "right": 0,
                    "bottom": "",
                    "left": 0,
                    "isLinked": true
                },
                "padding_mobile": {
                    "unit": "em",
                    "top": "0",
                    "right": "1",
                    "bottom": "0",
                    "left": "1",
                    "isLinked": false
                }
            },
            "elements": [
                {
                    "id": "410f70c6",
                    "settings": {
                        "_column_size": 100,
                        "_inline_size": null,
                        "padding": {
                            "unit": "em",
                            "top": "1",
                            "right": "1",
                            "bottom": "1",
                            "left": "1",
                            "isLinked": true
                        },
                        "__globals__": [],
                        "background_background": "classic",
                        "background_overlay_position": "center center",
                        "background_overlay_repeat": "no-repeat",
                        "background_overlay_size": "cover",
                        "background_overlay_opacity": {
                            "unit": "px",
                            "size": 0.04,
                            "sizes": []
                        },
                        "margin_mobile": {
                            "unit": "px",
                            "top": "0",
                            "right": "0",
                            "bottom": "0",
                            "left": "0",
                            "isLinked": false
                        },
                        "padding_mobile": {
                            "unit": "px",
                            "top": "0",
                            "right": "0",
                            "bottom": "0",
                            "left": "0",
                            "isLinked": false
                        }
                    },
                    "elements": [
                        {
                            "id": "3b74ddb3",
                            "settings": {
                                "title": "Awardness",
                                "__globals__": {
                                    "title_color": "globals\/colors?id=82c5256"
                                },
                                "header_size": "h4",
                                "align": "center"
                            },
                            "elements": [],
                            "isInner": false,
                            "widgetType": "heading",
                            "elType": "widget"
                        },
                        {
                            "id": "4d7d6e55",
                            "settings": {
                                "title": "The Best Achivement We Got",
                                "typography_font_family": "Open Sans",
                                "typography_font_size": {
                                    "unit": "px",
                                    "size": 33,
                                    "sizes": []
                                },
                                "typography_font_weight": "500",
                                "typography_line_height": {
                                    "unit": "em",
                                    "size": 1,
                                    "sizes": []
                                },
                                "__globals__": {
                                    "title_color": "globals\/colors?id=primary",
                                    "typography_typography": ""
                                },
                                "align": "center",
                                "_z_index": 2,
                                "header_size": "h3",
                                "title_color": "#FFFFFF"
                            },
                            "elements": [],
                            "isInner": false,
                            "widgetType": "heading",
                            "elType": "widget"
                        },
                        {
                            "id": "651aab78",
                            "settings": {
                                "content_width": {
                                    "unit": "px",
                                    "size": 900,
                                    "sizes": []
                                }
                            },
                            "elements": [
                                {
                                    "id": "2d52cb8f",
                                    "settings": {
                                        "_column_size": 100,
                                        "_inline_size": 100
                                    },
                                    "elements": [
                                        {
                                            "id": "37ba0ff0",
                                            "settings": {
                                                "editor": "<p>Cras quis elit eget tortor condimentum posuere. Aliquam sit amet est accumsan, bibendum velit non, aliquet erat. Mauris cursus arcu sed euismod commodo. Aliquam ornare suscipit elit, nec pharetra risus aliquam et.\u00a0<\/p>",
                                                "align": "center",
                                                "__globals__": {
                                                    "text_color": "globals\/colors?id=text"
                                                }
                                            },
                                            "elements": [],
                                            "isInner": false,
                                            "widgetType": "text-editor",
                                            "elType": "widget"
                                        }
                                    ],
                                    "isInner": true,
                                    "elType": "column"
                                }
                            ],
                            "isInner": true,
                            "elType": "section"
                        },
                        {
                            "id": "36165a82",
                            "settings": {
                                "structure": "30"
                            },
                            "elements": [
                                {
                                    "id": "635924fa",
                                    "settings": {
                                        "_column_size": 33,
                                        "_inline_size": null,
                                        "content_position": "center",
                                        "padding_mobile": {
                                            "unit": "em",
                                            "top": "1",
                                            "right": "1",
                                            "bottom": "1",
                                            "left": "1",
                                            "isLinked": true
                                        }
                                    },
                                    "elements": [
                                        {
                                            "id": "1f36b8c8",
                                            "settings": {
                                                "image": {
                                                    "url": "http:\/\/dkkit.rometheme.pro\/flix\/wp-content\/uploads\/sites\/4\/2021\/06\/Trophy-3.png",
                                                    "id": 1443
                                                },
                                                "width": {
                                                    "unit": "%",
                                                    "size": 80,
                                                    "sizes": []
                                                },
                                                "image_size": "custom",
                                                "image_custom_dimension": {
                                                    "width": "600",
                                                    "height": "800"
                                                }
                                            },
                                            "elements": [],
                                            "isInner": false,
                                            "widgetType": "image",
                                            "elType": "widget"
                                        },
                                        {
                                            "id": "6aa14c1e",
                                            "settings": {
                                                "title": "Prestigious Achievement",
                                                "header_size": "h5",
                                                "align": "center",
                                                "__globals__": {
                                                    "typography_typography": "globals\/typography?id=bfce3f4",
                                                    "title_color": "globals\/colors?id=primary"
                                                }
                                            },
                                            "elements": [],
                                            "isInner": false,
                                            "widgetType": "heading",
                                            "elType": "widget"
                                        },
                                        {
                                            "id": "51501a78",
                                            "settings": {
                                                "title": "2018",
                                                "header_size": "h5",
                                                "align": "center",
                                                "__globals__": {
                                                    "typography_typography": "globals\/typography?id=bfce3f4",
                                                    "title_color": "globals\/colors?id=accent"
                                                }
                                            },
                                            "elements": [],
                                            "isInner": false,
                                            "widgetType": "heading",
                                            "elType": "widget"
                                        }
                                    ],
                                    "isInner": true,
                                    "elType": "column"
                                },
                                {
                                    "id": "a0e4b27",
                                    "settings": {
                                        "_column_size": 33,
                                        "_inline_size": null
                                    },
                                    "elements": [
                                        {
                                            "id": "faae4bc",
                                            "settings": {
                                                "image": {
                                                    "url": "http:\/\/dkkit.rometheme.pro\/flix\/wp-content\/uploads\/sites\/4\/2021\/06\/Trophy-1.png",
                                                    "id": 1434
                                                },
                                                "width": {
                                                    "unit": "%",
                                                    "size": 80,
                                                    "sizes": []
                                                },
                                                "image_size": "custom",
                                                "image_custom_dimension": {
                                                    "width": "600",
                                                    "height": "800"
                                                }
                                            },
                                            "elements": [],
                                            "isInner": false,
                                            "widgetType": "image",
                                            "elType": "widget"
                                        },
                                        {
                                            "id": "6bf9309a",
                                            "settings": {
                                                "title": "Best Film Production Award",
                                                "header_size": "h5",
                                                "align": "center",
                                                "__globals__": {
                                                    "typography_typography": "globals\/typography?id=bfce3f4",
                                                    "title_color": "globals\/colors?id=primary"
                                                }
                                            },
                                            "elements": [],
                                            "isInner": false,
                                            "widgetType": "heading",
                                            "elType": "widget"
                                        },
                                        {
                                            "id": "370969f8",
                                            "settings": {
                                                "title": "2020",
                                                "header_size": "h5",
                                                "align": "center",
                                                "__globals__": {
                                                    "typography_typography": "globals\/typography?id=bfce3f4",
                                                    "title_color": "globals\/colors?id=accent"
                                                }
                                            },
                                            "elements": [],
                                            "isInner": false,
                                            "widgetType": "heading",
                                            "elType": "widget"
                                        }
                                    ],
                                    "isInner": true,
                                    "elType": "column"
                                },
                                {
                                    "id": "3d67f02a",
                                    "settings": {
                                        "_column_size": 33,
                                        "_inline_size": null,
                                        "content_position": "center"
                                    },
                                    "elements": [
                                        {
                                            "id": "6f8def00",
                                            "settings": {
                                                "image": {
                                                    "url": "http:\/\/dkkit.rometheme.pro\/flix\/wp-content\/uploads\/sites\/4\/2021\/06\/Trophy-2.png",
                                                    "id": 1444
                                                },
                                                "width": {
                                                    "unit": "%",
                                                    "size": 80,
                                                    "sizes": []
                                                },
                                                "image_size": "custom",
                                                "image_custom_dimension": {
                                                    "width": "600",
                                                    "height": "800"
                                                }
                                            },
                                            "elements": [],
                                            "isInner": false,
                                            "widgetType": "image",
                                            "elType": "widget"
                                        },
                                        {
                                            "id": "1f296239",
                                            "settings": {
                                                "title": "Best Director Awards",
                                                "header_size": "h5",
                                                "align": "center",
                                                "__globals__": {
                                                    "typography_typography": "globals\/typography?id=bfce3f4",
                                                    "title_color": "globals\/colors?id=primary"
                                                }
                                            },
                                            "elements": [],
                                            "isInner": false,
                                            "widgetType": "heading",
                                            "elType": "widget"
                                        },
                                        {
                                            "id": "62876588",
                                            "settings": {
                                                "title": "2019",
                                                "header_size": "h5",
                                                "align": "center",
                                                "__globals__": {
                                                    "typography_typography": "globals\/typography?id=bfce3f4",
                                                    "title_color": "globals\/colors?id=accent"
                                                }
                                            },
                                            "elements": [],
                                            "isInner": false,
                                            "widgetType": "heading",
                                            "elType": "widget"
                                        }
                                    ],
                                    "isInner": true,
                                    "elType": "column"
                                }
                            ],
                            "isInner": true,
                            "elType": "section"
                        }
                    ],
                    "isInner": false,
                    "elType": "column"
                }
            ],
            "isInner": false,
            "elType": "section"
        },
        {
            "id": "6e1b98a1",
            "settings": {
                "background_background": "classic",
                "background_overlay_background": "classic",
                "background_overlay_position": "initial",
                "background_overlay_xpos": {
                    "unit": "px",
                    "size": 900,
                    "sizes": []
                },
                "background_overlay_ypos": {
                    "unit": "px",
                    "size": 33,
                    "sizes": []
                },
                "background_overlay_repeat": "no-repeat",
                "background_overlay_size": "initial",
                "background_overlay_bg_width": {
                    "unit": "%",
                    "size": 32,
                    "sizes": []
                },
                "background_overlay_opacity": {
                    "unit": "px",
                    "size": 1,
                    "sizes": []
                },
                "padding": {
                    "unit": "em",
                    "top": "1",
                    "right": "1",
                    "bottom": "1",
                    "left": "1",
                    "isLinked": false
                },
                "__globals__": {
                    "background_color": "globals\/colors?id=670b669",
                    "background_overlay_color": "globals\/colors?id=5dd40ff"
                },
                "structure": "40",
                "background_image": {
                    "url": "http:\/\/dkkit.rometheme.pro\/flix\/wp-content\/uploads\/sites\/4\/2021\/06\/camera-crane-shooting-a-movie-in-the-forest-CSQVAH4s.jpg",
                    "id": 1277
                },
                "background_position": "bottom center",
                "background_attachment": "fixed",
                "background_repeat": "no-repeat",
                "background_size": "cover"
            },
            "elements": [
                {
                    "id": "14e4c7b1",
                    "settings": {
                        "_column_size": 25,
                        "_inline_size": null,
                        "padding": {
                            "unit": "em",
                            "top": "4",
                            "right": "1",
                            "bottom": "4",
                            "left": "1",
                            "isLinked": false
                        }
                    },
                    "elements": [
                        {
                            "id": "601ff81a",
                            "settings": {
                                "ending_number": 62,
                                "suffix": "+",
                                "duration": 1800,
                                "title": "",
                                "number_color": "#010101",
                                "_border_width": {
                                    "unit": "px",
                                    "top": "0",
                                    "right": "0",
                                    "bottom": "0",
                                    "left": "0",
                                    "isLinked": false
                                },
                                "_border_color": "#80808033",
                                "__globals__": {
                                    "typography_number_typography": "globals\/typography?id=45ad774",
                                    "title_color": "globals\/colors?id=secondary",
                                    "number_color": "globals\/colors?id=primary",
                                    "_border_color": "globals\/colors?id=a5d2050",
                                    "typography_title_typography": "globals\/typography?id=35fb432"
                                },
                                "title_color": "#D48530"
                            },
                            "elements": [],
                            "isInner": false,
                            "widgetType": "counter",
                            "elType": "widget"
                        },
                        {
                            "id": "5613be9b",
                            "settings": {
                                "title": "Years Experience",
                                "align": "center",
                                "__globals__": {
                                    "typography_typography": "globals\/typography?id=35fb432",
                                    "title_color": "globals\/colors?id=accent"
                                },
                                "typography_typography": "custom",
                                "typography_font_family": "Open Sans",
                                "typography_font_size": {
                                    "unit": "px",
                                    "size": 16,
                                    "sizes": []
                                },
                                "typography_font_weight": "bold",
                                "typography_line_height": {
                                    "unit": "em",
                                    "size": 1.5,
                                    "sizes": []
                                },
                                "typography_letter_spacing": {
                                    "unit": "px",
                                    "size": 1.5,
                                    "sizes": []
                                }
                            },
                            "elements": [],
                            "isInner": false,
                            "widgetType": "heading",
                            "elType": "widget"
                        }
                    ],
                    "isInner": false,
                    "elType": "column"
                },
                {
                    "id": "791b7c3",
                    "settings": {
                        "_column_size": 25,
                        "_inline_size": null,
                        "__globals__": {
                            "border_color": "globals\/colors?id=a5d2050"
                        },
                        "padding": {
                            "unit": "em",
                            "top": "4",
                            "right": "1",
                            "bottom": "4",
                            "left": "1",
                            "isLinked": false
                        }
                    },
                    "elements": [
                        {
                            "id": "82b9bba",
                            "settings": {
                                "ending_number": 1889,
                                "suffix": "+",
                                "duration": 1800,
                                "title": "",
                                "number_color": "#010101",
                                "_border_width": {
                                    "unit": "px",
                                    "top": "0",
                                    "right": "0",
                                    "bottom": "0",
                                    "left": "0",
                                    "isLinked": false
                                },
                                "_border_color": "#80808033",
                                "__globals__": {
                                    "typography_number_typography": "globals\/typography?id=45ad774",
                                    "title_color": "globals\/colors?id=secondary",
                                    "number_color": "globals\/colors?id=primary",
                                    "_border_color": "globals\/colors?id=a5d2050",
                                    "typography_title_typography": "globals\/typography?id=35fb432"
                                },
                                "title_color": "#D48530"
                            },
                            "elements": [],
                            "isInner": false,
                            "widgetType": "counter",
                            "elType": "widget"
                        },
                        {
                            "id": "7ab3370b",
                            "settings": {
                                "title": "Happy Client",
                                "align": "center",
                                "__globals__": {
                                    "typography_typography": "globals\/typography?id=35fb432",
                                    "title_color": "globals\/colors?id=accent"
                                },
                                "typography_typography": "custom",
                                "typography_font_family": "Open Sans",
                                "typography_font_size": {
                                    "unit": "px",
                                    "size": 16,
                                    "sizes": []
                                },
                                "typography_font_weight": "bold",
                                "typography_line_height": {
                                    "unit": "em",
                                    "size": 1.5,
                                    "sizes": []
                                },
                                "typography_letter_spacing": {
                                    "unit": "px",
                                    "size": 1.5,
                                    "sizes": []
                                }
                            },
                            "elements": [],
                            "isInner": false,
                            "widgetType": "heading",
                            "elType": "widget"
                        }
                    ],
                    "isInner": false,
                    "elType": "column"
                },
                {
                    "id": "639ac566",
                    "settings": {
                        "_column_size": 25,
                        "_inline_size": null,
                        "__globals__": {
                            "border_color": "globals\/colors?id=a5d2050"
                        },
                        "padding": {
                            "unit": "em",
                            "top": "4",
                            "right": "1",
                            "bottom": "4",
                            "left": "1",
                            "isLinked": false
                        }
                    },
                    "elements": [
                        {
                            "id": "77c39f5c",
                            "settings": {
                                "ending_number": 2239,
                                "suffix": "+",
                                "title": "",
                                "__globals__": {
                                    "typography_number_typography": "globals\/typography?id=45ad774",
                                    "title_color": "globals\/colors?id=secondary",
                                    "number_color": "globals\/colors?id=primary",
                                    "_border_color": "globals\/colors?id=a5d2050",
                                    "typography_title_typography": "globals\/typography?id=35fb432"
                                },
                                "number_color": "#010101",
                                "_border_color": "#80808033",
                                "title_color": "#D48530",
                                "_border_width": {
                                    "unit": "px",
                                    "top": "0",
                                    "right": "0",
                                    "bottom": "0",
                                    "left": "0",
                                    "isLinked": false
                                }
                            },
                            "elements": [],
                            "isInner": false,
                            "widgetType": "counter",
                            "elType": "widget"
                        },
                        {
                            "id": "f516133",
                            "settings": {
                                "title": "Music Video",
                                "align": "center",
                                "__globals__": {
                                    "typography_typography": "globals\/typography?id=35fb432",
                                    "title_color": "globals\/colors?id=accent"
                                },
                                "typography_typography": "custom",
                                "typography_font_family": "Open Sans",
                                "typography_font_size": {
                                    "unit": "px",
                                    "size": 16,
                                    "sizes": []
                                },
                                "typography_font_weight": "bold",
                                "typography_line_height": {
                                    "unit": "em",
                                    "size": 1.5,
                                    "sizes": []
                                },
                                "typography_letter_spacing": {
                                    "unit": "px",
                                    "size": 1.5,
                                    "sizes": []
                                }
                            },
                            "elements": [],
                            "isInner": false,
                            "widgetType": "heading",
                            "elType": "widget"
                        }
                    ],
                    "isInner": false,
                    "elType": "column"
                },
                {
                    "id": "3be62773",
                    "settings": {
                        "_column_size": 25,
                        "_inline_size": null,
                        "padding": {
                            "unit": "em",
                            "top": "4",
                            "right": "1",
                            "bottom": "4",
                            "left": "1",
                            "isLinked": false
                        }
                    },
                    "elements": [
                        {
                            "id": "deefbb5",
                            "settings": {
                                "ending_number": 1978,
                                "suffix": "+",
                                "title": "",
                                "__globals__": {
                                    "typography_number_typography": "globals\/typography?id=45ad774",
                                    "title_color": "globals\/colors?id=secondary",
                                    "number_color": "globals\/colors?id=primary",
                                    "_border_color": "globals\/colors?id=a5d2050",
                                    "typography_title_typography": "globals\/typography?id=35fb432"
                                },
                                "number_color": "#010101",
                                "_border_color": "#80808033",
                                "title_color": "#D48530",
                                "_border_width": {
                                    "unit": "px",
                                    "top": "0",
                                    "right": "0",
                                    "bottom": "0",
                                    "left": "0",
                                    "isLinked": false
                                }
                            },
                            "elements": [],
                            "isInner": false,
                            "widgetType": "counter",
                            "elType": "widget"
                        },
                        {
                            "id": "5788aceb",
                            "settings": {
                                "title": "Short Film",
                                "align": "center",
                                "__globals__": {
                                    "typography_typography": "globals\/typography?id=35fb432",
                                    "title_color": "globals\/colors?id=accent"
                                },
                                "typography_typography": "custom",
                                "typography_font_family": "Open Sans",
                                "typography_font_size": {
                                    "unit": "px",
                                    "size": 16,
                                    "sizes": []
                                },
                                "typography_font_weight": "bold",
                                "typography_line_height": {
                                    "unit": "em",
                                    "size": 1.5,
                                    "sizes": []
                                },
                                "typography_letter_spacing": {
                                    "unit": "px",
                                    "size": 1.5,
                                    "sizes": []
                                }
                            },
                            "elements": [],
                            "isInner": false,
                            "widgetType": "heading",
                            "elType": "widget"
                        }
                    ],
                    "isInner": false,
                    "elType": "column"
                }
            ],
            "isInner": false,
            "elType": "section"
        },
        {
            "id": "cd5f113",
            "settings": {
                "gap": "no",
                "background_background": "classic",
                "background_overlay_background": "classic",
                "background_overlay_position": "initial",
                "background_overlay_xpos": {
                    "unit": "px",
                    "size": 900,
                    "sizes": []
                },
                "background_overlay_ypos": {
                    "unit": "px",
                    "size": 33,
                    "sizes": []
                },
                "background_overlay_repeat": "no-repeat",
                "background_overlay_size": "initial",
                "background_overlay_bg_width": {
                    "unit": "%",
                    "size": 32,
                    "sizes": []
                },
                "background_overlay_opacity": {
                    "unit": "px",
                    "size": 0.3,
                    "sizes": []
                },
                "padding": {
                    "unit": "em",
                    "top": "6",
                    "right": "1",
                    "bottom": "6",
                    "left": "1",
                    "isLinked": false
                },
                "__globals__": {
                    "background_color": ""
                }
            },
            "elements": [
                {
                    "id": "41cd79b8",
                    "settings": {
                        "_column_size": 100,
                        "_inline_size": null,
                        "padding": {
                            "unit": "em",
                            "top": "1",
                            "right": "1",
                            "bottom": "1",
                            "left": "1",
                            "isLinked": true
                        },
                        "margin_mobile": {
                            "unit": "px",
                            "top": "0",
                            "right": "0",
                            "bottom": "0",
                            "left": "0",
                            "isLinked": false
                        },
                        "padding_mobile": {
                            "unit": "px",
                            "top": "0",
                            "right": "0",
                            "bottom": "0",
                            "left": "0",
                            "isLinked": false
                        }
                    },
                    "elements": [
                        {
                            "id": "1a1b1ba2",
                            "settings": {
                                "title": "Our Testimonials",
                                "__globals__": {
                                    "title_color": "globals\/colors?id=82c5256"
                                },
                                "header_size": "h4",
                                "align": "center"
                            },
                            "elements": [],
                            "isInner": false,
                            "widgetType": "heading",
                            "elType": "widget"
                        },
                        {
                            "id": "4d029e45",
                            "settings": {
                                "title": "What They Say About Flix Studio",
                                "typography_font_family": "Roboto Slab",
                                "typography_font_size": {
                                    "unit": "px",
                                    "size": 25,
                                    "sizes": []
                                },
                                "typography_font_weight": "500",
                                "typography_line_height": {
                                    "unit": "em",
                                    "size": 1,
                                    "sizes": []
                                },
                                "__globals__": {
                                    "title_color": "globals\/colors?id=670b669"
                                },
                                "align": "center",
                                "_z_index": 2,
                                "header_size": "h3"
                            },
                            "elements": [],
                            "isInner": false,
                            "widgetType": "heading",
                            "elType": "widget"
                        },
                        {
                            "id": "43569d7a",
                            "settings": {
                                "ekit_testimonial_style": "style5",
                                "ekit_testimonial_data": [
                                    {
                                        "client_name": "Barnardo",
                                        "_id": "3eb5577",
                                        "designation": "Designation",
                                        "review": "Donec dui sem, pretium at ornare ut, laoreet vel elit. Mauris id libero ac felis auctor blandit. Etiam quis ex lacus. Donec eget aliquet quam. Quisque nec metus ut tortor molestie tempus et non lorem.",
                                        "client_photo": {
                                            "url": "http:\/\/dkkit.rometheme.pro\/flix\/wp-content\/uploads\/sites\/4\/2021\/06\/man-wearing-white-blank-t-shirt-5WTJHZZa.png",
                                            "id": 1744
                                        },
                                        "client_logo": {
                                            "url": "",
                                            "id": ""
                                        }
                                    },
                                    {
                                        "client_name": "Valdes",
                                        "designation": "Designation",
                                        "review": "Donec dui sem, pretium at ornare ut, laoreet vel elit. Mauris id libero ac felis auctor blandit. Etiam quis ex lacus. Donec eget aliquet quam. Quisque nec metus ut tortor molestie tempus et non lorem.",
                                        "client_photo": {
                                            "url": "http:\/\/dkkit.rometheme.pro\/flix\/wp-content\/uploads\/sites\/4\/2021\/06\/stylish-casual-indian-man-wear-blue-t-shirt-posing-9MFJ38Lb.png",
                                            "id": 1743
                                        },
                                        "client_logo": {
                                            "url": "",
                                            "id": ""
                                        },
                                        "_id": "50d739c"
                                    },
                                    {
                                        "client_name": "Guilermo",
                                        "designation": "Designation",
                                        "review": "Donec dui sem, pretium at ornare ut, laoreet vel elit. Mauris id libero ac felis auctor blandit. Etiam quis ex lacus. Donec eget aliquet quam. Quisque nec metus ut tortor molestie tempus et non lorem.",
                                        "client_photo": {
                                            "url": "http:\/\/dkkit.rometheme.pro\/flix\/wp-content\/uploads\/sites\/4\/2021\/06\/man-wearing-a-white-t-shirt-ZW892CCa.png",
                                            "id": 1742
                                        },
                                        "client_logo": {
                                            "url": "",
                                            "id": ""
                                        },
                                        "_id": "e0cf379"
                                    },
                                    {
                                        "client_name": "Andrea ",
                                        "designation": "Designation",
                                        "review": "Donec dui sem, pretium at ornare ut, laoreet vel elit. Mauris id libero ac felis auctor blandit. Etiam quis ex lacus. Donec eget aliquet quam. Quisque nec metus ut tortor molestie tempus et non lorem.",
                                        "client_photo": {
                                            "url": "http:\/\/dkkit.rometheme.pro\/flix\/wp-content\/uploads\/sites\/4\/2021\/06\/handsome-cheerful-young-caucasian-man-in-blue-shir-YVPG8FEb.png",
                                            "id": 1741
                                        },
                                        "client_logo": {
                                            "url": "",
                                            "id": ""
                                        },
                                        "_id": "5568ced"
                                    }
                                ],
                                "ekit_testimonial_slidetoshow": 3,
                                "ekit_testimonial_speed": 2000,
                                "ekit_testimonial_layout_padding": {
                                    "unit": "px",
                                    "top": "30",
                                    "right": "30",
                                    "bottom": "40",
                                    "left": "30",
                                    "isLinked": false
                                },
                                "ekit_testimonial_description_color": "#737272",
                                "ekit_testimonial_description_margin": {
                                    "unit": "em",
                                    "top": "1",
                                    "right": "1",
                                    "bottom": "1",
                                    "left": "1",
                                    "isLinked": true
                                },
                                "ekit_testimonial_review_ratting_right_spacing": {
                                    "unit": "px",
                                    "size": 12,
                                    "sizes": []
                                },
                                "ekit_testimonial_review_ratting_spacing": {
                                    "unit": "px",
                                    "top": "15",
                                    "right": "15",
                                    "bottom": "0",
                                    "left": "15",
                                    "isLinked": false
                                },
                                "ekit_testimonial_title_separator_width": {
                                    "unit": "px",
                                    "size": 8,
                                    "sizes": []
                                },
                                "ekit_testimonial_client_name_normal_color": "#737272",
                                "ekit_testimonial_client_name_active_color": "#010101",
                                "ekit_testimonial_client_name_typography_typography": "custom",
                                "ekit_testimonial_client_name_typography_font_family": "Roboto",
                                "ekit_testimonial_client_name_typography_font_size": {
                                    "unit": "px",
                                    "size": 18,
                                    "sizes": []
                                },
                                "ekit_testimonial_client_name_typography_font_weight": "600",
                                "ekit_testimonial_client_name_typography_line_height": {
                                    "unit": "em",
                                    "size": 1,
                                    "sizes": []
                                },
                                "ekit_testimonial_designation_normal_color": "#737272",
                                "ekit_testimonial_designation_active_color": "#010101",
                                "ekit_testimonial_designation_typography_typography": "custom",
                                "ekit_testimonial_designation_typography_font_family": "Roboto",
                                "ekit_testimonial_designation_typography_font_weight": "400",
                                "ekit_testimonial_nav_font_size": {
                                    "unit": "px",
                                    "size": 20,
                                    "sizes": []
                                },
                                "ekit_testimonial_nav_right_icon": {
                                    "unit": "%",
                                    "size": -7,
                                    "sizes": []
                                },
                                "ekit_testimonial_nav_left_icon": {
                                    "unit": "%",
                                    "size": -6,
                                    "sizes": []
                                },
                                "ekit_testimonial_nav_width": {
                                    "unit": "px",
                                    "size": 62,
                                    "sizes": []
                                },
                                "ekit_testimonial_nav_height": {
                                    "unit": "px",
                                    "size": 60,
                                    "sizes": []
                                },
                                "ekit_testimonial_nav_background_normal_background": "classic",
                                "ekit_testimonial_nav_border_normal_border": "solid",
                                "ekit_testimonial_nav_background_hover_background": "classic",
                                "__globals__": {
                                    "ekit_testimonial_description_color": "globals\/colors?id=7eeb570",
                                    "ekit_testimonial_section_wathermark_color": "globals\/colors?id=primary",
                                    "ekit_testimonial_section_wathermark_active_color": "globals\/colors?id=82c5256",
                                    "ekit_testimonial_title_separator_color": "globals\/colors?id=primary",
                                    "ekit_testimonial_title_separator_active_color": "",
                                    "ekit_testimonial_client_name_normal_color": "globals\/colors?id=7eeb570",
                                    "ekit_testimonial_client_name_active_color": "globals\/colors?id=670b669",
                                    "ekit_testimonial_designation_normal_color": "globals\/colors?id=7eeb570",
                                    "ekit_testimonial_designation_active_color": "globals\/colors?id=670b669",
                                    "ekit_testimonial_designation_typography_typography": "globals\/typography?id=accent",
                                    "ekit_testimonial_client_name_typography_typography": "globals\/typography?id=bfce3f4",
                                    "ekit_testimonial_nav_background_normal_color": "globals\/colors?id=ec2cf3f",
                                    "ekit_testimonial_nav_border_normal_color": "globals\/colors?id=ec2cf3f",
                                    "ekit_testimonial_nav_font_color_hover": "globals\/colors?id=secondary",
                                    "ekit_testimonial_nav_background_hover_color": "globals\/colors?id=ec2cf3f",
                                    "ekit_testimonial_layout_background_color": "globals\/colors?id=ec2cf3f",
                                    "ekit_testimonial_layout_border_color": ""
                                },
                                "ekit_testimonial_slidetoshow_tablet": 2,
                                "ekit_testimonial_slidetoshow_mobile": 1,
                                "ekit_testimonial_slidesToScroll_tablet": 1,
                                "ekit_testimonial_slidesToScroll_mobile": 1,
                                "ekit_testimonial_layout_background_background": "classic",
                                "ekit_testimonial_layout_background_color": "#01010100",
                                "ekit_testimonial_nav_background_normal_color": "#01010100",
                                "ekit_testimonial_nav_border_normal_color": "#01010100",
                                "ekit_testimonial_nav_font_color_hover": "#1D3240",
                                "ekit_testimonial_nav_background_hover_color": "#01010100",
                                "ekit_testimonial_layout_border_radius": {
                                    "unit": "px",
                                    "top": "0",
                                    "right": "0",
                                    "bottom": "0",
                                    "left": "0",
                                    "isLinked": true
                                },
                                "ekit_testimonial_layout_border_border": "solid",
                                "ekit_testimonial_layout_border_width": {
                                    "unit": "px",
                                    "top": "0",
                                    "right": "0",
                                    "bottom": "0",
                                    "left": "0",
                                    "isLinked": true
                                },
                                "ekit_testimonial_section_wathermark_color": "#FFFFFF",
                                "ekit_testimonial_title_separator_color": "#FFFFFF",
                                "ekit_testimonial_designation_typography_font_size": {
                                    "unit": "px",
                                    "size": 11,
                                    "sizes": []
                                },
                                "ekit_testimonial_designation_typography_line_height": {
                                    "unit": "em",
                                    "size": 1,
                                    "sizes": []
                                },
                                "ekit_testimonial_section_wathermark_active_color": "#A8927D"
                            },
                            "elements": [],
                            "isInner": false,
                            "widgetType": "elementskit-testimonial",
                            "elType": "widget"
                        }
                    ],
                    "isInner": false,
                    "elType": "column"
                }
            ],
            "isInner": false,
            "elType": "section"
        }
    ]
}