{
    "version": "0.4",
    "title": "Contact",
    "type": "page",
    "metadata": {
        "template_type": "single-page",
        "include_in_zip": "1",
        "elementor_pro_required": null,
        "wp_page_template": "elementor_header_footer"
    },
    "content": [
        {
            "id": "11103d39",
            "settings": {
                "height": "min-height",
                "custom_height": {
                    "unit": "px",
                    "size": 350,
                    "sizes": []
                },
                "background_background": "classic",
                "background_image": {
                    "url": "http:\/\/dkkit.rometheme.pro\/flix\/wp-content\/uploads\/sites\/4\/2021\/06\/film-production-crew-NRMJQRD.jpg",
                    "id": 1690
                },
                "background_position": "initial",
                "background_repeat": "no-repeat",
                "background_size": "cover",
                "background_ypos": {
                    "unit": "px",
                    "size": -377,
                    "sizes": []
                },
                "background_overlay_background": "classic",
                "background_overlay_opacity": {
                    "unit": "px",
                    "size": 0.8,
                    "sizes": []
                },
                "__globals__": {
                    "background_overlay_color": "globals\/colors?id=5dd40ff"
                }
            },
            "elements": [
                {
                    "id": "287cc252",
                    "settings": {
                        "_column_size": 100,
                        "_inline_size": null,
                        "padding": {
                            "unit": "em",
                            "top": "1",
                            "right": "1",
                            "bottom": "1",
                            "left": "1",
                            "isLinked": true
                        }
                    },
                    "elements": [
                        {
                            "id": "4e8bb874",
                            "settings": {
                                "title": "Contact",
                                "typography_font_family": "Antonio",
                                "typography_font_size": {
                                    "unit": "px",
                                    "size": 72,
                                    "sizes": []
                                },
                                "typography_font_weight": "bold",
                                "typography_line_height": {
                                    "unit": "em",
                                    "size": 1,
                                    "sizes": []
                                },
                                "__globals__": {
                                    "title_color": "globals\/colors?id=accent"
                                },
                                "align": "center"
                            },
                            "elements": [],
                            "isInner": false,
                            "widgetType": "heading",
                            "elType": "widget"
                        }
                    ],
                    "isInner": false,
                    "elType": "column"
                }
            ],
            "isInner": false,
            "elType": "section"
        },
        {
            "id": "142bf6ff",
            "settings": {
                "gap": "no",
                "structure": "21",
                "background_background": "classic",
                "background_color_stop": {
                    "unit": "%",
                    "size": 84,
                    "sizes": []
                },
                "background_color_b": "",
                "background_color_b_stop": {
                    "unit": "%",
                    "size": 84,
                    "sizes": []
                },
                "background_gradient_angle": {
                    "unit": "deg",
                    "size": 90,
                    "sizes": []
                },
                "background_overlay_background": "classic",
                "background_overlay_color_stop": {
                    "unit": "%",
                    "size": 13,
                    "sizes": []
                },
                "background_overlay_color_b": "#FFFFFF",
                "background_overlay_color_b_stop": {
                    "unit": "%",
                    "size": 10,
                    "sizes": []
                },
                "background_overlay_gradient_angle": {
                    "unit": "deg",
                    "size": 90,
                    "sizes": []
                },
                "background_overlay_position": "initial",
                "background_overlay_xpos": {
                    "unit": "px",
                    "size": 900,
                    "sizes": []
                },
                "background_overlay_ypos": {
                    "unit": "px",
                    "size": 33,
                    "sizes": []
                },
                "background_overlay_repeat": "no-repeat",
                "background_overlay_size": "initial",
                "background_overlay_bg_width": {
                    "unit": "%",
                    "size": 32,
                    "sizes": []
                },
                "background_overlay_opacity": {
                    "unit": "px",
                    "size": 0.3,
                    "sizes": []
                },
                "margin_mobile": {
                    "unit": "px",
                    "top": "0",
                    "right": 0,
                    "bottom": "0",
                    "left": 0,
                    "isLinked": false
                },
                "padding": {
                    "unit": "em",
                    "top": "6",
                    "right": "1",
                    "bottom": "6",
                    "left": "1",
                    "isLinked": false
                },
                "padding_mobile": {
                    "unit": "px",
                    "top": "0",
                    "right": "0",
                    "bottom": "0",
                    "left": "0",
                    "isLinked": false
                },
                "__globals__": {
                    "background_color": "",
                    "background_overlay_color_b": "globals\/colors?id=primary",
                    "background_overlay_color": "",
                    "background_color_b": ""
                }
            },
            "elements": [
                {
                    "id": "591ba65a",
                    "settings": {
                        "_column_size": 33,
                        "_inline_size": 46.578,
                        "content_position": "center",
                        "space_between_widgets": 3,
                        "padding": {
                            "unit": "em",
                            "top": "1",
                            "right": "1",
                            "bottom": "1",
                            "left": "1",
                            "isLinked": true
                        }
                    },
                    "elements": [
                        {
                            "id": "695b6644",
                            "settings": {
                                "title": "Come Join Us Now!",
                                "__globals__": {
                                    "title_color": "globals\/colors?id=82c5256"
                                },
                                "header_size": "h4"
                            },
                            "elements": [],
                            "isInner": false,
                            "widgetType": "heading",
                            "elType": "widget"
                        },
                        {
                            "id": "4227bcfd",
                            "settings": {
                                "title": "Send Us a Message",
                                "typography_font_family": "Roboto Slab",
                                "typography_font_size": {
                                    "unit": "px",
                                    "size": 25,
                                    "sizes": []
                                },
                                "typography_font_weight": "500",
                                "typography_line_height": {
                                    "unit": "em",
                                    "size": 1,
                                    "sizes": []
                                },
                                "__globals__": {
                                    "title_color": "globals\/colors?id=670b669"
                                },
                                "align": "left",
                                "_z_index": 2,
                                "header_size": "h3"
                            },
                            "elements": [],
                            "isInner": false,
                            "widgetType": "heading",
                            "elType": "widget"
                        },
                        {
                            "id": "6f38df8a",
                            "settings": {
                                "space": {
                                    "unit": "px",
                                    "size": 20,
                                    "sizes": []
                                }
                            },
                            "elements": [],
                            "isInner": false,
                            "widgetType": "spacer",
                            "elType": "widget"
                        },
                        {
                            "id": "3ed19519",
                            "settings": {
                                "title": "Address",
                                "__globals__": {
                                    "title_color": "globals\/colors?id=670b669"
                                },
                                "header_size": "h5"
                            },
                            "elements": [],
                            "isInner": false,
                            "widgetType": "heading",
                            "elType": "widget"
                        },
                        {
                            "id": "bf85770",
                            "settings": {
                                "editor": "<p>99th, Arround St. Pku City, 28292, Riau Indonesia<\/p>",
                                "__globals__": {
                                    "typography_typography": "globals\/typography?id=text"
                                }
                            },
                            "elements": [],
                            "isInner": false,
                            "widgetType": "text-editor",
                            "elType": "widget"
                        },
                        {
                            "id": "1e791cdf",
                            "settings": {
                                "text": "Divider",
                                "weight": {
                                    "unit": "px",
                                    "size": 1.1,
                                    "sizes": []
                                },
                                "gap": {
                                    "unit": "px",
                                    "size": 2,
                                    "sizes": []
                                },
                                "__globals__": {
                                    "color": "globals\/colors?id=a5d2050"
                                }
                            },
                            "elements": [],
                            "isInner": false,
                            "widgetType": "divider",
                            "elType": "widget"
                        },
                        {
                            "id": "7f450427",
                            "settings": {
                                "title": "Contact",
                                "__globals__": {
                                    "title_color": "globals\/colors?id=670b669"
                                },
                                "header_size": "h5"
                            },
                            "elements": [],
                            "isInner": false,
                            "widgetType": "heading",
                            "elType": "widget"
                        },
                        {
                            "id": "16a89949",
                            "settings": {
                                "editor": "<p>Mobile : 123-456-7891<\/p><p>Hotline : 1122-3333<\/p>",
                                "__globals__": {
                                    "typography_typography": "globals\/typography?id=text"
                                }
                            },
                            "elements": [],
                            "isInner": false,
                            "widgetType": "text-editor",
                            "elType": "widget"
                        },
                        {
                            "id": "401b8470",
                            "settings": {
                                "text": "Divider",
                                "weight": {
                                    "unit": "px",
                                    "size": 1.1,
                                    "sizes": []
                                },
                                "gap": {
                                    "unit": "px",
                                    "size": 2,
                                    "sizes": []
                                },
                                "__globals__": {
                                    "color": "globals\/colors?id=a5d2050"
                                }
                            },
                            "elements": [],
                            "isInner": false,
                            "widgetType": "divider",
                            "elType": "widget"
                        },
                        {
                            "id": "1c8641e1",
                            "settings": {
                                "title": "Email",
                                "__globals__": {
                                    "title_color": "globals\/colors?id=670b669"
                                },
                                "header_size": "h5"
                            },
                            "elements": [],
                            "isInner": false,
                            "widgetType": "heading",
                            "elType": "widget"
                        },
                        {
                            "id": "762ddcce",
                            "settings": {
                                "editor": "<p>yourdomain@gmail.com<\/p>",
                                "__globals__": {
                                    "typography_typography": "globals\/typography?id=text"
                                }
                            },
                            "elements": [],
                            "isInner": false,
                            "widgetType": "text-editor",
                            "elType": "widget"
                        },
                        {
                            "id": "a4be539",
                            "settings": {
                                "ekit_socialshare_add_icons": [
                                    {
                                        "_id": "495ccc4",
                                        "__globals__": {
                                            "ekit_socialshare_icon_color": "globals\/colors?id=primary",
                                            "ekit_socialshare_icon_hover_color": "globals\/colors?id=670b669",
                                            "ekit_socialshare_icon_bg_color": "globals\/colors?id=82c5256",
                                            "ekit_socialshare_icon_hover_bg_color": "globals\/colors?id=82c5256"
                                        }
                                    },
                                    {
                                        "ekit_socialshare_icons": {
                                            "value": "fab fa-pinterest-p",
                                            "library": "fa-brands"
                                        },
                                        "ekit_socialshare_label_text": "pinterest",
                                        "_id": "41aa681",
                                        "ekit_socialshare_icon_color": "#FFFFFF",
                                        "__globals__": {
                                            "ekit_socialshare_icon_color": "globals\/colors?id=primary",
                                            "ekit_socialshare_icon_bg_color": "globals\/colors?id=82c5256",
                                            "ekit_socialshare_icon_hover_color": "globals\/colors?id=670b669",
                                            "ekit_socialshare_icon_hover_bg_color": "globals\/colors?id=82c5256"
                                        }
                                    },
                                    {
                                        "ekit_socialshare_icons": {
                                            "value": "icon icon-twitter",
                                            "library": "ekiticons"
                                        },
                                        "ekit_socialshare_label_text": "twitter",
                                        "_id": "04808de",
                                        "ekit_socialshare_icon_color": "#FFFFFF",
                                        "ekit_socialshare_icon_hover_color": "#FFFFFF",
                                        "__globals__": {
                                            "ekit_socialshare_icon_color": "globals\/colors?id=primary",
                                            "ekit_socialshare_icon_bg_color": "globals\/colors?id=82c5256",
                                            "ekit_socialshare_icon_hover_color": "globals\/colors?id=670b669",
                                            "ekit_socialshare_icon_hover_bg_color": "globals\/colors?id=82c5256"
                                        }
                                    },
                                    {
                                        "_id": "21cc16c",
                                        "ekit_socialshare_icons": {
                                            "value": "icon icon-youtube-v",
                                            "library": "ekiticons"
                                        },
                                        "ekit_socialshare_label": "YouTube",
                                        "ekit_socialshare_icon_color": "#FFFFFF",
                                        "__globals__": {
                                            "ekit_socialshare_icon_color": "globals\/colors?id=primary",
                                            "ekit_socialshare_icon_bg_color": "globals\/colors?id=82c5256",
                                            "ekit_socialshare_icon_hover_color": "globals\/colors?id=670b669",
                                            "ekit_socialshare_icon_hover_bg_color": "globals\/colors?id=82c5256"
                                        }
                                    }
                                ],
                                "ekit_socialshare_list_icon_size": {
                                    "unit": "px",
                                    "size": 20,
                                    "sizes": []
                                },
                                "ekit_socialshare_list_margin": {
                                    "unit": "px",
                                    "top": "6",
                                    "right": "6",
                                    "bottom": "6",
                                    "left": "6",
                                    "isLinked": true
                                },
                                "_offset_x": {
                                    "size": 1291.938,
                                    "unit": "px"
                                },
                                "_offset_y": {
                                    "size": 308.891,
                                    "unit": "px"
                                },
                                "_offset_x_tablet": {
                                    "size": 654,
                                    "unit": "px"
                                },
                                "_offset_x_mobile": {
                                    "size": 222,
                                    "unit": "px"
                                },
                                "_offset_y_tablet": {
                                    "size": 318,
                                    "unit": "px"
                                },
                                "_offset_y_mobile": {
                                    "size": -353,
                                    "unit": "px"
                                },
                                "ekit_socialshare_list_align": "left"
                            },
                            "elements": [],
                            "isInner": false,
                            "widgetType": "elementskit-social-share",
                            "elType": "widget"
                        }
                    ],
                    "isInner": false,
                    "elType": "column"
                },
                {
                    "id": "d0c1b44",
                    "settings": {
                        "_column_size": 66,
                        "_inline_size": 52.856,
                        "content_position": "center",
                        "padding": {
                            "unit": "em",
                            "top": "1",
                            "right": "1",
                            "bottom": "1",
                            "left": "1",
                            "isLinked": true
                        },
                        "margin_mobile": {
                            "unit": "px",
                            "top": "5",
                            "right": "5",
                            "bottom": "5",
                            "left": "5",
                            "isLinked": true
                        },
                        "padding_mobile": {
                            "unit": "em",
                            "top": "1",
                            "right": "1",
                            "bottom": "1",
                            "left": "1",
                            "isLinked": false
                        }
                    },
                    "elements": [
                        {
                            "id": "78bef1a7",
                            "settings": {
                                "form_name": "New Form",
                                "form_fields": [
                                    {
                                        "custom_id": "name",
                                        "field_label": "Name",
                                        "placeholder": "Name",
                                        "_id": "6e6385b"
                                    },
                                    {
                                        "custom_id": "email",
                                        "field_type": "email",
                                        "required": "true",
                                        "field_label": "Email",
                                        "placeholder": "Email",
                                        "_id": "c05f090"
                                    },
                                    {
                                        "custom_id": "message",
                                        "field_label": "Subject",
                                        "placeholder": "Subject",
                                        "_id": "c00b9ed"
                                    },
                                    {
                                        "custom_id": "field_f0f4c14",
                                        "field_type": "textarea",
                                        "field_label": "Message",
                                        "placeholder": "Message",
                                        "_id": "f0f4c14"
                                    }
                                ],
                                "step_next_label": "Next",
                                "step_previous_label": "Previous",
                                "button_text": "Send",
                                "email_content": "[all-fields]",
                                "email_content_2": "[all-fields]",
                                "success_message": "The form was sent successfully.",
                                "error_message": "An error occurred.",
                                "required_field_message": "This field is required.",
                                "invalid_message": "There's something wrong. The form is invalid.",
                                "__globals__": {
                                    "button_hover_color": "globals\/colors?id=82c5256"
                                }
                            },
                            "elements": [],
                            "isInner": false,
                            "widgetType": "form",
                            "elType": "widget"
                        }
                    ],
                    "isInner": false,
                    "elType": "column"
                }
            ],
            "isInner": false,
            "elType": "section"
        }
    ]
}