{
    "version": "0.4",
    "title": "Footer &#8211; Flix",
    "type": "footer",
    "metadata": {
        "template_type": "section-footer",
        "include_in_zip": "1",
        "elementor_pro_required": "1",
        "elementor_library_type": "footer",
        "elementor_pro_conditions": [
            "include\/general"
        ],
        "additional_template_information": [
            "This is a \"Footer\" template for Elementor Pro.",
            "This template will display on: Entire Site."
        ],
        "wp_page_template": "default"
    },
    "content": [
        {
            "id": "2979afe3",
            "settings": {
                "gap": "no",
                "height": "min-height",
                "custom_height": {
                    "unit": "px",
                    "size": 350,
                    "sizes": []
                },
                "structure": "40",
                "background_background": "classic",
                "__globals__": {
                    "background_color": "globals\/colors?id=670b669"
                },
                "background_overlay_background": "classic",
                "background_overlay_image": {
                    "url": "http:\/\/dkkit.rometheme.pro\/flix\/wp-content\/uploads\/sites\/4\/2021\/06\/silhoutte-images-of-video-production-and-lighting-8SLYFXB.jpg",
                    "id": 1488
                },
                "background_overlay_position": "center center",
                "background_overlay_repeat": "no-repeat",
                "background_overlay_size": "cover",
                "background_overlay_opacity": {
                    "unit": "px",
                    "size": 0.14,
                    "sizes": []
                }
            },
            "elements": [
                {
                    "id": "4f4847eb",
                    "settings": {
                        "_column_size": 25,
                        "_inline_size": null,
                        "padding": {
                            "unit": "em",
                            "top": "1",
                            "right": "1",
                            "bottom": "1",
                            "left": "1",
                            "isLinked": true
                        }
                    },
                    "elements": [
                        {
                            "id": "1e7e15b4",
                            "settings": {
                                "image": {
                                    "url": "http:\/\/dkkit.rometheme.pro\/flix\/wp-content\/uploads\/sites\/4\/2021\/06\/Logo-2.jpg",
                                    "id": 1877
                                }
                            },
                            "elements": [],
                            "isInner": false,
                            "widgetType": "image",
                            "elType": "widget"
                        },
                        {
                            "id": "58620b23",
                            "settings": {
                                "ekit_socialshare_add_icons": [
                                    {
                                        "_id": "495ccc4",
                                        "__globals__": {
                                            "ekit_socialshare_icon_color": "globals\/colors?id=primary",
                                            "ekit_socialshare_icon_hover_color": "globals\/colors?id=670b669",
                                            "ekit_socialshare_icon_bg_color": "globals\/colors?id=82c5256",
                                            "ekit_socialshare_icon_hover_bg_color": "globals\/colors?id=82c5256"
                                        }
                                    },
                                    {
                                        "ekit_socialshare_icons": {
                                            "value": "fab fa-pinterest-p",
                                            "library": "fa-brands"
                                        },
                                        "ekit_socialshare_label_text": "pinterest",
                                        "_id": "41aa681",
                                        "ekit_socialshare_icon_color": "#FFFFFF",
                                        "__globals__": {
                                            "ekit_socialshare_icon_color": "globals\/colors?id=primary",
                                            "ekit_socialshare_icon_bg_color": "globals\/colors?id=82c5256",
                                            "ekit_socialshare_icon_hover_color": "globals\/colors?id=670b669",
                                            "ekit_socialshare_icon_hover_bg_color": "globals\/colors?id=82c5256"
                                        }
                                    },
                                    {
                                        "ekit_socialshare_icons": {
                                            "value": "icon icon-twitter",
                                            "library": "ekiticons"
                                        },
                                        "ekit_socialshare_label_text": "twitter",
                                        "_id": "04808de",
                                        "ekit_socialshare_icon_color": "#FFFFFF",
                                        "ekit_socialshare_icon_hover_color": "#FFFFFF",
                                        "__globals__": {
                                            "ekit_socialshare_icon_color": "globals\/colors?id=primary",
                                            "ekit_socialshare_icon_bg_color": "globals\/colors?id=82c5256",
                                            "ekit_socialshare_icon_hover_color": "globals\/colors?id=670b669",
                                            "ekit_socialshare_icon_hover_bg_color": "globals\/colors?id=82c5256"
                                        }
                                    },
                                    {
                                        "_id": "21cc16c",
                                        "ekit_socialshare_icons": {
                                            "value": "icon icon-youtube-v",
                                            "library": "ekiticons"
                                        },
                                        "ekit_socialshare_label": "YouTube",
                                        "ekit_socialshare_icon_color": "#FFFFFF",
                                        "__globals__": {
                                            "ekit_socialshare_icon_color": "globals\/colors?id=primary",
                                            "ekit_socialshare_icon_bg_color": "globals\/colors?id=82c5256",
                                            "ekit_socialshare_icon_hover_color": "globals\/colors?id=670b669",
                                            "ekit_socialshare_icon_hover_bg_color": "globals\/colors?id=82c5256"
                                        }
                                    }
                                ],
                                "ekit_socialshare_list_icon_size": {
                                    "unit": "px",
                                    "size": 20,
                                    "sizes": []
                                },
                                "ekit_socialshare_list_margin": {
                                    "unit": "px",
                                    "top": "6",
                                    "right": "6",
                                    "bottom": "6",
                                    "left": "6",
                                    "isLinked": true
                                },
                                "_offset_x": {
                                    "size": 1291.938,
                                    "unit": "px"
                                },
                                "_offset_y": {
                                    "size": 308.891,
                                    "unit": "px"
                                },
                                "_offset_x_tablet": {
                                    "size": 654,
                                    "unit": "px"
                                },
                                "_offset_x_mobile": {
                                    "size": 222,
                                    "unit": "px"
                                },
                                "_offset_y_tablet": {
                                    "size": 318,
                                    "unit": "px"
                                },
                                "_offset_y_mobile": {
                                    "size": -353,
                                    "unit": "px"
                                },
                                "ekit_socialshare_list_align": "left"
                            },
                            "elements": [],
                            "isInner": false,
                            "widgetType": "elementskit-social-share",
                            "elType": "widget"
                        }
                    ],
                    "isInner": false,
                    "elType": "column"
                },
                {
                    "id": "556886e9",
                    "settings": {
                        "_column_size": 25,
                        "_inline_size": null,
                        "padding": {
                            "unit": "em",
                            "top": "1",
                            "right": "1",
                            "bottom": "1",
                            "left": "1",
                            "isLinked": true
                        }
                    },
                    "elements": [
                        {
                            "id": "6e4a60f6",
                            "settings": {
                                "title": "Explore",
                                "header_size": "h5",
                                "__globals__": {
                                    "title_color": "globals\/colors?id=primary"
                                }
                            },
                            "elements": [],
                            "isInner": false,
                            "widgetType": "heading",
                            "elType": "widget"
                        },
                        {
                            "id": "5244e325",
                            "settings": {
                                "icon_list": [
                                    {
                                        "text": "About",
                                        "selected_icon": {
                                            "value": "fas fa-caret-right",
                                            "library": "fa-solid"
                                        },
                                        "_id": "96f279f"
                                    },
                                    {
                                        "text": "Service",
                                        "selected_icon": {
                                            "value": "fas fa-caret-right",
                                            "library": "fa-solid"
                                        },
                                        "_id": "add5bdb"
                                    },
                                    {
                                        "text": "Team",
                                        "selected_icon": {
                                            "value": "fas fa-caret-right",
                                            "library": "fa-solid"
                                        },
                                        "_id": "808f061"
                                    },
                                    {
                                        "text": "Project",
                                        "selected_icon": {
                                            "value": "fas fa-caret-right",
                                            "library": "fa-solid"
                                        },
                                        "_id": "b48339b"
                                    }
                                ],
                                "space_between": {
                                    "unit": "px",
                                    "size": 3,
                                    "sizes": []
                                },
                                "icon_align": "left",
                                "icon_size": {
                                    "unit": "px",
                                    "size": 15,
                                    "sizes": []
                                },
                                "icon_self_align": "left",
                                "__globals__": {
                                    "icon_color": "globals\/colors?id=text",
                                    "icon_color_hover": "globals\/colors?id=82c5256",
                                    "text_color": "globals\/colors?id=text",
                                    "text_color_hover": "globals\/colors?id=82c5256",
                                    "icon_typography_typography": "globals\/typography?id=2760804"
                                }
                            },
                            "elements": [],
                            "isInner": false,
                            "widgetType": "icon-list",
                            "elType": "widget"
                        }
                    ],
                    "isInner": false,
                    "elType": "column"
                },
                {
                    "id": "424e9ef8",
                    "settings": {
                        "_column_size": 25,
                        "_inline_size": null,
                        "padding": {
                            "unit": "em",
                            "top": "1",
                            "right": "1",
                            "bottom": "1",
                            "left": "1",
                            "isLinked": true
                        }
                    },
                    "elements": [
                        {
                            "id": "5e177f5",
                            "settings": {
                                "title": "Customer Service",
                                "header_size": "h5",
                                "__globals__": {
                                    "title_color": "globals\/colors?id=primary"
                                }
                            },
                            "elements": [],
                            "isInner": false,
                            "widgetType": "heading",
                            "elType": "widget"
                        },
                        {
                            "id": "57ad7da8",
                            "settings": {
                                "icon_list": [
                                    {
                                        "text": "Privacy Policy",
                                        "selected_icon": {
                                            "value": "fas fa-caret-right",
                                            "library": "fa-solid"
                                        },
                                        "_id": "96f279f"
                                    },
                                    {
                                        "text": "Terms & Conditions",
                                        "selected_icon": {
                                            "value": "fas fa-caret-right",
                                            "library": "fa-solid"
                                        },
                                        "_id": "add5bdb"
                                    },
                                    {
                                        "text": "Support",
                                        "selected_icon": {
                                            "value": "fas fa-caret-right",
                                            "library": "fa-solid"
                                        },
                                        "_id": "808f061"
                                    },
                                    {
                                        "text": "Disclaimer",
                                        "selected_icon": {
                                            "value": "fas fa-caret-right",
                                            "library": "fa-solid"
                                        },
                                        "_id": "b48339b"
                                    }
                                ],
                                "space_between": {
                                    "unit": "px",
                                    "size": 3,
                                    "sizes": []
                                },
                                "icon_align": "left",
                                "icon_size": {
                                    "unit": "px",
                                    "size": 15,
                                    "sizes": []
                                },
                                "icon_self_align": "left",
                                "__globals__": {
                                    "icon_color": "globals\/colors?id=text",
                                    "icon_color_hover": "globals\/colors?id=82c5256",
                                    "text_color": "globals\/colors?id=text",
                                    "text_color_hover": "globals\/colors?id=82c5256",
                                    "icon_typography_typography": "globals\/typography?id=2760804"
                                }
                            },
                            "elements": [],
                            "isInner": false,
                            "widgetType": "icon-list",
                            "elType": "widget"
                        }
                    ],
                    "isInner": false,
                    "elType": "column"
                },
                {
                    "id": "463a7237",
                    "settings": {
                        "_column_size": 25,
                        "_inline_size": null,
                        "padding": {
                            "unit": "em",
                            "top": "1",
                            "right": "1",
                            "bottom": "1",
                            "left": "1",
                            "isLinked": true
                        },
                        "content_position": "top"
                    },
                    "elements": [
                        {
                            "id": "1ed6b7e7",
                            "settings": {
                                "title": "Connect With Us",
                                "header_size": "h5",
                                "__globals__": {
                                    "title_color": "globals\/colors?id=primary"
                                }
                            },
                            "elements": [],
                            "isInner": false,
                            "widgetType": "heading",
                            "elType": "widget"
                        },
                        {
                            "id": "33de3daa",
                            "settings": {
                                "icon_list": [
                                    {
                                        "text": "A : 99th, Arround St. Pku City",
                                        "selected_icon": {
                                            "value": "fas fa-caret-right",
                                            "library": "fa-solid"
                                        },
                                        "_id": "96f279f"
                                    },
                                    {
                                        "text": "P : 123-456-7890",
                                        "selected_icon": {
                                            "value": "fas fa-caret-right",
                                            "library": "fa-solid"
                                        },
                                        "_id": "add5bdb"
                                    },
                                    {
                                        "text": "E : www.rometheme.net",
                                        "selected_icon": {
                                            "value": "fas fa-caret-right",
                                            "library": "fa-solid"
                                        },
                                        "_id": "808f061"
                                    }
                                ],
                                "space_between": {
                                    "unit": "px",
                                    "size": 3,
                                    "sizes": []
                                },
                                "icon_align": "left",
                                "icon_size": {
                                    "unit": "px",
                                    "size": 15,
                                    "sizes": []
                                },
                                "icon_self_align": "left",
                                "__globals__": {
                                    "icon_color": "globals\/colors?id=text",
                                    "icon_color_hover": "",
                                    "text_color": "globals\/colors?id=text",
                                    "text_color_hover": "",
                                    "icon_typography_typography": "globals\/typography?id=2760804"
                                },
                                "icon_color": "#F0F0F0",
                                "text_color": "#F0F0F0",
                                "icon_typography_typography": "custom",
                                "icon_typography_font_family": "Playfair Display",
                                "icon_typography_font_size": {
                                    "unit": "px",
                                    "size": 16,
                                    "sizes": []
                                },
                                "icon_typography_line_height": {
                                    "unit": "em",
                                    "size": 1.8,
                                    "sizes": []
                                }
                            },
                            "elements": [],
                            "isInner": false,
                            "widgetType": "icon-list",
                            "elType": "widget"
                        },
                        {
                            "id": "3affdbee",
                            "settings": {
                                "space": {
                                    "unit": "px",
                                    "size": 10,
                                    "sizes": []
                                }
                            },
                            "elements": [],
                            "isInner": false,
                            "widgetType": "spacer",
                            "elType": "widget"
                        }
                    ],
                    "isInner": false,
                    "elType": "column"
                }
            ],
            "isInner": false,
            "elType": "section"
        },
        {
            "id": "1f3a3769",
            "settings": {
                "gap": "no",
                "height": "min-height",
                "custom_height": {
                    "unit": "px",
                    "size": 0,
                    "sizes": []
                },
                "background_background": "classic",
                "__globals__": {
                    "background_color": "globals\/colors?id=670b669"
                }
            },
            "elements": [
                {
                    "id": "34b14ed0",
                    "settings": {
                        "_column_size": 100,
                        "_inline_size": null,
                        "padding": {
                            "unit": "em",
                            "top": "1",
                            "right": "1",
                            "bottom": "1",
                            "left": "1",
                            "isLinked": true
                        }
                    },
                    "elements": [
                        {
                            "id": "58558087",
                            "settings": {
                                "title": "Copyright 2021 \u00a9 All Right Reserved Design by Rometheme ",
                                "header_size": "p",
                                "align": "right",
                                "__globals__": {
                                    "title_color": "globals\/colors?id=primary",
                                    "typography_typography": "globals\/typography?id=accent"
                                }
                            },
                            "elements": [],
                            "isInner": false,
                            "widgetType": "heading",
                            "elType": "widget"
                        }
                    ],
                    "isInner": false,
                    "elType": "column"
                }
            ],
            "isInner": false,
            "elType": "section"
        }
    ]
}