{
    "version": "0.4",
    "title": "Gear",
    "type": "page",
    "metadata": {
        "template_type": "single-page",
        "include_in_zip": "1",
        "elementor_pro_required": "1",
        "wp_page_template": "elementor_header_footer"
    },
    "content": [
        {
            "id": "1cf29d25",
            "settings": {
                "height": "min-height",
                "custom_height": {
                    "unit": "px",
                    "size": 350,
                    "sizes": []
                },
                "background_background": "classic",
                "background_image": {
                    "url": "http:\/\/dkkit.rometheme.pro\/flix\/wp-content\/uploads\/sites\/4\/2021\/06\/female-videographer-with-video-camera-filming-movi-MJ9XR64.jpg",
                    "id": 1694
                },
                "background_position": "center center",
                "background_repeat": "no-repeat",
                "background_size": "cover",
                "background_ypos": {
                    "unit": "px",
                    "size": -377,
                    "sizes": []
                },
                "background_overlay_background": "classic",
                "background_overlay_opacity": {
                    "unit": "px",
                    "size": 0.8,
                    "sizes": []
                },
                "__globals__": {
                    "background_overlay_color": "globals\/colors?id=5dd40ff"
                }
            },
            "elements": [
                {
                    "id": "6b20df59",
                    "settings": {
                        "_column_size": 100,
                        "_inline_size": null,
                        "padding": {
                            "unit": "em",
                            "top": "1",
                            "right": "1",
                            "bottom": "1",
                            "left": "1",
                            "isLinked": true
                        }
                    },
                    "elements": [
                        {
                            "id": "65c0118b",
                            "settings": {
                                "title": "Gear",
                                "typography_font_family": "Antonio",
                                "typography_font_size": {
                                    "unit": "px",
                                    "size": 72,
                                    "sizes": []
                                },
                                "typography_font_weight": "bold",
                                "typography_line_height": {
                                    "unit": "em",
                                    "size": 1,
                                    "sizes": []
                                },
                                "__globals__": {
                                    "title_color": "globals\/colors?id=accent"
                                },
                                "align": "center"
                            },
                            "elements": [],
                            "isInner": false,
                            "widgetType": "heading",
                            "elType": "widget"
                        }
                    ],
                    "isInner": false,
                    "elType": "column"
                }
            ],
            "isInner": false,
            "elType": "section"
        },
        {
            "id": "45f9ae8e",
            "settings": {
                "gap": "no",
                "padding": {
                    "unit": "em",
                    "top": "6",
                    "right": "1",
                    "bottom": "6",
                    "left": "1",
                    "isLinked": false
                }
            },
            "elements": [
                {
                    "id": "752ea865",
                    "settings": {
                        "_column_size": 100,
                        "_inline_size": null,
                        "padding": {
                            "unit": "em",
                            "top": "1",
                            "right": "1",
                            "bottom": "1",
                            "left": "1",
                            "isLinked": true
                        }
                    },
                    "elements": [
                        {
                            "id": "10e5c082",
                            "settings": {
                                "title": "We Have A Quality!",
                                "__globals__": {
                                    "title_color": "globals\/colors?id=82c5256"
                                },
                                "header_size": "h4",
                                "align": "center"
                            },
                            "elements": [],
                            "isInner": false,
                            "widgetType": "heading",
                            "elType": "widget"
                        },
                        {
                            "id": "cc08891",
                            "settings": {
                                "title": "Best Gear That Our Used",
                                "typography_font_family": "Roboto Slab",
                                "typography_font_size": {
                                    "unit": "px",
                                    "size": 25,
                                    "sizes": []
                                },
                                "typography_font_weight": "500",
                                "typography_line_height": {
                                    "unit": "em",
                                    "size": 1,
                                    "sizes": []
                                },
                                "__globals__": {
                                    "title_color": "globals\/colors?id=670b669"
                                },
                                "header_size": "h3",
                                "align": "center"
                            },
                            "elements": [],
                            "isInner": false,
                            "widgetType": "heading",
                            "elType": "widget"
                        },
                        {
                            "id": "2dea34d0",
                            "settings": {
                                "content_width": {
                                    "unit": "px",
                                    "size": 900,
                                    "sizes": []
                                }
                            },
                            "elements": [
                                {
                                    "id": "6ce4b8fd",
                                    "settings": {
                                        "_column_size": 100,
                                        "_inline_size": 100
                                    },
                                    "elements": [
                                        {
                                            "id": "1f491c1e",
                                            "settings": {
                                                "editor": "<p>Nullam sed lacus eu erat vulputate interdum vitae et quam. Etiam a tortor nulla. Vestibulum hendrerit felis non eros porttitor, quis ultricies lacus facilisis. Morbi at lacinia massa. Nulla facilisi. Morbi feugiat tristique hendrerit. Sed varius metus ut cursus sollicitudin. Fusce aliquet lacus et ultricies semper. Duis vel tortor et turpis condimentum vehicula. Nullam feugiat, lacus tristique viverra facilisis, velit tellus pellentesque nisl, eu suscipit lorem lorem id odio.<\/p>",
                                                "align": "center"
                                            },
                                            "elements": [],
                                            "isInner": false,
                                            "widgetType": "text-editor",
                                            "elType": "widget"
                                        }
                                    ],
                                    "isInner": true,
                                    "elType": "column"
                                }
                            ],
                            "isInner": true,
                            "elType": "section"
                        },
                        {
                            "id": "3d6d4702",
                            "settings": {
                                "gallery": [
                                    {
                                        "id": 1772,
                                        "url": "http:\/\/dkkit.rometheme.pro\/flix\/wp-content\/uploads\/sites\/4\/2021\/06\/controlled-modern-drone-flying-in-blue-sky-YT84U2V.jpg"
                                    },
                                    {
                                        "id": 1774,
                                        "url": "http:\/\/dkkit.rometheme.pro\/flix\/wp-content\/uploads\/sites\/4\/2021\/06\/top-view-of-a-creative-filmmakers-office-desk-with-8CDA23Nc.jpg"
                                    },
                                    {
                                        "id": 1777,
                                        "url": "http:\/\/dkkit.rometheme.pro\/flix\/wp-content\/uploads\/sites\/4\/2021\/06\/female-videographer-with-video-camera-on-steady-ca-KTNEWU9.jpg"
                                    },
                                    {
                                        "id": 1778,
                                        "url": "http:\/\/dkkit.rometheme.pro\/flix\/wp-content\/uploads\/sites\/4\/2021\/06\/film-industry-behind-the-scenes-FVVYQPR.jpg"
                                    },
                                    {
                                        "id": 1776,
                                        "url": "http:\/\/dkkit.rometheme.pro\/flix\/wp-content\/uploads\/sites\/4\/2021\/06\/camera-on-film-set-behind-the-scenes-ZMP7FJF.jpg"
                                    },
                                    {
                                        "id": 1779,
                                        "url": "http:\/\/dkkit.rometheme.pro\/flix\/wp-content\/uploads\/sites\/4\/2021\/06\/film-production-crew-NRMJQRD-1.jpg"
                                    }
                                ],
                                "galleries": [
                                    {
                                        "gallery_title": "New Gallery",
                                        "_id": "81f8e9f"
                                    }
                                ],
                                "gallery_layout": "masonry",
                                "columns": 3,
                                "thumbnail_image_size": "large",
                                "show_all_galleries_label": "All",
                                "overlay_description": "description",
                                "lazyload": ""
                            },
                            "elements": [],
                            "isInner": false,
                            "widgetType": "gallery",
                            "elType": "widget"
                        }
                    ],
                    "isInner": false,
                    "elType": "column"
                }
            ],
            "isInner": false,
            "elType": "section"
        }
    ]
}