{
    "version": "0.4",
    "title": "Global Kit Styles",
    "type": "section",
    "metadata": {
        "template_type": "global-styles",
        "include_in_zip": "1",
        "elementor_pro_required": null,
        "additional_template_information": [
            "These are the global theme styles configured through the Elementor Theme Styles area."
        ],
        "wp_page_template": "default"
    },
    "content": [],
    "page_settings": {
        "custom_colors": [
            {
                "_id": "7eeb570",
                "title": "Color 1",
                "color": "#737272"
            },
            {
                "_id": "670b669",
                "title": "Color 2",
                "color": "#010101"
            },
            {
                "_id": "ec2cf3f",
                "title": "Transparent 1",
                "color": "#01010100"
            },
            {
                "_id": "82c5256",
                "title": "Color 5",
                "color": "#A8927D"
            },
            {
                "_id": "a5d2050",
                "title": "Transparent 2",
                "color": "#80808033"
            },
            {
                "_id": "5dd40ff",
                "title": "Transparent 3",
                "color": "#00000069"
            },
            {
                "_id": "905afed",
                "title": "Backgound Color 4",
                "color": "#2B2B2B"
            }
        ],
        "system_colors": [
            {
                "_id": "primary",
                "title": "Primary",
                "color": "#FFFFFF"
            },
            {
                "_id": "secondary",
                "title": "Secondary",
                "color": "#1D3240"
            },
            {
                "_id": "text",
                "title": "Background Color 1",
                "color": "#F0F0F0"
            },
            {
                "_id": "accent",
                "title": "Accent",
                "color": "#FFD8B9"
            }
        ],
        "system_typography": [
            {
                "_id": "primary",
                "title": "H1",
                "typography_typography": "custom",
                "typography_font_family": "Playfair Display",
                "typography_font_weight": "bold",
                "typography_font_size": {
                    "unit": "px",
                    "size": 90,
                    "sizes": []
                },
                "typography_line_height": {
                    "unit": "em",
                    "size": 1,
                    "sizes": []
                }
            },
            {
                "_id": "secondary",
                "title": "H2",
                "typography_typography": "custom",
                "typography_font_family": "Playfair Display",
                "typography_font_weight": "bold",
                "typography_font_size": {
                    "unit": "px",
                    "size": 75,
                    "sizes": []
                },
                "typography_text_transform": "uppercase",
                "typography_line_height": {
                    "unit": "em",
                    "size": 1,
                    "sizes": []
                },
                "typography_letter_spacing": {
                    "unit": "px",
                    "size": 3,
                    "sizes": []
                }
            },
            {
                "_id": "text",
                "title": "Body Text",
                "typography_typography": "custom",
                "typography_font_family": "Roboto",
                "typography_font_size": {
                    "unit": "px",
                    "size": 16,
                    "sizes": []
                },
                "typography_line_height": {
                    "unit": "em",
                    "size": 1.8,
                    "sizes": []
                }
            },
            {
                "_id": "accent",
                "title": "Accent",
                "typography_typography": "custom",
                "typography_font_family": "Roboto",
                "typography_font_weight": "400",
                "typography_font_size": {
                    "unit": "px",
                    "size": 11,
                    "sizes": []
                },
                "typography_line_height": {
                    "unit": "em",
                    "size": 1,
                    "sizes": []
                }
            }
        ],
        "custom_typography": [
            {
                "typography_typography": "custom",
                "typography_font_family": "Antonio",
                "typography_font_size": {
                    "unit": "px",
                    "size": 60,
                    "sizes": []
                },
                "typography_font_weight": "bold",
                "typography_line_height": {
                    "unit": "em",
                    "size": 1,
                    "sizes": []
                },
                "_id": "45ad774",
                "title": "Number Fonts"
            },
            {
                "_id": "35fb432",
                "title": "Number Fonts 2",
                "typography_typography": "custom",
                "typography_font_family": "Open Sans",
                "typography_font_size": {
                    "unit": "px",
                    "size": 16,
                    "sizes": []
                },
                "typography_font_weight": "bold",
                "typography_line_height": {
                    "unit": "em",
                    "size": 1.5,
                    "sizes": []
                },
                "typography_letter_spacing": {
                    "unit": "px",
                    "size": 1.5,
                    "sizes": []
                }
            },
            {
                "_id": "f8bef48",
                "title": "H3",
                "typography_typography": "custom",
                "typography_font_family": "Playfair Display",
                "typography_font_size": {
                    "unit": "px",
                    "size": 55,
                    "sizes": []
                },
                "typography_font_weight": "600",
                "typography_line_height": {
                    "unit": "em",
                    "size": 1,
                    "sizes": []
                },
                "typography_font_size_mobile": {
                    "unit": "px",
                    "size": 28,
                    "sizes": []
                }
            },
            {
                "_id": "9bd26b0",
                "title": "H4",
                "typography_typography": "custom",
                "typography_font_family": "Open Sans",
                "typography_font_size": {
                    "unit": "px",
                    "size": 33,
                    "sizes": []
                },
                "typography_font_weight": "500",
                "typography_line_height": {
                    "unit": "em",
                    "size": 1,
                    "sizes": []
                }
            },
            {
                "_id": "bfce3f4",
                "title": "H5",
                "typography_typography": "custom",
                "typography_font_family": "Playfair Display",
                "typography_font_size": {
                    "unit": "px",
                    "size": 18,
                    "sizes": []
                },
                "typography_font_weight": "600",
                "typography_line_height": {
                    "unit": "em",
                    "size": 1,
                    "sizes": []
                }
            },
            {
                "_id": "2760804",
                "title": "H6",
                "typography_typography": "custom",
                "typography_font_family": "Playfair Display",
                "typography_font_size": {
                    "unit": "px",
                    "size": 16,
                    "sizes": []
                },
                "typography_line_height": {
                    "unit": "em",
                    "size": 1.8,
                    "sizes": []
                }
            },
            {
                "_id": "613a12c",
                "title": "404 Fonts",
                "typography_typography": "custom",
                "typography_font_family": "Antonio",
                "typography_font_size": {
                    "unit": "px",
                    "size": 200,
                    "sizes": []
                },
                "typography_font_weight": "bold",
                "typography_text_transform": "uppercase"
            }
        ],
        "default_generic_fonts": "Sans-serif",
        "body_typography_typography": "custom",
        "body_typography_font_family": "Roboto",
        "h1_typography_typography": "custom",
        "h1_typography_font_family": "Playfair Display",
        "h1_typography_font_size": {
            "unit": "px",
            "size": 90,
            "sizes": []
        },
        "h1_typography_font_weight": "bold",
        "h1_typography_line_height": {
            "unit": "em",
            "size": 1.1,
            "sizes": []
        },
        "h2_typography_typography": "custom",
        "h2_typography_font_family": "Playfair Display",
        "h2_typography_font_size": {
            "unit": "px",
            "size": 75,
            "sizes": []
        },
        "h2_typography_font_weight": "bold",
        "h2_typography_line_height": {
            "unit": "em",
            "size": 1,
            "sizes": []
        },
        "h3_typography_typography": "custom",
        "h3_typography_font_family": "Playfair Display",
        "h3_typography_font_size": {
            "unit": "px",
            "size": 55,
            "sizes": []
        },
        "h4_typography_typography": "custom",
        "h4_typography_font_family": "Roboto",
        "h4_typography_font_size": {
            "unit": "px",
            "size": 33,
            "sizes": []
        },
        "h4_typography_font_weight": "500",
        "h4_typography_line_height": {
            "unit": "em",
            "size": 1,
            "sizes": []
        },
        "h5_typography_typography": "custom",
        "h5_typography_font_family": "Roboto",
        "h5_typography_font_size": {
            "unit": "px",
            "size": 18,
            "sizes": []
        },
        "h5_typography_line_height": {
            "unit": "em",
            "size": 1,
            "sizes": []
        },
        "h6_typography_typography": "custom",
        "h6_typography_font_family": "Playfair Display",
        "page_title_selector": "h1.entry-title",
        "__globals__": {
            "h1_color": "",
            "h2_color": "",
            "h3_color": "",
            "h4_color": "",
            "button_text_color": "globals\/colors?id=primary",
            "button_border_color": "globals\/colors?id=82c5256",
            "button_hover_text_color": "globals\/colors?id=82c5256",
            "button_hover_background_color": "globals\/colors?id=ec2cf3f",
            "button_hover_border_color": "globals\/colors?id=82c5256",
            "button_background_color": "globals\/colors?id=82c5256"
        },
        "viewport_md": 768,
        "viewport_lg": 1025,
        "button_border_border": "solid",
        "button_border_width": {
            "unit": "px",
            "top": "2",
            "right": "2",
            "bottom": "2",
            "left": "2",
            "isLinked": true
        },
        "button_border_radius": {
            "unit": "px",
            "top": "0",
            "right": "0",
            "bottom": "0",
            "left": "0",
            "isLinked": true
        },
        "button_hover_border_border": "solid",
        "button_hover_border_width": {
            "unit": "px",
            "top": "2",
            "right": "2",
            "bottom": "2",
            "left": "2",
            "isLinked": true
        },
        "button_hover_border_radius": {
            "unit": "px",
            "top": "0",
            "right": "0",
            "bottom": "0",
            "left": "0",
            "isLinked": true
        },
        "button_padding": {
            "unit": "px",
            "top": "15",
            "right": "30",
            "bottom": "15",
            "left": "30",
            "isLinked": false
        },
        "button_typography_typography": "custom",
        "button_typography_font_family": "Roboto",
        "button_typography_font_size": {
            "unit": "px",
            "size": 16,
            "sizes": []
        },
        "button_typography_line_height": {
            "unit": "em",
            "size": 1,
            "sizes": []
        },
        "body_typography_font_size": {
            "unit": "px",
            "size": 16,
            "sizes": []
        },
        "button_typography_font_weight": "600",
        "body_typography_font_size_mobile": {
            "unit": "px",
            "size": 10,
            "sizes": []
        },
        "h1_typography_font_size_mobile": {
            "unit": "px",
            "size": 34,
            "sizes": []
        },
        "h2_typography_font_size_mobile": {
            "unit": "px",
            "size": 30,
            "sizes": []
        },
        "h3_typography_font_size_mobile": {
            "unit": "px",
            "size": 28,
            "sizes": []
        },
        "activeItemIndex": 1,
        "body_typography_font_weight": "300",
        "body_typography_line_height": {
            "unit": "em",
            "size": 1.5,
            "sizes": []
        },
        "h1_typography_text_transform": "uppercase",
        "h6_typography_font_size": {
            "unit": "px",
            "size": 16,
            "sizes": []
        },
        "h6_typography_line_height": {
            "unit": "em",
            "size": 1.1,
            "sizes": []
        },
        "button_text_color": "#FFFFFF",
        "button_border_color": "#A8927D",
        "button_hover_text_color": "#FFFFFF",
        "h3_typography_font_weight": "bold",
        "h5_typography_font_weight": "600",
        "body_typography_letter_spacing": {
            "unit": "px",
            "size": 0.5,
            "sizes": []
        },
        "link_normal_typography_typography": "custom",
        "link_normal_typography_font_family": "IBM Plex Sans",
        "link_normal_typography_font_size": {
            "unit": "px",
            "size": 11,
            "sizes": []
        },
        "link_normal_typography_font_weight": "400",
        "link_normal_typography_line_height": {
            "unit": "em",
            "size": 1,
            "sizes": []
        },
        "h2_typography_text_transform": "uppercase",
        "h2_typography_letter_spacing": {
            "unit": "px",
            "size": 3,
            "sizes": []
        },
        "h6_typography_letter_spacing": {
            "unit": "px",
            "size": 0.5,
            "sizes": []
        },
        "h3_typography_line_height": {
            "unit": "em",
            "size": 1,
            "sizes": []
        },
        "body_background_background": "classic",
        "body_background_position": "center center",
        "body_background_repeat": "no-repeat",
        "body_background_size": "cover",
        "paragraph_spacing": {
            "unit": "px",
            "size": 5,
            "sizes": []
        },
        "h3_typography_font_size_tablet": {
            "unit": "px",
            "size": 28,
            "sizes": []
        },
        "h4_typography_font_size_tablet": {
            "unit": "px",
            "size": 25,
            "sizes": []
        },
        "h4_typography_font_size_mobile": {
            "unit": "px",
            "size": 14,
            "sizes": []
        },
        "h5_typography_font_size_mobile": {
            "unit": "px",
            "size": 12,
            "sizes": []
        },
        "button_background_color": "#A8927D",
        "button_hover_background_color": "#01010100"
    }
}