{
    "version": "0.4",
    "title": "Header Flix",
    "type": "header",
    "metadata": {
        "template_type": "section-header",
        "include_in_zip": "1",
        "elementor_pro_required": "1",
        "elementor_library_type": "header",
        "elementor_pro_conditions": [
            "include\/general"
        ],
        "additional_template_information": [
            "This is a \"Header\" template for Elementor Pro.",
            "This template will display on: Entire Site."
        ],
        "wp_page_template": "default"
    },
    "content": [
        {
            "id": "73b9d696",
            "settings": {
                "gap": "no",
                "custom_height": {
                    "unit": "px",
                    "size": 0
                },
                "content_position": "middle",
                "structure": "33",
                "background_background": "classic",
                "background_color": "#000000",
                "margin": {
                    "unit": "px",
                    "top": "",
                    "right": 0,
                    "bottom": "",
                    "left": 0,
                    "isLinked": true
                },
                "padding_tablet": {
                    "unit": "px",
                    "top": "30",
                    "right": "20",
                    "bottom": "30",
                    "left": "20",
                    "isLinked": false
                },
                "padding_mobile": {
                    "unit": "px",
                    "top": "20",
                    "right": "20",
                    "bottom": "20",
                    "left": "20",
                    "isLinked": false
                },
                "height": "min-height",
                "html_tag": "header",
                "_timestamp_": "v1TUQwc2ZpbGpOYzZ3VFY0bXk5S09sUT09"
            },
            "elements": [
                {
                    "id": "593dbfc6",
                    "settings": {
                        "_column_size": 25,
                        "_inline_size": null,
                        "_inline_size_mobile": 50
                    },
                    "elements": [
                        {
                            "id": "fc26e0",
                            "settings": {
                                "image": {
                                    "url": "http:\/\/dkkit.rometheme.pro\/flix\/wp-content\/uploads\/sites\/4\/2021\/06\/Logo-2.jpg",
                                    "id": 1877
                                },
                                "image_size": "medium",
                                "align": "left",
                                "width": {
                                    "unit": "%",
                                    "size": 50,
                                    "sizes": []
                                },
                                "space": {
                                    "unit": "%",
                                    "size": 40,
                                    "sizes": []
                                }
                            },
                            "elements": [],
                            "isInner": false,
                            "widgetType": "image",
                            "elType": "widget"
                        }
                    ],
                    "isInner": false,
                    "elType": "column"
                },
                {
                    "id": "5ee107a7",
                    "settings": {
                        "_column_size": 50,
                        "_inline_size": 70.439,
                        "_inline_size_mobile": 35
                    },
                    "elements": [
                        {
                            "id": "561b3bab",
                            "settings": {
                                "align_items": "right",
                                "animation_text": "sink",
                                "toggle_align": "right",
                                "color_menu_item": "#ffffff",
                                "pointer_width": {
                                    "unit": "px",
                                    "size": 2
                                },
                                "background_color_dropdown_item_hover": "#ededed",
                                "toggle_color": "#ffffff",
                                "toggle_size": {
                                    "unit": "px",
                                    "size": ""
                                },
                                "toggle_border_width": {
                                    "unit": "px",
                                    "size": ""
                                },
                                "toggle_border_radius": {
                                    "unit": "px",
                                    "size": 0
                                },
                                "padding_vertical_menu_item": {
                                    "unit": "px",
                                    "size": 25
                                },
                                "full_width": "stretch",
                                "dropdown_top_distance_tablet": {
                                    "unit": "px",
                                    "size": 45
                                },
                                "dropdown_top_distance_mobile": {
                                    "unit": "px",
                                    "size": 35
                                },
                                "text_align": "center",
                                "padding_horizontal_menu_item": {
                                    "unit": "px",
                                    "size": 15,
                                    "sizes": []
                                },
                                "menu_space_between": {
                                    "unit": "px",
                                    "size": 0,
                                    "sizes": []
                                },
                                "__globals__": {
                                    "menu_typography_typography": "globals\/typography?id=2760804",
                                    "color_menu_item_hover": "globals\/colors?id=82c5256",
                                    "pointer_color_menu_item_hover": "globals\/colors?id=82c5256",
                                    "dropdown_typography_typography": "globals\/typography?id=2760804",
                                    "background_color_dropdown_item": "globals\/colors?id=primary",
                                    "color_dropdown_item": "globals\/colors?id=7eeb570",
                                    "color_dropdown_item_hover": "globals\/colors?id=82c5256",
                                    "color_dropdown_item_active": "",
                                    "background_color_dropdown_item_active": "",
                                    "toggle_color_hover": "globals\/colors?id=82c5256",
                                    "color_menu_item_active": "",
                                    "pointer_color_menu_item_active": ""
                                },
                                "menu_typography_typography": "custom",
                                "menu_typography_font_family": "Playfair Display",
                                "menu_typography_font_size": {
                                    "unit": "px",
                                    "size": 16,
                                    "sizes": []
                                },
                                "menu_typography_line_height": {
                                    "unit": "em",
                                    "size": 1.8,
                                    "sizes": []
                                },
                                "color_menu_item_hover": "#A8927D",
                                "pointer_color_menu_item_hover": "#A8927D",
                                "color_dropdown_item": "#737272",
                                "background_color_dropdown_item": "#FFFFFF",
                                "color_dropdown_item_hover": "#A8927D",
                                "dropdown_typography_typography": "custom",
                                "dropdown_typography_font_family": "Playfair Display",
                                "dropdown_typography_font_size": {
                                    "unit": "px",
                                    "size": 16,
                                    "sizes": []
                                },
                                "toggle_color_hover": "#A8927D",
                                "dropdown_typography_line_height": {
                                    "unit": "em",
                                    "size": 1.8,
                                    "sizes": []
                                },
                                "dropdown_typography_line_height_tablet": {
                                    "unit": "em",
                                    "size": "",
                                    "sizes": []
                                },
                                "dropdown_typography_line_height_mobile": {
                                    "unit": "em",
                                    "size": "",
                                    "sizes": []
                                }
                            },
                            "elements": [],
                            "isInner": false,
                            "widgetType": "nav-menu",
                            "elType": "widget"
                        }
                    ],
                    "isInner": false,
                    "elType": "column"
                },
                {
                    "id": "cb78eda",
                    "settings": {
                        "_column_size": 25,
                        "_inline_size": 4.561,
                        "_inline_size_mobile": 15
                    },
                    "elements": [
                        {
                            "id": "4db48ce0",
                            "settings": {
                                "skin": "full_screen",
                                "placeholder": "Search...",
                                "button_text": "Search",
                                "toggle_size": {
                                    "unit": "px",
                                    "size": 40
                                },
                                "input_typography_font_size": {
                                    "unit": "px",
                                    "size": 35
                                },
                                "toggle_color": "rgba(255,255,255,0.28)",
                                "toggle_color_hover": "#ffffff",
                                "toggle_icon_size": {
                                    "unit": "px",
                                    "size": 50
                                },
                                "toggle_background_color": "rgba(0,0,0,0)",
                                "__globals__": {
                                    "overlay_background_color": ""
                                }
                            },
                            "elements": [],
                            "isInner": false,
                            "widgetType": "search-form",
                            "elType": "widget"
                        }
                    ],
                    "isInner": false,
                    "elType": "column"
                }
            ],
            "isInner": false,
            "elType": "section"
        }
    ]
}