{
    "version": "0.4",
    "title": "Project Two",
    "type": "page",
    "metadata": {
        "template_type": "single-page",
        "include_in_zip": "1",
        "elementor_pro_required": null,
        "wp_page_template": "elementor_header_footer"
    },
    "content": [
        {
            "id": "66fc3b99",
            "settings": {
                "height": "min-height",
                "custom_height": {
                    "unit": "px",
                    "size": 350,
                    "sizes": []
                },
                "background_background": "classic",
                "background_image": {
                    "url": "http:\/\/dkkit.rometheme.pro\/flix\/wp-content\/uploads\/sites\/4\/2021\/06\/drone-operator-and-cameraman-silhouette-FNJPYHTs.jpg",
                    "id": 1270
                },
                "background_position": "initial",
                "background_repeat": "no-repeat",
                "background_size": "cover",
                "background_ypos": {
                    "unit": "px",
                    "size": -377,
                    "sizes": []
                },
                "background_overlay_background": "classic",
                "background_overlay_opacity": {
                    "unit": "px",
                    "size": 0.8,
                    "sizes": []
                },
                "__globals__": {
                    "background_overlay_color": "globals\/colors?id=5dd40ff"
                }
            },
            "elements": [
                {
                    "id": "1e2c89",
                    "settings": {
                        "_column_size": 100,
                        "_inline_size": null,
                        "padding": {
                            "unit": "em",
                            "top": "1",
                            "right": "1",
                            "bottom": "1",
                            "left": "1",
                            "isLinked": true
                        }
                    },
                    "elements": [
                        {
                            "id": "2d7e0e91",
                            "settings": {
                                "title": "Projects",
                                "typography_font_family": "Antonio",
                                "typography_font_size": {
                                    "unit": "px",
                                    "size": 72,
                                    "sizes": []
                                },
                                "typography_font_weight": "bold",
                                "typography_line_height": {
                                    "unit": "em",
                                    "size": 1,
                                    "sizes": []
                                },
                                "__globals__": {
                                    "title_color": "globals\/colors?id=accent"
                                },
                                "align": "center"
                            },
                            "elements": [],
                            "isInner": false,
                            "widgetType": "heading",
                            "elType": "widget"
                        }
                    ],
                    "isInner": false,
                    "elType": "column"
                }
            ],
            "isInner": false,
            "elType": "section"
        },
        {
            "id": "45a6db16",
            "settings": {
                "background_background": "classic",
                "padding": {
                    "unit": "em",
                    "top": "6",
                    "right": "1",
                    "bottom": "0",
                    "left": "1",
                    "isLinked": false
                },
                "__globals__": {
                    "background_color": "globals\/colors?id=primary"
                }
            },
            "elements": [
                {
                    "id": "c8e2cb",
                    "settings": {
                        "_column_size": 100,
                        "_inline_size": null,
                        "padding": {
                            "unit": "em",
                            "top": "1",
                            "right": "1",
                            "bottom": "1",
                            "left": "1",
                            "isLinked": true
                        },
                        "margin_mobile": {
                            "unit": "px",
                            "top": "0",
                            "right": "0",
                            "bottom": "0",
                            "left": "0",
                            "isLinked": false
                        },
                        "padding_mobile": {
                            "unit": "px",
                            "top": "0",
                            "right": "0",
                            "bottom": "0",
                            "left": "0",
                            "isLinked": false
                        }
                    },
                    "elements": [
                        {
                            "id": "5763de27",
                            "settings": {
                                "title": "Our Best Film & Video",
                                "__globals__": {
                                    "title_color": "globals\/colors?id=82c5256"
                                },
                                "header_size": "h4",
                                "align": "center"
                            },
                            "elements": [],
                            "isInner": false,
                            "widgetType": "heading",
                            "elType": "widget"
                        },
                        {
                            "id": "4da8fe40",
                            "settings": {
                                "title": "Featured Film & Video",
                                "typography_font_family": "Roboto Slab",
                                "typography_font_size": {
                                    "unit": "px",
                                    "size": 25,
                                    "sizes": []
                                },
                                "typography_font_weight": "500",
                                "typography_line_height": {
                                    "unit": "em",
                                    "size": 1,
                                    "sizes": []
                                },
                                "__globals__": {
                                    "title_color": "globals\/colors?id=670b669"
                                },
                                "header_size": "h3",
                                "align": "center"
                            },
                            "elements": [],
                            "isInner": false,
                            "widgetType": "heading",
                            "elType": "widget"
                        },
                        {
                            "id": "7b934685",
                            "settings": {
                                "content_width": {
                                    "unit": "px",
                                    "size": 900,
                                    "sizes": []
                                }
                            },
                            "elements": [
                                {
                                    "id": "52bc1c5b",
                                    "settings": {
                                        "_column_size": 100,
                                        "_inline_size": 100
                                    },
                                    "elements": [
                                        {
                                            "id": "63cc19b2",
                                            "settings": {
                                                "editor": "<p>Cras quis elit eget tortor condimentum posuere. Aliquam sit amet est accumsan, bibendum velit non, aliquet erat. Mauris cursus arcu sed euismod commodo. Aliquam ornare suscipit elit, nec pharetra risus aliquam et.\u00a0<\/p>",
                                                "align": "center",
                                                "__globals__": {
                                                    "text_color": "globals\/colors?id=7eeb570"
                                                }
                                            },
                                            "elements": [],
                                            "isInner": false,
                                            "widgetType": "text-editor",
                                            "elType": "widget"
                                        }
                                    ],
                                    "isInner": true,
                                    "elType": "column"
                                }
                            ],
                            "isInner": true,
                            "elType": "section"
                        }
                    ],
                    "isInner": false,
                    "elType": "column"
                }
            ],
            "isInner": false,
            "elType": "section"
        },
        {
            "id": "5fb24699",
            "settings": {
                "structure": "30",
                "background_background": "classic",
                "padding": {
                    "unit": "em",
                    "top": "1",
                    "right": "1",
                    "bottom": "1",
                    "left": "1",
                    "isLinked": false
                },
                "__globals__": {
                    "background_color": "globals\/colors?id=primary"
                }
            },
            "elements": [
                {
                    "id": "35af12b4",
                    "settings": {
                        "_column_size": 33,
                        "_inline_size": null,
                        "space_between_widgets": 10,
                        "padding": {
                            "unit": "em",
                            "top": "1",
                            "right": "1",
                            "bottom": "1",
                            "left": "1",
                            "isLinked": true
                        }
                    },
                    "elements": [
                        {
                            "id": "4863292e",
                            "settings": {
                                "image": {
                                    "url": "http:\/\/dkkit.rometheme.pro\/flix\/wp-content\/uploads\/sites\/4\/2021\/06\/post-apocalyptic-woman-and-boy-outdoors-in-a-waste-BKBCHTZ.jpg",
                                    "id": 176
                                },
                                "image_size": "custom",
                                "link_to": "custom",
                                "link": {
                                    "url": "#",
                                    "is_external": "",
                                    "nofollow": "",
                                    "custom_attributes": ""
                                },
                                "css_filters_css_filter": "custom",
                                "css_filters_saturate": {
                                    "unit": "px",
                                    "size": 0,
                                    "sizes": []
                                },
                                "css_filters_hover_css_filter": "custom",
                                "image_custom_dimension": {
                                    "width": "1920",
                                    "height": "1280"
                                }
                            },
                            "elements": [],
                            "isInner": false,
                            "widgetType": "image",
                            "elType": "widget"
                        },
                        {
                            "id": "50673865",
                            "settings": {
                                "title": "The Survival",
                                "header_size": "h5"
                            },
                            "elements": [],
                            "isInner": false,
                            "widgetType": "heading",
                            "elType": "widget"
                        },
                        {
                            "id": "6f543a64",
                            "settings": {
                                "editor": "<p>Lorem ipsum dolor sit amet<\/p>"
                            },
                            "elements": [],
                            "isInner": false,
                            "widgetType": "text-editor",
                            "elType": "widget"
                        },
                        {
                            "id": "6554bd4d",
                            "settings": {
                                "structure": "20",
                                "margin": {
                                    "unit": "px",
                                    "top": "0",
                                    "right": 0,
                                    "bottom": "0",
                                    "left": 0,
                                    "isLinked": false
                                },
                                "padding": {
                                    "unit": "px",
                                    "top": "0",
                                    "right": "0",
                                    "bottom": "0",
                                    "left": "0",
                                    "isLinked": false
                                }
                            },
                            "elements": [
                                {
                                    "id": "3044b1c6",
                                    "settings": {
                                        "_column_size": 50,
                                        "_inline_size": null,
                                        "content_position": "center",
                                        "margin": {
                                            "unit": "px",
                                            "top": "0",
                                            "right": "0",
                                            "bottom": "0",
                                            "left": "0",
                                            "isLinked": false
                                        },
                                        "padding": {
                                            "unit": "px",
                                            "top": "0",
                                            "right": "0",
                                            "bottom": "0",
                                            "left": "0",
                                            "isLinked": false
                                        }
                                    },
                                    "elements": [
                                        {
                                            "id": "2f0e865a",
                                            "settings": {
                                                "icon_list": [
                                                    {
                                                        "text": "9067+ Views",
                                                        "selected_icon": {
                                                            "value": "fas fa-eye",
                                                            "library": "fa-solid"
                                                        },
                                                        "_id": "bbc43b5"
                                                    }
                                                ],
                                                "space_between": {
                                                    "unit": "px",
                                                    "size": 0,
                                                    "sizes": []
                                                },
                                                "__globals__": {
                                                    "icon_color": "globals\/colors?id=82c5256",
                                                    "text_color": "globals\/colors?id=670b669"
                                                }
                                            },
                                            "elements": [],
                                            "isInner": false,
                                            "widgetType": "icon-list",
                                            "elType": "widget"
                                        }
                                    ],
                                    "isInner": true,
                                    "elType": "column"
                                },
                                {
                                    "id": "1f0dc3e7",
                                    "settings": {
                                        "_column_size": 50,
                                        "_inline_size": null,
                                        "content_position": "center",
                                        "margin": {
                                            "unit": "px",
                                            "top": "0",
                                            "right": "0",
                                            "bottom": "0",
                                            "left": "0",
                                            "isLinked": false
                                        },
                                        "padding": {
                                            "unit": "px",
                                            "top": "0",
                                            "right": "0",
                                            "bottom": "0",
                                            "left": "0",
                                            "isLinked": false
                                        }
                                    },
                                    "elements": [
                                        {
                                            "id": "3e0ff1d8",
                                            "settings": {
                                                "icon_list": [
                                                    {
                                                        "text": "0 Comment",
                                                        "selected_icon": {
                                                            "value": "fas fa-comment-alt",
                                                            "library": "fa-solid"
                                                        },
                                                        "_id": "bbc43b5"
                                                    }
                                                ],
                                                "space_between": {
                                                    "unit": "px",
                                                    "size": 0,
                                                    "sizes": []
                                                },
                                                "__globals__": {
                                                    "icon_color": "globals\/colors?id=82c5256",
                                                    "text_color": "globals\/colors?id=670b669"
                                                }
                                            },
                                            "elements": [],
                                            "isInner": false,
                                            "widgetType": "icon-list",
                                            "elType": "widget"
                                        }
                                    ],
                                    "isInner": true,
                                    "elType": "column"
                                }
                            ],
                            "isInner": true,
                            "elType": "section"
                        }
                    ],
                    "isInner": false,
                    "elType": "column"
                },
                {
                    "id": "568b0e87",
                    "settings": {
                        "_column_size": 33,
                        "_inline_size": null,
                        "space_between_widgets": 10,
                        "padding": {
                            "unit": "em",
                            "top": "1",
                            "right": "1",
                            "bottom": "1",
                            "left": "1",
                            "isLinked": true
                        }
                    },
                    "elements": [
                        {
                            "id": "495566ce",
                            "settings": {
                                "image": {
                                    "url": "http:\/\/dkkit.rometheme.pro\/flix\/wp-content\/uploads\/sites\/4\/2021\/06\/stylish-bearded-man-posing-in-the-street-P57BKWY.jpg",
                                    "id": 1005
                                },
                                "image_size": "custom",
                                "link_to": "custom",
                                "link": {
                                    "url": "#",
                                    "is_external": "",
                                    "nofollow": "",
                                    "custom_attributes": ""
                                },
                                "css_filters_css_filter": "custom",
                                "css_filters_saturate": {
                                    "unit": "px",
                                    "size": 0,
                                    "sizes": []
                                },
                                "css_filters_hover_css_filter": "custom",
                                "image_custom_dimension": {
                                    "width": "1920",
                                    "height": "1280"
                                }
                            },
                            "elements": [],
                            "isInner": false,
                            "widgetType": "image",
                            "elType": "widget"
                        },
                        {
                            "id": "5b8a743d",
                            "settings": {
                                "title": "God Of Fight",
                                "header_size": "h5",
                                "__globals__": {
                                    "title_color": "globals\/colors?id=670b669"
                                }
                            },
                            "elements": [],
                            "isInner": false,
                            "widgetType": "heading",
                            "elType": "widget"
                        },
                        {
                            "id": "23466cd1",
                            "settings": {
                                "editor": "<p>Lorem ipsum dolor sit amet<\/p>"
                            },
                            "elements": [],
                            "isInner": false,
                            "widgetType": "text-editor",
                            "elType": "widget"
                        },
                        {
                            "id": "f1324fa",
                            "settings": {
                                "structure": "20",
                                "margin": {
                                    "unit": "px",
                                    "top": "0",
                                    "right": 0,
                                    "bottom": "0",
                                    "left": 0,
                                    "isLinked": false
                                },
                                "padding": {
                                    "unit": "px",
                                    "top": "0",
                                    "right": "0",
                                    "bottom": "0",
                                    "left": "0",
                                    "isLinked": false
                                }
                            },
                            "elements": [
                                {
                                    "id": "52d05aba",
                                    "settings": {
                                        "_column_size": 50,
                                        "_inline_size": null,
                                        "content_position": "center",
                                        "margin": {
                                            "unit": "px",
                                            "top": "0",
                                            "right": "0",
                                            "bottom": "0",
                                            "left": "0",
                                            "isLinked": false
                                        },
                                        "padding": {
                                            "unit": "px",
                                            "top": "0",
                                            "right": "0",
                                            "bottom": "0",
                                            "left": "0",
                                            "isLinked": false
                                        }
                                    },
                                    "elements": [
                                        {
                                            "id": "2dbadbf7",
                                            "settings": {
                                                "icon_list": [
                                                    {
                                                        "text": "9209+ Views",
                                                        "selected_icon": {
                                                            "value": "fas fa-eye",
                                                            "library": "fa-solid"
                                                        },
                                                        "_id": "bbc43b5"
                                                    }
                                                ],
                                                "space_between": {
                                                    "unit": "px",
                                                    "size": 0,
                                                    "sizes": []
                                                },
                                                "__globals__": {
                                                    "icon_color": "globals\/colors?id=82c5256",
                                                    "text_color": "globals\/colors?id=670b669"
                                                }
                                            },
                                            "elements": [],
                                            "isInner": false,
                                            "widgetType": "icon-list",
                                            "elType": "widget"
                                        }
                                    ],
                                    "isInner": true,
                                    "elType": "column"
                                },
                                {
                                    "id": "59f4baaa",
                                    "settings": {
                                        "_column_size": 50,
                                        "_inline_size": null,
                                        "content_position": "center",
                                        "margin": {
                                            "unit": "px",
                                            "top": "0",
                                            "right": "0",
                                            "bottom": "0",
                                            "left": "0",
                                            "isLinked": false
                                        },
                                        "padding": {
                                            "unit": "px",
                                            "top": "0",
                                            "right": "0",
                                            "bottom": "0",
                                            "left": "0",
                                            "isLinked": false
                                        }
                                    },
                                    "elements": [
                                        {
                                            "id": "26bf9c70",
                                            "settings": {
                                                "icon_list": [
                                                    {
                                                        "text": "0 Comment",
                                                        "selected_icon": {
                                                            "value": "fas fa-comment-alt",
                                                            "library": "fa-solid"
                                                        },
                                                        "_id": "bbc43b5"
                                                    }
                                                ],
                                                "space_between": {
                                                    "unit": "px",
                                                    "size": 0,
                                                    "sizes": []
                                                },
                                                "__globals__": {
                                                    "icon_color": "globals\/colors?id=82c5256",
                                                    "text_color": "globals\/colors?id=670b669"
                                                }
                                            },
                                            "elements": [],
                                            "isInner": false,
                                            "widgetType": "icon-list",
                                            "elType": "widget"
                                        }
                                    ],
                                    "isInner": true,
                                    "elType": "column"
                                }
                            ],
                            "isInner": true,
                            "elType": "section"
                        }
                    ],
                    "isInner": false,
                    "elType": "column"
                },
                {
                    "id": "443cd182",
                    "settings": {
                        "_column_size": 33,
                        "_inline_size": null,
                        "space_between_widgets": 10,
                        "padding": {
                            "unit": "em",
                            "top": "1",
                            "right": "1",
                            "bottom": "1",
                            "left": "1",
                            "isLinked": true
                        }
                    },
                    "elements": [
                        {
                            "id": "41f7c208",
                            "settings": {
                                "image": {
                                    "url": "http:\/\/dkkit.rometheme.pro\/flix\/wp-content\/uploads\/sites\/4\/2021\/06\/beautiful-woman-face-with-perfect-makeup-JUYA6FG.jpg",
                                    "id": 999
                                },
                                "image_size": "custom",
                                "link_to": "custom",
                                "link": {
                                    "url": "#",
                                    "is_external": "",
                                    "nofollow": "",
                                    "custom_attributes": ""
                                },
                                "css_filters_css_filter": "custom",
                                "css_filters_saturate": {
                                    "unit": "px",
                                    "size": 0,
                                    "sizes": []
                                },
                                "css_filters_hover_css_filter": "custom",
                                "image_custom_dimension": {
                                    "width": "1920",
                                    "height": "1280"
                                }
                            },
                            "elements": [],
                            "isInner": false,
                            "widgetType": "image",
                            "elType": "widget"
                        },
                        {
                            "id": "1024a323",
                            "settings": {
                                "title": "The Story Of Anee",
                                "header_size": "h5"
                            },
                            "elements": [],
                            "isInner": false,
                            "widgetType": "heading",
                            "elType": "widget"
                        },
                        {
                            "id": "7f8f9ffc",
                            "settings": {
                                "editor": "<p>Lorem ipsum dolor sit amet<\/p>"
                            },
                            "elements": [],
                            "isInner": false,
                            "widgetType": "text-editor",
                            "elType": "widget"
                        },
                        {
                            "id": "5eb9ddf2",
                            "settings": {
                                "structure": "20",
                                "margin": {
                                    "unit": "px",
                                    "top": "0",
                                    "right": 0,
                                    "bottom": "0",
                                    "left": 0,
                                    "isLinked": false
                                },
                                "padding": {
                                    "unit": "px",
                                    "top": "0",
                                    "right": "0",
                                    "bottom": "0",
                                    "left": "0",
                                    "isLinked": false
                                }
                            },
                            "elements": [
                                {
                                    "id": "1bc37e80",
                                    "settings": {
                                        "_column_size": 50,
                                        "_inline_size": null,
                                        "content_position": "center",
                                        "margin": {
                                            "unit": "px",
                                            "top": "0",
                                            "right": "0",
                                            "bottom": "0",
                                            "left": "0",
                                            "isLinked": false
                                        },
                                        "padding": {
                                            "unit": "px",
                                            "top": "0",
                                            "right": "0",
                                            "bottom": "0",
                                            "left": "0",
                                            "isLinked": false
                                        }
                                    },
                                    "elements": [
                                        {
                                            "id": "7610c448",
                                            "settings": {
                                                "icon_list": [
                                                    {
                                                        "text": "7810+ Views",
                                                        "selected_icon": {
                                                            "value": "fas fa-eye",
                                                            "library": "fa-solid"
                                                        },
                                                        "_id": "bbc43b5"
                                                    }
                                                ],
                                                "space_between": {
                                                    "unit": "px",
                                                    "size": 0,
                                                    "sizes": []
                                                },
                                                "__globals__": {
                                                    "icon_color": "globals\/colors?id=82c5256",
                                                    "text_color": "globals\/colors?id=670b669"
                                                }
                                            },
                                            "elements": [],
                                            "isInner": false,
                                            "widgetType": "icon-list",
                                            "elType": "widget"
                                        }
                                    ],
                                    "isInner": true,
                                    "elType": "column"
                                },
                                {
                                    "id": "6aea9134",
                                    "settings": {
                                        "_column_size": 50,
                                        "_inline_size": null,
                                        "content_position": "center",
                                        "margin": {
                                            "unit": "px",
                                            "top": "0",
                                            "right": "0",
                                            "bottom": "0",
                                            "left": "0",
                                            "isLinked": false
                                        },
                                        "padding": {
                                            "unit": "px",
                                            "top": "0",
                                            "right": "0",
                                            "bottom": "0",
                                            "left": "0",
                                            "isLinked": false
                                        }
                                    },
                                    "elements": [
                                        {
                                            "id": "541fd654",
                                            "settings": {
                                                "icon_list": [
                                                    {
                                                        "text": "0 Comment",
                                                        "selected_icon": {
                                                            "value": "fas fa-comment-alt",
                                                            "library": "fa-solid"
                                                        },
                                                        "_id": "bbc43b5"
                                                    }
                                                ],
                                                "space_between": {
                                                    "unit": "px",
                                                    "size": 0,
                                                    "sizes": []
                                                },
                                                "__globals__": {
                                                    "icon_color": "globals\/colors?id=82c5256",
                                                    "text_color": "globals\/colors?id=670b669"
                                                }
                                            },
                                            "elements": [],
                                            "isInner": false,
                                            "widgetType": "icon-list",
                                            "elType": "widget"
                                        }
                                    ],
                                    "isInner": true,
                                    "elType": "column"
                                }
                            ],
                            "isInner": true,
                            "elType": "section"
                        }
                    ],
                    "isInner": false,
                    "elType": "column"
                }
            ],
            "isInner": false,
            "elType": "section"
        },
        {
            "id": "53febe11",
            "settings": {
                "structure": "30",
                "background_background": "classic",
                "padding": {
                    "unit": "em",
                    "top": "1",
                    "right": "1",
                    "bottom": "6",
                    "left": "1",
                    "isLinked": false
                },
                "__globals__": {
                    "background_color": "globals\/colors?id=primary"
                }
            },
            "elements": [
                {
                    "id": "acefe02",
                    "settings": {
                        "_column_size": 33,
                        "_inline_size": null,
                        "space_between_widgets": 10,
                        "padding": {
                            "unit": "em",
                            "top": "1",
                            "right": "1",
                            "bottom": "1",
                            "left": "1",
                            "isLinked": true
                        }
                    },
                    "elements": [
                        {
                            "id": "29641cca",
                            "settings": {
                                "image": {
                                    "url": "http:\/\/dkkit.rometheme.pro\/flix\/wp-content\/uploads\/sites\/4\/2021\/06\/shadow-gost-KV55TVY.jpg",
                                    "id": 1003
                                },
                                "image_size": "custom",
                                "link_to": "custom",
                                "link": {
                                    "url": "#",
                                    "is_external": "",
                                    "nofollow": "",
                                    "custom_attributes": ""
                                },
                                "css_filters_css_filter": "custom",
                                "css_filters_saturate": {
                                    "unit": "px",
                                    "size": 0,
                                    "sizes": []
                                },
                                "css_filters_hover_css_filter": "custom",
                                "image_custom_dimension": {
                                    "width": "1920",
                                    "height": "1280"
                                }
                            },
                            "elements": [],
                            "isInner": false,
                            "widgetType": "image",
                            "elType": "widget"
                        },
                        {
                            "id": "79469bbf",
                            "settings": {
                                "title": "Shadow Gost",
                                "header_size": "h5"
                            },
                            "elements": [],
                            "isInner": false,
                            "widgetType": "heading",
                            "elType": "widget"
                        },
                        {
                            "id": "4e705556",
                            "settings": {
                                "editor": "<p>Lorem ipsum dolor sit amet<\/p>"
                            },
                            "elements": [],
                            "isInner": false,
                            "widgetType": "text-editor",
                            "elType": "widget"
                        },
                        {
                            "id": "617cce59",
                            "settings": {
                                "structure": "20",
                                "margin": {
                                    "unit": "px",
                                    "top": "0",
                                    "right": 0,
                                    "bottom": "0",
                                    "left": 0,
                                    "isLinked": false
                                },
                                "padding": {
                                    "unit": "px",
                                    "top": "0",
                                    "right": "0",
                                    "bottom": "0",
                                    "left": "0",
                                    "isLinked": false
                                }
                            },
                            "elements": [
                                {
                                    "id": "1c60bee9",
                                    "settings": {
                                        "_column_size": 50,
                                        "_inline_size": null,
                                        "content_position": "center",
                                        "margin": {
                                            "unit": "px",
                                            "top": "0",
                                            "right": "0",
                                            "bottom": "0",
                                            "left": "0",
                                            "isLinked": false
                                        },
                                        "padding": {
                                            "unit": "px",
                                            "top": "0",
                                            "right": "0",
                                            "bottom": "0",
                                            "left": "0",
                                            "isLinked": false
                                        }
                                    },
                                    "elements": [
                                        {
                                            "id": "5ccd7e57",
                                            "settings": {
                                                "icon_list": [
                                                    {
                                                        "text": "7128+ Views",
                                                        "selected_icon": {
                                                            "value": "fas fa-eye",
                                                            "library": "fa-solid"
                                                        },
                                                        "_id": "bbc43b5"
                                                    }
                                                ],
                                                "space_between": {
                                                    "unit": "px",
                                                    "size": 0,
                                                    "sizes": []
                                                },
                                                "__globals__": {
                                                    "icon_color": "globals\/colors?id=82c5256",
                                                    "text_color": "globals\/colors?id=670b669"
                                                }
                                            },
                                            "elements": [],
                                            "isInner": false,
                                            "widgetType": "icon-list",
                                            "elType": "widget"
                                        }
                                    ],
                                    "isInner": true,
                                    "elType": "column"
                                },
                                {
                                    "id": "36166372",
                                    "settings": {
                                        "_column_size": 50,
                                        "_inline_size": null,
                                        "content_position": "center",
                                        "margin": {
                                            "unit": "px",
                                            "top": "0",
                                            "right": "0",
                                            "bottom": "0",
                                            "left": "0",
                                            "isLinked": false
                                        },
                                        "padding": {
                                            "unit": "px",
                                            "top": "0",
                                            "right": "0",
                                            "bottom": "0",
                                            "left": "0",
                                            "isLinked": false
                                        }
                                    },
                                    "elements": [
                                        {
                                            "id": "53ca5a34",
                                            "settings": {
                                                "icon_list": [
                                                    {
                                                        "text": "0 Comment",
                                                        "selected_icon": {
                                                            "value": "fas fa-comment-alt",
                                                            "library": "fa-solid"
                                                        },
                                                        "_id": "bbc43b5"
                                                    }
                                                ],
                                                "space_between": {
                                                    "unit": "px",
                                                    "size": 0,
                                                    "sizes": []
                                                },
                                                "__globals__": {
                                                    "icon_color": "globals\/colors?id=82c5256",
                                                    "text_color": "globals\/colors?id=670b669"
                                                }
                                            },
                                            "elements": [],
                                            "isInner": false,
                                            "widgetType": "icon-list",
                                            "elType": "widget"
                                        }
                                    ],
                                    "isInner": true,
                                    "elType": "column"
                                }
                            ],
                            "isInner": true,
                            "elType": "section"
                        }
                    ],
                    "isInner": false,
                    "elType": "column"
                },
                {
                    "id": "41eddd45",
                    "settings": {
                        "_column_size": 33,
                        "_inline_size": null,
                        "space_between_widgets": 10,
                        "padding": {
                            "unit": "em",
                            "top": "1",
                            "right": "1",
                            "bottom": "1",
                            "left": "1",
                            "isLinked": true
                        }
                    },
                    "elements": [
                        {
                            "id": "5e6adb4d",
                            "settings": {
                                "image": {
                                    "url": "http:\/\/dkkit.rometheme.pro\/flix\/wp-content\/uploads\/sites\/4\/2021\/06\/portrait-of-mature-man-with-beard-JAVJHV8.jpg",
                                    "id": 1002
                                },
                                "image_size": "custom",
                                "link_to": "custom",
                                "link": {
                                    "url": "#",
                                    "is_external": "",
                                    "nofollow": "",
                                    "custom_attributes": ""
                                },
                                "css_filters_css_filter": "custom",
                                "css_filters_saturate": {
                                    "unit": "px",
                                    "size": 0,
                                    "sizes": []
                                },
                                "css_filters_hover_css_filter": "custom",
                                "image_custom_dimension": {
                                    "width": "1920",
                                    "height": "1280"
                                }
                            },
                            "elements": [],
                            "isInner": false,
                            "widgetType": "image",
                            "elType": "widget"
                        },
                        {
                            "id": "28950bf4",
                            "settings": {
                                "title": "The Bossman",
                                "header_size": "h5"
                            },
                            "elements": [],
                            "isInner": false,
                            "widgetType": "heading",
                            "elType": "widget"
                        },
                        {
                            "id": "43939865",
                            "settings": {
                                "editor": "<p>Lorem ipsum dolor sit amet<\/p>"
                            },
                            "elements": [],
                            "isInner": false,
                            "widgetType": "text-editor",
                            "elType": "widget"
                        },
                        {
                            "id": "535d0383",
                            "settings": {
                                "structure": "20",
                                "margin": {
                                    "unit": "px",
                                    "top": "0",
                                    "right": 0,
                                    "bottom": "0",
                                    "left": 0,
                                    "isLinked": false
                                },
                                "padding": {
                                    "unit": "px",
                                    "top": "0",
                                    "right": "0",
                                    "bottom": "0",
                                    "left": "0",
                                    "isLinked": false
                                }
                            },
                            "elements": [
                                {
                                    "id": "54f93119",
                                    "settings": {
                                        "_column_size": 50,
                                        "_inline_size": null,
                                        "content_position": "center",
                                        "margin": {
                                            "unit": "px",
                                            "top": "0",
                                            "right": "0",
                                            "bottom": "0",
                                            "left": "0",
                                            "isLinked": false
                                        },
                                        "padding": {
                                            "unit": "px",
                                            "top": "0",
                                            "right": "0",
                                            "bottom": "0",
                                            "left": "0",
                                            "isLinked": false
                                        }
                                    },
                                    "elements": [
                                        {
                                            "id": "3eccbdbe",
                                            "settings": {
                                                "icon_list": [
                                                    {
                                                        "text": "7489+ Views",
                                                        "selected_icon": {
                                                            "value": "fas fa-eye",
                                                            "library": "fa-solid"
                                                        },
                                                        "_id": "bbc43b5"
                                                    }
                                                ],
                                                "space_between": {
                                                    "unit": "px",
                                                    "size": 0,
                                                    "sizes": []
                                                },
                                                "__globals__": {
                                                    "icon_color": "globals\/colors?id=82c5256",
                                                    "text_color": "globals\/colors?id=670b669"
                                                }
                                            },
                                            "elements": [],
                                            "isInner": false,
                                            "widgetType": "icon-list",
                                            "elType": "widget"
                                        }
                                    ],
                                    "isInner": true,
                                    "elType": "column"
                                },
                                {
                                    "id": "57fa94eb",
                                    "settings": {
                                        "_column_size": 50,
                                        "_inline_size": null,
                                        "content_position": "center",
                                        "margin": {
                                            "unit": "px",
                                            "top": "0",
                                            "right": "0",
                                            "bottom": "0",
                                            "left": "0",
                                            "isLinked": false
                                        },
                                        "padding": {
                                            "unit": "px",
                                            "top": "0",
                                            "right": "0",
                                            "bottom": "0",
                                            "left": "0",
                                            "isLinked": false
                                        }
                                    },
                                    "elements": [
                                        {
                                            "id": "3da7f981",
                                            "settings": {
                                                "icon_list": [
                                                    {
                                                        "text": "0 Comment",
                                                        "selected_icon": {
                                                            "value": "fas fa-comment-alt",
                                                            "library": "fa-solid"
                                                        },
                                                        "_id": "bbc43b5"
                                                    }
                                                ],
                                                "space_between": {
                                                    "unit": "px",
                                                    "size": 0,
                                                    "sizes": []
                                                },
                                                "__globals__": {
                                                    "icon_color": "globals\/colors?id=82c5256",
                                                    "text_color": "globals\/colors?id=670b669"
                                                }
                                            },
                                            "elements": [],
                                            "isInner": false,
                                            "widgetType": "icon-list",
                                            "elType": "widget"
                                        }
                                    ],
                                    "isInner": true,
                                    "elType": "column"
                                }
                            ],
                            "isInner": true,
                            "elType": "section"
                        }
                    ],
                    "isInner": false,
                    "elType": "column"
                },
                {
                    "id": "568e44e5",
                    "settings": {
                        "_column_size": 33,
                        "_inline_size": null,
                        "space_between_widgets": 10,
                        "padding": {
                            "unit": "em",
                            "top": "1",
                            "right": "1",
                            "bottom": "1",
                            "left": "1",
                            "isLinked": true
                        }
                    },
                    "elements": [
                        {
                            "id": "738a6b40",
                            "settings": {
                                "image": {
                                    "url": "http:\/\/dkkit.rometheme.pro\/flix\/wp-content\/uploads\/sites\/4\/2021\/06\/kids-being-kids-4MZ2S95.jpg",
                                    "id": 1001
                                },
                                "image_size": "custom",
                                "link_to": "custom",
                                "link": {
                                    "url": "#",
                                    "is_external": "",
                                    "nofollow": "",
                                    "custom_attributes": ""
                                },
                                "css_filters_css_filter": "custom",
                                "css_filters_saturate": {
                                    "unit": "px",
                                    "size": 0,
                                    "sizes": []
                                },
                                "css_filters_hover_css_filter": "custom",
                                "image_custom_dimension": {
                                    "width": "1920",
                                    "height": "1280"
                                }
                            },
                            "elements": [],
                            "isInner": false,
                            "widgetType": "image",
                            "elType": "widget"
                        },
                        {
                            "id": "cd1f92",
                            "settings": {
                                "title": "The Genius",
                                "header_size": "h5"
                            },
                            "elements": [],
                            "isInner": false,
                            "widgetType": "heading",
                            "elType": "widget"
                        },
                        {
                            "id": "1134fa21",
                            "settings": {
                                "editor": "<p>Lorem ipsum dolor sit amet<\/p>"
                            },
                            "elements": [],
                            "isInner": false,
                            "widgetType": "text-editor",
                            "elType": "widget"
                        },
                        {
                            "id": "525808ec",
                            "settings": {
                                "structure": "20",
                                "margin": {
                                    "unit": "px",
                                    "top": "0",
                                    "right": 0,
                                    "bottom": "0",
                                    "left": 0,
                                    "isLinked": false
                                },
                                "padding": {
                                    "unit": "px",
                                    "top": "0",
                                    "right": "0",
                                    "bottom": "0",
                                    "left": "0",
                                    "isLinked": false
                                }
                            },
                            "elements": [
                                {
                                    "id": "2a60272b",
                                    "settings": {
                                        "_column_size": 50,
                                        "_inline_size": null,
                                        "content_position": "center",
                                        "margin": {
                                            "unit": "px",
                                            "top": "0",
                                            "right": "0",
                                            "bottom": "0",
                                            "left": "0",
                                            "isLinked": false
                                        },
                                        "padding": {
                                            "unit": "px",
                                            "top": "0",
                                            "right": "0",
                                            "bottom": "0",
                                            "left": "0",
                                            "isLinked": false
                                        }
                                    },
                                    "elements": [
                                        {
                                            "id": "75fbe6f7",
                                            "settings": {
                                                "icon_list": [
                                                    {
                                                        "text": "6621+ Views",
                                                        "selected_icon": {
                                                            "value": "fas fa-eye",
                                                            "library": "fa-solid"
                                                        },
                                                        "_id": "bbc43b5"
                                                    }
                                                ],
                                                "space_between": {
                                                    "unit": "px",
                                                    "size": 0,
                                                    "sizes": []
                                                },
                                                "__globals__": {
                                                    "icon_color": "globals\/colors?id=82c5256",
                                                    "text_color": "globals\/colors?id=670b669"
                                                }
                                            },
                                            "elements": [],
                                            "isInner": false,
                                            "widgetType": "icon-list",
                                            "elType": "widget"
                                        }
                                    ],
                                    "isInner": true,
                                    "elType": "column"
                                },
                                {
                                    "id": "3e0b3dd7",
                                    "settings": {
                                        "_column_size": 50,
                                        "_inline_size": null,
                                        "content_position": "center",
                                        "margin": {
                                            "unit": "px",
                                            "top": "0",
                                            "right": "0",
                                            "bottom": "0",
                                            "left": "0",
                                            "isLinked": false
                                        },
                                        "padding": {
                                            "unit": "px",
                                            "top": "0",
                                            "right": "0",
                                            "bottom": "0",
                                            "left": "0",
                                            "isLinked": false
                                        }
                                    },
                                    "elements": [
                                        {
                                            "id": "287bc8e8",
                                            "settings": {
                                                "icon_list": [
                                                    {
                                                        "text": "0 Comment",
                                                        "selected_icon": {
                                                            "value": "fas fa-comment-alt",
                                                            "library": "fa-solid"
                                                        },
                                                        "_id": "bbc43b5"
                                                    }
                                                ],
                                                "space_between": {
                                                    "unit": "px",
                                                    "size": 0,
                                                    "sizes": []
                                                },
                                                "__globals__": {
                                                    "icon_color": "globals\/colors?id=82c5256",
                                                    "text_color": "globals\/colors?id=670b669"
                                                }
                                            },
                                            "elements": [],
                                            "isInner": false,
                                            "widgetType": "icon-list",
                                            "elType": "widget"
                                        }
                                    ],
                                    "isInner": true,
                                    "elType": "column"
                                }
                            ],
                            "isInner": true,
                            "elType": "section"
                        }
                    ],
                    "isInner": false,
                    "elType": "column"
                }
            ],
            "isInner": false,
            "elType": "section"
        },
        {
            "id": "b1211b",
            "settings": {
                "background_background": "classic",
                "background_overlay_background": "classic",
                "background_overlay_position": "initial",
                "background_overlay_xpos": {
                    "unit": "px",
                    "size": 900,
                    "sizes": []
                },
                "background_overlay_ypos": {
                    "unit": "px",
                    "size": 33,
                    "sizes": []
                },
                "background_overlay_repeat": "no-repeat",
                "background_overlay_size": "initial",
                "background_overlay_bg_width": {
                    "unit": "%",
                    "size": 32,
                    "sizes": []
                },
                "background_overlay_opacity": {
                    "unit": "px",
                    "size": 1,
                    "sizes": []
                },
                "padding": {
                    "unit": "em",
                    "top": "1",
                    "right": "1",
                    "bottom": "1",
                    "left": "1",
                    "isLinked": false
                },
                "__globals__": {
                    "background_color": "globals\/colors?id=670b669",
                    "background_overlay_color": "globals\/colors?id=5dd40ff"
                },
                "structure": "40",
                "background_image": {
                    "url": "http:\/\/dkkit.rometheme.pro\/flix\/wp-content\/uploads\/sites\/4\/2021\/06\/camera-crane-shooting-a-movie-in-the-forest-CSQVAH4s.jpg",
                    "id": 1277
                },
                "background_position": "bottom center",
                "background_attachment": "fixed",
                "background_repeat": "no-repeat",
                "background_size": "cover"
            },
            "elements": [
                {
                    "id": "d6f1b36",
                    "settings": {
                        "_column_size": 25,
                        "_inline_size": null,
                        "padding": {
                            "unit": "em",
                            "top": "4",
                            "right": "1",
                            "bottom": "4",
                            "left": "1",
                            "isLinked": false
                        }
                    },
                    "elements": [
                        {
                            "id": "2b6979c8",
                            "settings": {
                                "ending_number": 62,
                                "suffix": "+",
                                "duration": 1800,
                                "title": "",
                                "number_color": "#010101",
                                "_border_width": {
                                    "unit": "px",
                                    "top": "0",
                                    "right": "0",
                                    "bottom": "0",
                                    "left": "0",
                                    "isLinked": false
                                },
                                "_border_color": "#80808033",
                                "__globals__": {
                                    "typography_number_typography": "globals\/typography?id=45ad774",
                                    "title_color": "globals\/colors?id=secondary",
                                    "number_color": "globals\/colors?id=primary",
                                    "_border_color": "globals\/colors?id=a5d2050",
                                    "typography_title_typography": "globals\/typography?id=35fb432"
                                },
                                "title_color": "#D48530"
                            },
                            "elements": [],
                            "isInner": false,
                            "widgetType": "counter",
                            "elType": "widget"
                        },
                        {
                            "id": "555cab94",
                            "settings": {
                                "title": "Years Experience",
                                "align": "center",
                                "__globals__": {
                                    "typography_typography": "globals\/typography?id=35fb432",
                                    "title_color": "globals\/colors?id=accent"
                                },
                                "typography_typography": "custom",
                                "typography_font_family": "Open Sans",
                                "typography_font_size": {
                                    "unit": "px",
                                    "size": 16,
                                    "sizes": []
                                },
                                "typography_font_weight": "bold",
                                "typography_line_height": {
                                    "unit": "em",
                                    "size": 1.5,
                                    "sizes": []
                                },
                                "typography_letter_spacing": {
                                    "unit": "px",
                                    "size": 1.5,
                                    "sizes": []
                                }
                            },
                            "elements": [],
                            "isInner": false,
                            "widgetType": "heading",
                            "elType": "widget"
                        }
                    ],
                    "isInner": false,
                    "elType": "column"
                },
                {
                    "id": "4cbb83fc",
                    "settings": {
                        "_column_size": 25,
                        "_inline_size": null,
                        "__globals__": {
                            "border_color": "globals\/colors?id=a5d2050"
                        },
                        "padding": {
                            "unit": "em",
                            "top": "4",
                            "right": "1",
                            "bottom": "4",
                            "left": "1",
                            "isLinked": false
                        }
                    },
                    "elements": [
                        {
                            "id": "698ec2d9",
                            "settings": {
                                "ending_number": 1889,
                                "suffix": "+",
                                "duration": 1800,
                                "title": "",
                                "number_color": "#010101",
                                "_border_width": {
                                    "unit": "px",
                                    "top": "0",
                                    "right": "0",
                                    "bottom": "0",
                                    "left": "0",
                                    "isLinked": false
                                },
                                "_border_color": "#80808033",
                                "__globals__": {
                                    "typography_number_typography": "globals\/typography?id=45ad774",
                                    "title_color": "globals\/colors?id=secondary",
                                    "number_color": "globals\/colors?id=primary",
                                    "_border_color": "globals\/colors?id=a5d2050",
                                    "typography_title_typography": "globals\/typography?id=35fb432"
                                },
                                "title_color": "#D48530"
                            },
                            "elements": [],
                            "isInner": false,
                            "widgetType": "counter",
                            "elType": "widget"
                        },
                        {
                            "id": "3dbfb21c",
                            "settings": {
                                "title": "Happy Client",
                                "align": "center",
                                "__globals__": {
                                    "typography_typography": "globals\/typography?id=35fb432",
                                    "title_color": "globals\/colors?id=accent"
                                },
                                "typography_typography": "custom",
                                "typography_font_family": "Open Sans",
                                "typography_font_size": {
                                    "unit": "px",
                                    "size": 16,
                                    "sizes": []
                                },
                                "typography_font_weight": "bold",
                                "typography_line_height": {
                                    "unit": "em",
                                    "size": 1.5,
                                    "sizes": []
                                },
                                "typography_letter_spacing": {
                                    "unit": "px",
                                    "size": 1.5,
                                    "sizes": []
                                }
                            },
                            "elements": [],
                            "isInner": false,
                            "widgetType": "heading",
                            "elType": "widget"
                        }
                    ],
                    "isInner": false,
                    "elType": "column"
                },
                {
                    "id": "45a06edd",
                    "settings": {
                        "_column_size": 25,
                        "_inline_size": null,
                        "__globals__": {
                            "border_color": "globals\/colors?id=a5d2050"
                        },
                        "padding": {
                            "unit": "em",
                            "top": "4",
                            "right": "1",
                            "bottom": "4",
                            "left": "1",
                            "isLinked": false
                        }
                    },
                    "elements": [
                        {
                            "id": "35da174b",
                            "settings": {
                                "ending_number": 2239,
                                "suffix": "+",
                                "title": "",
                                "__globals__": {
                                    "typography_number_typography": "globals\/typography?id=45ad774",
                                    "title_color": "globals\/colors?id=secondary",
                                    "number_color": "globals\/colors?id=primary",
                                    "_border_color": "globals\/colors?id=a5d2050",
                                    "typography_title_typography": "globals\/typography?id=35fb432"
                                },
                                "number_color": "#010101",
                                "_border_color": "#80808033",
                                "title_color": "#D48530",
                                "_border_width": {
                                    "unit": "px",
                                    "top": "0",
                                    "right": "0",
                                    "bottom": "0",
                                    "left": "0",
                                    "isLinked": false
                                }
                            },
                            "elements": [],
                            "isInner": false,
                            "widgetType": "counter",
                            "elType": "widget"
                        },
                        {
                            "id": "3c7716b",
                            "settings": {
                                "title": "Music Video",
                                "align": "center",
                                "__globals__": {
                                    "typography_typography": "globals\/typography?id=35fb432",
                                    "title_color": "globals\/colors?id=accent"
                                },
                                "typography_typography": "custom",
                                "typography_font_family": "Open Sans",
                                "typography_font_size": {
                                    "unit": "px",
                                    "size": 16,
                                    "sizes": []
                                },
                                "typography_font_weight": "bold",
                                "typography_line_height": {
                                    "unit": "em",
                                    "size": 1.5,
                                    "sizes": []
                                },
                                "typography_letter_spacing": {
                                    "unit": "px",
                                    "size": 1.5,
                                    "sizes": []
                                }
                            },
                            "elements": [],
                            "isInner": false,
                            "widgetType": "heading",
                            "elType": "widget"
                        }
                    ],
                    "isInner": false,
                    "elType": "column"
                },
                {
                    "id": "a477805",
                    "settings": {
                        "_column_size": 25,
                        "_inline_size": null,
                        "padding": {
                            "unit": "em",
                            "top": "4",
                            "right": "1",
                            "bottom": "4",
                            "left": "1",
                            "isLinked": false
                        }
                    },
                    "elements": [
                        {
                            "id": "5c99a957",
                            "settings": {
                                "ending_number": 1978,
                                "suffix": "+",
                                "title": "",
                                "__globals__": {
                                    "typography_number_typography": "globals\/typography?id=45ad774",
                                    "title_color": "globals\/colors?id=secondary",
                                    "number_color": "globals\/colors?id=primary",
                                    "_border_color": "globals\/colors?id=a5d2050",
                                    "typography_title_typography": "globals\/typography?id=35fb432"
                                },
                                "number_color": "#010101",
                                "_border_color": "#80808033",
                                "title_color": "#D48530",
                                "_border_width": {
                                    "unit": "px",
                                    "top": "0",
                                    "right": "0",
                                    "bottom": "0",
                                    "left": "0",
                                    "isLinked": false
                                }
                            },
                            "elements": [],
                            "isInner": false,
                            "widgetType": "counter",
                            "elType": "widget"
                        },
                        {
                            "id": "1b156a23",
                            "settings": {
                                "title": "Short Film",
                                "align": "center",
                                "__globals__": {
                                    "typography_typography": "globals\/typography?id=35fb432",
                                    "title_color": "globals\/colors?id=accent"
                                },
                                "typography_typography": "custom",
                                "typography_font_family": "Open Sans",
                                "typography_font_size": {
                                    "unit": "px",
                                    "size": 16,
                                    "sizes": []
                                },
                                "typography_font_weight": "bold",
                                "typography_line_height": {
                                    "unit": "em",
                                    "size": 1.5,
                                    "sizes": []
                                },
                                "typography_letter_spacing": {
                                    "unit": "px",
                                    "size": 1.5,
                                    "sizes": []
                                }
                            },
                            "elements": [],
                            "isInner": false,
                            "widgetType": "heading",
                            "elType": "widget"
                        }
                    ],
                    "isInner": false,
                    "elType": "column"
                }
            ],
            "isInner": false,
            "elType": "section"
        }
    ]
}