{
    "version": "0.4",
    "title": "Project One",
    "type": "page",
    "metadata": {
        "template_type": "single-page",
        "include_in_zip": "1",
        "elementor_pro_required": null,
        "wp_page_template": "elementor_header_footer"
    },
    "content": [
        {
            "id": "1b8f1981",
            "settings": {
                "height": "min-height",
                "custom_height": {
                    "unit": "px",
                    "size": 350,
                    "sizes": []
                },
                "background_background": "classic",
                "background_image": {
                    "url": "http:\/\/dkkit.rometheme.pro\/flix\/wp-content\/uploads\/sites\/4\/2021\/06\/drone-operator-and-cameraman-silhouette-FNJPYHTs.jpg",
                    "id": 1270
                },
                "background_position": "initial",
                "background_repeat": "no-repeat",
                "background_size": "cover",
                "background_ypos": {
                    "unit": "px",
                    "size": -377,
                    "sizes": []
                },
                "background_overlay_background": "classic",
                "background_overlay_opacity": {
                    "unit": "px",
                    "size": 0.8,
                    "sizes": []
                },
                "__globals__": {
                    "background_overlay_color": "globals\/colors?id=5dd40ff"
                }
            },
            "elements": [
                {
                    "id": "1cd620e6",
                    "settings": {
                        "_column_size": 100,
                        "_inline_size": null,
                        "padding": {
                            "unit": "em",
                            "top": "1",
                            "right": "1",
                            "bottom": "1",
                            "left": "1",
                            "isLinked": true
                        }
                    },
                    "elements": [
                        {
                            "id": "2d35a135",
                            "settings": {
                                "title": "Projects",
                                "typography_font_family": "Antonio",
                                "typography_font_size": {
                                    "unit": "px",
                                    "size": 72,
                                    "sizes": []
                                },
                                "typography_font_weight": "bold",
                                "typography_line_height": {
                                    "unit": "em",
                                    "size": 1,
                                    "sizes": []
                                },
                                "__globals__": {
                                    "title_color": "globals\/colors?id=accent"
                                },
                                "align": "center"
                            },
                            "elements": [],
                            "isInner": false,
                            "widgetType": "heading",
                            "elType": "widget"
                        }
                    ],
                    "isInner": false,
                    "elType": "column"
                }
            ],
            "isInner": false,
            "elType": "section"
        },
        {
            "id": "16363c0d",
            "settings": {
                "background_background": "classic",
                "padding": {
                    "unit": "em",
                    "top": "6",
                    "right": "1",
                    "bottom": "1",
                    "left": "1",
                    "isLinked": false
                },
                "__globals__": {
                    "background_color": "globals\/colors?id=primary"
                }
            },
            "elements": [
                {
                    "id": "68aeb59e",
                    "settings": {
                        "_column_size": 100,
                        "_inline_size": null,
                        "padding": {
                            "unit": "em",
                            "top": "1",
                            "right": "1",
                            "bottom": "1",
                            "left": "1",
                            "isLinked": true
                        },
                        "margin_mobile": {
                            "unit": "px",
                            "top": "0",
                            "right": "0",
                            "bottom": "0",
                            "left": "0",
                            "isLinked": false
                        },
                        "padding_mobile": {
                            "unit": "px",
                            "top": "0",
                            "right": "0",
                            "bottom": "0",
                            "left": "0",
                            "isLinked": false
                        }
                    },
                    "elements": [
                        {
                            "id": "49209031",
                            "settings": {
                                "title": "Our Best Film & Video",
                                "__globals__": {
                                    "title_color": "globals\/colors?id=82c5256"
                                },
                                "header_size": "h4",
                                "align": "center"
                            },
                            "elements": [],
                            "isInner": false,
                            "widgetType": "heading",
                            "elType": "widget"
                        },
                        {
                            "id": "252cb214",
                            "settings": {
                                "title": "Featured Film & Video",
                                "typography_font_family": "Roboto Slab",
                                "typography_font_size": {
                                    "unit": "px",
                                    "size": 25,
                                    "sizes": []
                                },
                                "typography_font_weight": "500",
                                "typography_line_height": {
                                    "unit": "em",
                                    "size": 1,
                                    "sizes": []
                                },
                                "__globals__": {
                                    "title_color": "globals\/colors?id=670b669"
                                },
                                "header_size": "h3",
                                "align": "center"
                            },
                            "elements": [],
                            "isInner": false,
                            "widgetType": "heading",
                            "elType": "widget"
                        },
                        {
                            "id": "37bd5e8e",
                            "settings": {
                                "content_width": {
                                    "unit": "px",
                                    "size": 900,
                                    "sizes": []
                                }
                            },
                            "elements": [
                                {
                                    "id": "7ea4e1d1",
                                    "settings": {
                                        "_column_size": 100,
                                        "_inline_size": 100
                                    },
                                    "elements": [
                                        {
                                            "id": "5da1c674",
                                            "settings": {
                                                "editor": "<p>Cras quis elit eget tortor condimentum posuere. Aliquam sit amet est accumsan, bibendum velit non, aliquet erat. Mauris cursus arcu sed euismod commodo. Aliquam ornare suscipit elit, nec pharetra risus aliquam et.\u00a0<\/p>",
                                                "align": "center"
                                            },
                                            "elements": [],
                                            "isInner": false,
                                            "widgetType": "text-editor",
                                            "elType": "widget"
                                        }
                                    ],
                                    "isInner": true,
                                    "elType": "column"
                                }
                            ],
                            "isInner": true,
                            "elType": "section"
                        }
                    ],
                    "isInner": false,
                    "elType": "column"
                }
            ],
            "isInner": false,
            "elType": "section"
        },
        {
            "id": "63d8b33f",
            "settings": {
                "layout": "full_width",
                "structure": "20",
                "padding": {
                    "unit": "em",
                    "top": "",
                    "right": "",
                    "bottom": "",
                    "left": "",
                    "isLinked": true
                },
                "padding_mobile": {
                    "unit": "em",
                    "top": "1",
                    "right": "1",
                    "bottom": "1",
                    "left": "1",
                    "isLinked": true
                }
            },
            "elements": [
                {
                    "id": "5edfad48",
                    "settings": {
                        "_column_size": 50,
                        "_inline_size": null,
                        "padding": {
                            "unit": "em",
                            "top": "0",
                            "right": "0",
                            "bottom": "0",
                            "left": "0",
                            "isLinked": false
                        }
                    },
                    "elements": [
                        {
                            "id": "448a5384",
                            "settings": {
                                "ekit_team_style": "long_height_hover",
                                "ekit_team_image": {
                                    "url": "http:\/\/dkkit.rometheme.pro\/flix\/wp-content\/uploads\/sites\/4\/2021\/06\/stylish-bearded-man-posing-in-the-street-P57BKWYs.jpg",
                                    "id": 1233
                                },
                                "ekit_team_thumbnail_size": "custom",
                                "ekit_team_name": "GOD OF FIGHT",
                                "ekit_team_position": "Rating : 9.1",
                                "ekit_team_short_description": "A small river named Duden flows by their place and supplies it with the necessary",
                                "ekit_team_socail_enable": "",
                                "ekit_team_social_icons": [
                                    {
                                        "ekit_team_label": "Facebook",
                                        "_id": "f3a89e0"
                                    },
                                    {
                                        "ekit_team_label": "Twitter",
                                        "ekit_team_icons": {
                                            "value": "icon icon-twitter",
                                            "library": "ekiticons"
                                        },
                                        "ekit_team_socialmedia_icon_hover_bg_color": "#1da1f2",
                                        "_id": "9d392c8"
                                    },
                                    {
                                        "ekit_team_label": "Pinterest",
                                        "ekit_team_icons": {
                                            "value": "icon icon-pinterest",
                                            "library": "ekiticons"
                                        },
                                        "ekit_team_socialmedia_icon_hover_bg_color": "#e60023",
                                        "_id": "3881d6a"
                                    }
                                ],
                                "ekit_team_description": "A small river named Duden flows by their place and supplies it with the necessary",
                                "ekit_team_phone": "+1 (859) 254-6589",
                                "ekit_team_email": "info@example.com",
                                "ekit_team_background_content_hover_background": "classic",
                                "ekit_team_background_content_hover_color": "#00000069",
                                "ekit_team_content_inner_padding": {
                                    "unit": "em",
                                    "top": "0",
                                    "right": "0",
                                    "bottom": "10",
                                    "left": "0",
                                    "isLinked": false
                                },
                                "ekit_team_text_content_typography_font_family": "Open Sans",
                                "ekit_team_text_content_typography_font_size": {
                                    "unit": "px",
                                    "size": 16,
                                    "sizes": []
                                },
                                "ekit_team_text_content_typography_font_weight": "bold",
                                "ekit_team_text_content_typography_line_height": {
                                    "unit": "em",
                                    "size": 1.5,
                                    "sizes": []
                                },
                                "ekit_team_text_content_typography_letter_spacing": {
                                    "unit": "px",
                                    "size": 1.5,
                                    "sizes": []
                                },
                                "__globals__": {
                                    "ekit_team_background_content_hover_color": "globals\/colors?id=5dd40ff",
                                    "ekit_team_name_typography_typography": "globals\/typography?id=bfce3f4",
                                    "ekit_team_text_content_typography_typography": "",
                                    "ekit_team_position_typography_typography": "globals\/typography?id=text"
                                },
                                "ekit_team_show_short_description": "",
                                "ekit_team_chose_popup": "",
                                "ekit_team_content_padding_tablet": {
                                    "unit": "px",
                                    "top": "0",
                                    "right": "0",
                                    "bottom": "0",
                                    "left": "0",
                                    "isLinked": false
                                },
                                "ekit_team_content_inner_padding_tablet": {
                                    "unit": "px",
                                    "top": "0",
                                    "right": "0",
                                    "bottom": "0",
                                    "left": "0",
                                    "isLinked": false
                                },
                                "ekit_team_name_margin_tablet": {
                                    "unit": "px",
                                    "size": 0,
                                    "sizes": []
                                },
                                "ekit_team_thumbnail_custom_dimension": {
                                    "width": "1920",
                                    "height": "1280"
                                }
                            },
                            "elements": [],
                            "isInner": false,
                            "widgetType": "elementskit-team",
                            "elType": "widget"
                        },
                        {
                            "id": "21c2687f",
                            "settings": {
                                "structure": "20",
                                "margin": {
                                    "unit": "px",
                                    "top": "-20",
                                    "right": 0,
                                    "bottom": "0",
                                    "left": 0,
                                    "isLinked": false
                                },
                                "padding": {
                                    "unit": "px",
                                    "top": "0",
                                    "right": "0",
                                    "bottom": "0",
                                    "left": "0",
                                    "isLinked": false
                                }
                            },
                            "elements": [
                                {
                                    "id": "1621cd5e",
                                    "settings": {
                                        "_column_size": 50,
                                        "_inline_size": null,
                                        "margin": {
                                            "unit": "px",
                                            "top": "0",
                                            "right": "0",
                                            "bottom": "0",
                                            "left": "0",
                                            "isLinked": false
                                        },
                                        "padding": {
                                            "unit": "px",
                                            "top": "0",
                                            "right": "0",
                                            "bottom": "0",
                                            "left": "0",
                                            "isLinked": false
                                        }
                                    },
                                    "elements": [
                                        {
                                            "id": "3b8a97f5",
                                            "settings": {
                                                "ekit_team_style": "long_height_hover",
                                                "ekit_team_image": {
                                                    "url": "http:\/\/dkkit.rometheme.pro\/flix\/wp-content\/uploads\/sites\/4\/2021\/06\/post-apocalyptic-woman-and-boy-outdoors-in-a-waste-BKBCHTZa.jpg",
                                                    "id": 756
                                                },
                                                "ekit_team_thumbnail_size": "custom",
                                                "ekit_team_name": "JOURNEY OF DESERT",
                                                "ekit_team_position": "Rating : 8.9",
                                                "ekit_team_short_description": "A small river named Duden flows by their place and supplies it with the necessary",
                                                "ekit_team_socail_enable": "",
                                                "ekit_team_social_icons": [
                                                    {
                                                        "ekit_team_label": "Facebook",
                                                        "_id": "f3a89e0"
                                                    },
                                                    {
                                                        "ekit_team_label": "Twitter",
                                                        "ekit_team_icons": {
                                                            "value": "icon icon-twitter",
                                                            "library": "ekiticons"
                                                        },
                                                        "ekit_team_socialmedia_icon_hover_bg_color": "#1da1f2",
                                                        "_id": "9d392c8"
                                                    },
                                                    {
                                                        "ekit_team_label": "Pinterest",
                                                        "ekit_team_icons": {
                                                            "value": "icon icon-pinterest",
                                                            "library": "ekiticons"
                                                        },
                                                        "ekit_team_socialmedia_icon_hover_bg_color": "#e60023",
                                                        "_id": "3881d6a"
                                                    }
                                                ],
                                                "ekit_team_description": "A small river named Duden flows by their place and supplies it with the necessary",
                                                "ekit_team_phone": "+1 (859) 254-6589",
                                                "ekit_team_email": "info@example.com",
                                                "ekit_team_background_content_hover_background": "classic",
                                                "__globals__": {
                                                    "ekit_team_background_content_hover_color": "globals\/colors?id=5dd40ff",
                                                    "ekit_team_name_typography_typography": "globals\/typography?id=bfce3f4",
                                                    "ekit_team_text_content_typography_typography": "",
                                                    "ekit_team_position_typography_typography": "globals\/typography?id=text"
                                                },
                                                "ekit_team_chose_popup": "",
                                                "ekit_team_background_content_hover_color": "#00000069",
                                                "ekit_team_content_inner_padding": {
                                                    "unit": "em",
                                                    "top": "0",
                                                    "right": "0",
                                                    "bottom": "3",
                                                    "left": "0",
                                                    "isLinked": false
                                                },
                                                "ekit_team_text_content_typography_font_family": "Open Sans",
                                                "ekit_team_text_content_typography_font_size": {
                                                    "unit": "px",
                                                    "size": 16,
                                                    "sizes": []
                                                },
                                                "ekit_team_text_content_typography_font_weight": "bold",
                                                "ekit_team_text_content_typography_line_height": {
                                                    "unit": "em",
                                                    "size": 1.5,
                                                    "sizes": []
                                                },
                                                "ekit_team_text_content_typography_letter_spacing": {
                                                    "unit": "px",
                                                    "size": 1.5,
                                                    "sizes": []
                                                },
                                                "ekit_team_name_margin": {
                                                    "unit": "px",
                                                    "size": 0,
                                                    "sizes": []
                                                },
                                                "ekit_team_thumbnail_custom_dimension": {
                                                    "width": "1920",
                                                    "height": "1280"
                                                }
                                            },
                                            "elements": [],
                                            "isInner": false,
                                            "widgetType": "elementskit-team",
                                            "elType": "widget"
                                        }
                                    ],
                                    "isInner": true,
                                    "elType": "column"
                                },
                                {
                                    "id": "2002592e",
                                    "settings": {
                                        "_column_size": 50,
                                        "_inline_size": null,
                                        "margin": {
                                            "unit": "px",
                                            "top": "0",
                                            "right": "0",
                                            "bottom": "0",
                                            "left": "0",
                                            "isLinked": false
                                        },
                                        "padding": {
                                            "unit": "px",
                                            "top": "0",
                                            "right": "0",
                                            "bottom": "0",
                                            "left": "0",
                                            "isLinked": false
                                        }
                                    },
                                    "elements": [
                                        {
                                            "id": "8260010",
                                            "settings": {
                                                "ekit_team_style": "long_height_hover",
                                                "ekit_team_image": {
                                                    "url": "http:\/\/dkkit.rometheme.pro\/flix\/wp-content\/uploads\/sites\/4\/2021\/06\/shadow-gost-KV55TVY.jpg",
                                                    "id": 1003
                                                },
                                                "ekit_team_thumbnail_size": "custom",
                                                "ekit_team_name": "MAGICIAN",
                                                "ekit_team_position": "Rating ; 8.7",
                                                "ekit_team_short_description": "A small river named Duden flows by their place and supplies it with the necessary",
                                                "ekit_team_socail_enable": "",
                                                "ekit_team_social_icons": [
                                                    {
                                                        "ekit_team_label": "Facebook",
                                                        "_id": "f3a89e0"
                                                    },
                                                    {
                                                        "ekit_team_label": "Twitter",
                                                        "ekit_team_icons": {
                                                            "value": "icon icon-twitter",
                                                            "library": "ekiticons"
                                                        },
                                                        "ekit_team_socialmedia_icon_hover_bg_color": "#1da1f2",
                                                        "_id": "9d392c8"
                                                    },
                                                    {
                                                        "ekit_team_label": "Pinterest",
                                                        "ekit_team_icons": {
                                                            "value": "icon icon-pinterest",
                                                            "library": "ekiticons"
                                                        },
                                                        "ekit_team_socialmedia_icon_hover_bg_color": "#e60023",
                                                        "_id": "3881d6a"
                                                    }
                                                ],
                                                "ekit_team_description": "A small river named Duden flows by their place and supplies it with the necessary",
                                                "ekit_team_phone": "+1 (859) 254-6589",
                                                "ekit_team_email": "info@example.com",
                                                "ekit_team_background_content_hover_background": "classic",
                                                "__globals__": {
                                                    "ekit_team_background_content_hover_color": "globals\/colors?id=5dd40ff",
                                                    "ekit_team_name_typography_typography": "globals\/typography?id=bfce3f4",
                                                    "ekit_team_text_content_typography_typography": "",
                                                    "ekit_team_position_typography_typography": "globals\/typography?id=text"
                                                },
                                                "ekit_team_chose_popup": "",
                                                "ekit_team_background_content_hover_color": "#00000069",
                                                "ekit_team_content_inner_padding": {
                                                    "unit": "em",
                                                    "top": "0",
                                                    "right": "0",
                                                    "bottom": "3",
                                                    "left": "0",
                                                    "isLinked": false
                                                },
                                                "ekit_team_text_content_typography_font_family": "Open Sans",
                                                "ekit_team_text_content_typography_font_size": {
                                                    "unit": "px",
                                                    "size": 16,
                                                    "sizes": []
                                                },
                                                "ekit_team_text_content_typography_font_weight": "bold",
                                                "ekit_team_text_content_typography_line_height": {
                                                    "unit": "em",
                                                    "size": 1.5,
                                                    "sizes": []
                                                },
                                                "ekit_team_text_content_typography_letter_spacing": {
                                                    "unit": "px",
                                                    "size": 1.5,
                                                    "sizes": []
                                                },
                                                "ekit_team_name_margin": {
                                                    "unit": "px",
                                                    "size": 0,
                                                    "sizes": []
                                                },
                                                "ekit_team_thumbnail_custom_dimension": {
                                                    "width": "1920",
                                                    "height": "1280"
                                                }
                                            },
                                            "elements": [],
                                            "isInner": false,
                                            "widgetType": "elementskit-team",
                                            "elType": "widget"
                                        }
                                    ],
                                    "isInner": true,
                                    "elType": "column"
                                }
                            ],
                            "isInner": true,
                            "elType": "section"
                        }
                    ],
                    "isInner": false,
                    "elType": "column"
                },
                {
                    "id": "6aaacd9a",
                    "settings": {
                        "_column_size": 50,
                        "_inline_size": null,
                        "padding": {
                            "unit": "em",
                            "top": "0",
                            "right": "0",
                            "bottom": "0",
                            "left": "0",
                            "isLinked": false
                        }
                    },
                    "elements": [
                        {
                            "id": "1fd2b65e",
                            "settings": {
                                "structure": "20",
                                "margin": {
                                    "unit": "px",
                                    "top": "0",
                                    "right": 0,
                                    "bottom": "0",
                                    "left": 0,
                                    "isLinked": false
                                },
                                "padding": {
                                    "unit": "px",
                                    "top": "0",
                                    "right": "0",
                                    "bottom": "0",
                                    "left": "0",
                                    "isLinked": false
                                }
                            },
                            "elements": [
                                {
                                    "id": "744be89b",
                                    "settings": {
                                        "_column_size": 50,
                                        "_inline_size": null,
                                        "margin": {
                                            "unit": "px",
                                            "top": "0",
                                            "right": "0",
                                            "bottom": "0",
                                            "left": "0",
                                            "isLinked": false
                                        },
                                        "padding": {
                                            "unit": "px",
                                            "top": "0",
                                            "right": "0",
                                            "bottom": "0",
                                            "left": "0",
                                            "isLinked": false
                                        }
                                    },
                                    "elements": [
                                        {
                                            "id": "57a9f260",
                                            "settings": {
                                                "ekit_team_style": "long_height_hover",
                                                "ekit_team_image": {
                                                    "url": "http:\/\/dkkit.rometheme.pro\/flix\/wp-content\/uploads\/sites\/4\/2021\/06\/portrait-of-mature-man-with-beard-JAVJHV8.jpg",
                                                    "id": 1002
                                                },
                                                "ekit_team_thumbnail_size": "custom",
                                                "ekit_team_name": "THE BOSSMAN",
                                                "ekit_team_position": "Rating : 9.0",
                                                "ekit_team_short_description": "A small river named Duden flows by their place and supplies it with the necessary",
                                                "ekit_team_socail_enable": "",
                                                "ekit_team_social_icons": [
                                                    {
                                                        "ekit_team_label": "Facebook",
                                                        "_id": "f3a89e0"
                                                    },
                                                    {
                                                        "ekit_team_label": "Twitter",
                                                        "ekit_team_icons": {
                                                            "value": "icon icon-twitter",
                                                            "library": "ekiticons"
                                                        },
                                                        "ekit_team_socialmedia_icon_hover_bg_color": "#1da1f2",
                                                        "_id": "9d392c8"
                                                    },
                                                    {
                                                        "ekit_team_label": "Pinterest",
                                                        "ekit_team_icons": {
                                                            "value": "icon icon-pinterest",
                                                            "library": "ekiticons"
                                                        },
                                                        "ekit_team_socialmedia_icon_hover_bg_color": "#e60023",
                                                        "_id": "3881d6a"
                                                    }
                                                ],
                                                "ekit_team_description": "A small river named Duden flows by their place and supplies it with the necessary",
                                                "ekit_team_phone": "+1 (859) 254-6589",
                                                "ekit_team_email": "info@example.com",
                                                "ekit_team_background_content_hover_background": "classic",
                                                "__globals__": {
                                                    "ekit_team_background_content_hover_color": "globals\/colors?id=5dd40ff",
                                                    "ekit_team_name_typography_typography": "globals\/typography?id=bfce3f4",
                                                    "ekit_team_text_content_typography_typography": "",
                                                    "ekit_team_position_typography_typography": "globals\/typography?id=text"
                                                },
                                                "ekit_team_chose_popup": "",
                                                "ekit_team_background_content_hover_color": "#00000069",
                                                "ekit_team_content_inner_padding": {
                                                    "unit": "em",
                                                    "top": "0",
                                                    "right": "0",
                                                    "bottom": "3",
                                                    "left": "0",
                                                    "isLinked": false
                                                },
                                                "ekit_team_text_content_typography_font_family": "Open Sans",
                                                "ekit_team_text_content_typography_font_size": {
                                                    "unit": "px",
                                                    "size": 16,
                                                    "sizes": []
                                                },
                                                "ekit_team_text_content_typography_font_weight": "bold",
                                                "ekit_team_text_content_typography_line_height": {
                                                    "unit": "em",
                                                    "size": 1.5,
                                                    "sizes": []
                                                },
                                                "ekit_team_text_content_typography_letter_spacing": {
                                                    "unit": "px",
                                                    "size": 1.5,
                                                    "sizes": []
                                                },
                                                "ekit_team_name_margin": {
                                                    "unit": "px",
                                                    "size": 0,
                                                    "sizes": []
                                                },
                                                "ekit_team_thumbnail_custom_dimension": {
                                                    "width": "1920",
                                                    "height": "1280"
                                                }
                                            },
                                            "elements": [],
                                            "isInner": false,
                                            "widgetType": "elementskit-team",
                                            "elType": "widget"
                                        }
                                    ],
                                    "isInner": true,
                                    "elType": "column"
                                },
                                {
                                    "id": "30a4ecab",
                                    "settings": {
                                        "_column_size": 50,
                                        "_inline_size": null,
                                        "margin": {
                                            "unit": "px",
                                            "top": "0",
                                            "right": "0",
                                            "bottom": "0",
                                            "left": "0",
                                            "isLinked": false
                                        },
                                        "padding": {
                                            "unit": "px",
                                            "top": "0",
                                            "right": "0",
                                            "bottom": "0",
                                            "left": "0",
                                            "isLinked": false
                                        }
                                    },
                                    "elements": [
                                        {
                                            "id": "55cfe7cf",
                                            "settings": {
                                                "ekit_team_style": "long_height_hover",
                                                "ekit_team_image": {
                                                    "url": "http:\/\/dkkit.rometheme.pro\/flix\/wp-content\/uploads\/sites\/4\/2021\/06\/kids-being-kids-4MZ2S95s.jpg",
                                                    "id": 1242
                                                },
                                                "ekit_team_thumbnail_size": "custom",
                                                "ekit_team_name": "THE GENIUS",
                                                "ekit_team_position": "Rating : 9.0",
                                                "ekit_team_short_description": "A small river named Duden flows by their place and supplies it with the necessary",
                                                "ekit_team_socail_enable": "",
                                                "ekit_team_social_icons": [
                                                    {
                                                        "ekit_team_label": "Facebook",
                                                        "_id": "f3a89e0"
                                                    },
                                                    {
                                                        "ekit_team_label": "Twitter",
                                                        "ekit_team_icons": {
                                                            "value": "icon icon-twitter",
                                                            "library": "ekiticons"
                                                        },
                                                        "ekit_team_socialmedia_icon_hover_bg_color": "#1da1f2",
                                                        "_id": "9d392c8"
                                                    },
                                                    {
                                                        "ekit_team_label": "Pinterest",
                                                        "ekit_team_icons": {
                                                            "value": "icon icon-pinterest",
                                                            "library": "ekiticons"
                                                        },
                                                        "ekit_team_socialmedia_icon_hover_bg_color": "#e60023",
                                                        "_id": "3881d6a"
                                                    }
                                                ],
                                                "ekit_team_description": "A small river named Duden flows by their place and supplies it with the necessary",
                                                "ekit_team_phone": "+1 (859) 254-6589",
                                                "ekit_team_email": "info@example.com",
                                                "ekit_team_background_content_hover_background": "classic",
                                                "__globals__": {
                                                    "ekit_team_background_content_hover_color": "globals\/colors?id=5dd40ff",
                                                    "ekit_team_name_typography_typography": "globals\/typography?id=bfce3f4",
                                                    "ekit_team_text_content_typography_typography": "",
                                                    "ekit_team_position_typography_typography": "globals\/typography?id=text"
                                                },
                                                "ekit_team_chose_popup": "",
                                                "ekit_team_background_content_hover_color": "#00000069",
                                                "ekit_team_content_inner_padding": {
                                                    "unit": "em",
                                                    "top": "0",
                                                    "right": "0",
                                                    "bottom": "3",
                                                    "left": "0",
                                                    "isLinked": false
                                                },
                                                "ekit_team_text_content_typography_font_family": "Open Sans",
                                                "ekit_team_text_content_typography_font_size": {
                                                    "unit": "px",
                                                    "size": 16,
                                                    "sizes": []
                                                },
                                                "ekit_team_text_content_typography_font_weight": "bold",
                                                "ekit_team_text_content_typography_line_height": {
                                                    "unit": "em",
                                                    "size": 1.5,
                                                    "sizes": []
                                                },
                                                "ekit_team_text_content_typography_letter_spacing": {
                                                    "unit": "px",
                                                    "size": 1.5,
                                                    "sizes": []
                                                },
                                                "ekit_team_name_margin": {
                                                    "unit": "px",
                                                    "size": 0,
                                                    "sizes": []
                                                },
                                                "ekit_team_thumbnail_custom_dimension": {
                                                    "width": "1920",
                                                    "height": "1280"
                                                }
                                            },
                                            "elements": [],
                                            "isInner": false,
                                            "widgetType": "elementskit-team",
                                            "elType": "widget"
                                        }
                                    ],
                                    "isInner": true,
                                    "elType": "column"
                                }
                            ],
                            "isInner": true,
                            "elType": "section"
                        },
                        {
                            "id": "32831285",
                            "settings": {
                                "ekit_team_style": "long_height_hover",
                                "ekit_team_image": {
                                    "url": "http:\/\/dkkit.rometheme.pro\/flix\/wp-content\/uploads\/sites\/4\/2021\/06\/nuclear-post-apocalypse-survivors-PGKBE29a.jpg",
                                    "id": 757
                                },
                                "ekit_team_thumbnail_size": "custom",
                                "ekit_team_name": "THE SURVIVAL",
                                "ekit_team_position": "Rating : 9.0",
                                "ekit_team_short_description": "A small river named Duden flows by their place and supplies it with the necessary",
                                "ekit_team_socail_enable": "",
                                "ekit_team_social_icons": [
                                    {
                                        "ekit_team_label": "Facebook",
                                        "_id": "f3a89e0"
                                    },
                                    {
                                        "ekit_team_label": "Twitter",
                                        "ekit_team_icons": {
                                            "value": "icon icon-twitter",
                                            "library": "ekiticons"
                                        },
                                        "ekit_team_socialmedia_icon_hover_bg_color": "#1da1f2",
                                        "_id": "9d392c8"
                                    },
                                    {
                                        "ekit_team_label": "Pinterest",
                                        "ekit_team_icons": {
                                            "value": "icon icon-pinterest",
                                            "library": "ekiticons"
                                        },
                                        "ekit_team_socialmedia_icon_hover_bg_color": "#e60023",
                                        "_id": "3881d6a"
                                    }
                                ],
                                "ekit_team_description": "A small river named Duden flows by their place and supplies it with the necessary",
                                "ekit_team_phone": "+1 (859) 254-6589",
                                "ekit_team_email": "info@example.com",
                                "ekit_team_background_content_hover_background": "classic",
                                "__globals__": {
                                    "ekit_team_background_content_hover_color": "globals\/colors?id=5dd40ff",
                                    "ekit_team_name_typography_typography": "globals\/typography?id=bfce3f4",
                                    "ekit_team_text_content_typography_typography": "",
                                    "ekit_team_position_typography_typography": "globals\/typography?id=text"
                                },
                                "ekit_team_chose_popup": "",
                                "ekit_team_background_content_hover_color": "#00000069",
                                "ekit_team_content_inner_padding": {
                                    "unit": "em",
                                    "top": "0",
                                    "right": "0",
                                    "bottom": "10",
                                    "left": "0",
                                    "isLinked": false
                                },
                                "ekit_team_text_content_typography_font_family": "Open Sans",
                                "ekit_team_text_content_typography_font_size": {
                                    "unit": "px",
                                    "size": 16,
                                    "sizes": []
                                },
                                "ekit_team_text_content_typography_font_weight": "bold",
                                "ekit_team_text_content_typography_line_height": {
                                    "unit": "em",
                                    "size": 1.5,
                                    "sizes": []
                                },
                                "ekit_team_text_content_typography_letter_spacing": {
                                    "unit": "px",
                                    "size": 1.5,
                                    "sizes": []
                                },
                                "ekit_team_content_padding_tablet": {
                                    "unit": "px",
                                    "top": "0",
                                    "right": "0",
                                    "bottom": "0",
                                    "left": "0",
                                    "isLinked": false
                                },
                                "ekit_team_content_inner_padding_tablet": {
                                    "unit": "px",
                                    "top": "0",
                                    "right": "0",
                                    "bottom": "0",
                                    "left": "0",
                                    "isLinked": false
                                },
                                "ekit_team_name_margin_tablet": {
                                    "unit": "px",
                                    "size": 0,
                                    "sizes": []
                                },
                                "ekit_team_thumbnail_custom_dimension": {
                                    "width": "1920",
                                    "height": "1280"
                                }
                            },
                            "elements": [],
                            "isInner": false,
                            "widgetType": "elementskit-team",
                            "elType": "widget"
                        }
                    ],
                    "isInner": false,
                    "elType": "column"
                }
            ],
            "isInner": false,
            "elType": "section"
        },
        {
            "id": "3c549e7a",
            "settings": {
                "gap": "no",
                "background_background": "classic",
                "background_overlay_background": "classic",
                "background_overlay_position": "initial",
                "background_overlay_xpos": {
                    "unit": "px",
                    "size": -135,
                    "sizes": []
                },
                "background_overlay_repeat": "no-repeat",
                "background_overlay_size": "cover",
                "background_overlay_bg_width": {
                    "unit": "%",
                    "size": 34,
                    "sizes": []
                },
                "background_overlay_opacity": {
                    "unit": "px",
                    "size": 0.33,
                    "sizes": []
                },
                "padding": {
                    "unit": "em",
                    "top": "3",
                    "right": "1",
                    "bottom": "3",
                    "left": "1",
                    "isLinked": false
                },
                "__globals__": {
                    "background_color": "globals\/colors?id=670b669"
                },
                "content_position": "middle",
                "structure": "22",
                "background_overlay_attachment": "fixed"
            },
            "elements": [
                {
                    "id": "1728c742",
                    "settings": {
                        "_column_size": 66,
                        "_inline_size": null,
                        "padding": {
                            "unit": "em",
                            "top": "1",
                            "right": "1",
                            "bottom": "1",
                            "left": "1",
                            "isLinked": true
                        }
                    },
                    "elements": [
                        {
                            "id": "4c8dc31b",
                            "settings": {
                                "title": "Did You",
                                "__globals__": {
                                    "title_color": "globals\/colors?id=accent"
                                },
                                "header_size": "h4",
                                "align": "left"
                            },
                            "elements": [],
                            "isInner": false,
                            "widgetType": "heading",
                            "elType": "widget"
                        },
                        {
                            "id": "5459c0c1",
                            "settings": {
                                "title": "Need Quality Movie or Video?",
                                "typography_font_family": "Roboto Slab",
                                "typography_font_size": {
                                    "unit": "px",
                                    "size": 25,
                                    "sizes": []
                                },
                                "typography_font_weight": "500",
                                "typography_line_height": {
                                    "unit": "em",
                                    "size": 1,
                                    "sizes": []
                                },
                                "__globals__": {
                                    "title_color": "globals\/colors?id=primary"
                                },
                                "align": "left",
                                "_z_index": 2,
                                "header_size": "h3"
                            },
                            "elements": [],
                            "isInner": false,
                            "widgetType": "heading",
                            "elType": "widget"
                        }
                    ],
                    "isInner": false,
                    "elType": "column"
                },
                {
                    "id": "1220a9f",
                    "settings": {
                        "_column_size": 33,
                        "_inline_size": null,
                        "content_position": "center",
                        "padding": {
                            "unit": "em",
                            "top": "1",
                            "right": "1",
                            "bottom": "1",
                            "left": "1",
                            "isLinked": true
                        }
                    },
                    "elements": [
                        {
                            "id": "66444c34",
                            "settings": [],
                            "elements": [
                                {
                                    "id": "4936a396",
                                    "settings": {
                                        "_column_size": 100,
                                        "_inline_size": null,
                                        "content_position": "center",
                                        "padding": {
                                            "unit": "em",
                                            "top": "0",
                                            "right": "0",
                                            "bottom": "0",
                                            "left": "0",
                                            "isLinked": true
                                        }
                                    },
                                    "elements": [
                                        {
                                            "id": "146ce811",
                                            "settings": {
                                                "text": "Hire Us Now!",
                                                "typography_font_family": "Roboto",
                                                "border_width": {
                                                    "unit": "px",
                                                    "top": "1",
                                                    "right": "1",
                                                    "bottom": "1",
                                                    "left": "1",
                                                    "isLinked": true
                                                },
                                                "border_width_mobile": {
                                                    "unit": "px",
                                                    "top": "1",
                                                    "right": "1",
                                                    "bottom": "1",
                                                    "left": "1",
                                                    "isLinked": true
                                                },
                                                "text_padding_mobile": {
                                                    "unit": "px",
                                                    "top": "8",
                                                    "right": "17",
                                                    "bottom": "8",
                                                    "left": "17",
                                                    "isLinked": false
                                                },
                                                "__globals__": {
                                                    "button_background_hover_color": "",
                                                    "hover_color": "",
                                                    "background_color": "",
                                                    "button_hover_border_color": "globals\/colors?id=7eeb570",
                                                    "border_color": "globals\/colors?id=7eeb570",
                                                    "button_text_color": ""
                                                },
                                                "align": "right",
                                                "button_hover_border_color": "#E8E8E8",
                                                "border_color": "#E8E8E8",
                                                "background_background": "",
                                                "button_background_hover_background": ""
                                            },
                                            "elements": [],
                                            "isInner": false,
                                            "widgetType": "button",
                                            "elType": "widget"
                                        }
                                    ],
                                    "isInner": true,
                                    "elType": "column"
                                }
                            ],
                            "isInner": true,
                            "elType": "section"
                        }
                    ],
                    "isInner": false,
                    "elType": "column"
                }
            ],
            "isInner": false,
            "elType": "section"
        }
    ]
}