{
    "version": "0.4",
    "title": "Team",
    "type": "page",
    "metadata": {
        "template_type": "single-page",
        "include_in_zip": "1",
        "elementor_pro_required": null,
        "wp_page_template": "elementor_header_footer"
    },
    "content": [
        {
            "id": "37661f5a",
            "settings": {
                "height": "min-height",
                "custom_height": {
                    "unit": "px",
                    "size": 350,
                    "sizes": []
                },
                "background_background": "classic",
                "background_image": {
                    "url": "http:\/\/dkkit.rometheme.pro\/flix\/wp-content\/uploads\/sites\/4\/2021\/06\/silhoutte-images-of-video-production-and-lighting-8SLYFXB.jpg",
                    "id": 1488
                },
                "background_position": "center center",
                "background_repeat": "no-repeat",
                "background_size": "cover",
                "background_overlay_background": "classic",
                "background_overlay_opacity": {
                    "unit": "px",
                    "size": 1,
                    "sizes": []
                },
                "__globals__": {
                    "background_overlay_color": "globals\/colors?id=5dd40ff"
                }
            },
            "elements": [
                {
                    "id": "4ed7f591",
                    "settings": {
                        "_column_size": 100,
                        "_inline_size": null,
                        "padding": {
                            "unit": "em",
                            "top": "1",
                            "right": "1",
                            "bottom": "1",
                            "left": "1",
                            "isLinked": true
                        }
                    },
                    "elements": [
                        {
                            "id": "3e84ac34",
                            "settings": {
                                "title": "TEAM",
                                "typography_font_family": "Antonio",
                                "typography_font_size": {
                                    "unit": "px",
                                    "size": 72,
                                    "sizes": []
                                },
                                "typography_font_weight": "bold",
                                "typography_line_height": {
                                    "unit": "em",
                                    "size": 1,
                                    "sizes": []
                                },
                                "__globals__": {
                                    "title_color": "globals\/colors?id=accent"
                                },
                                "align": "center"
                            },
                            "elements": [],
                            "isInner": false,
                            "widgetType": "heading",
                            "elType": "widget"
                        }
                    ],
                    "isInner": false,
                    "elType": "column"
                }
            ],
            "isInner": false,
            "elType": "section"
        },
        {
            "id": "5977eb4e",
            "settings": {
                "structure": "30",
                "background_background": "classic",
                "padding": {
                    "unit": "em",
                    "top": "6",
                    "right": "1",
                    "bottom": "6",
                    "left": "1",
                    "isLinked": false
                },
                "__globals__": {
                    "background_color": "globals\/colors?id=primary"
                }
            },
            "elements": [
                {
                    "id": "2edd1620",
                    "settings": {
                        "_column_size": 33,
                        "_inline_size": null,
                        "padding": {
                            "unit": "em",
                            "top": "1",
                            "right": "1",
                            "bottom": "1",
                            "left": "1",
                            "isLinked": true
                        },
                        "space_between_widgets": 3
                    },
                    "elements": [
                        {
                            "id": "579dc90d",
                            "settings": {
                                "image": {
                                    "url": "http:\/\/dkkit.rometheme.pro\/flix\/wp-content\/uploads\/sites\/4\/2021\/06\/bearded-blond-male-dressed-in-a-waistcoat-MPNUG4D.jpg",
                                    "id": 1027
                                },
                                "link_to": "custom",
                                "link": {
                                    "url": "#",
                                    "is_external": "",
                                    "nofollow": "",
                                    "custom_attributes": ""
                                },
                                "css_filters_css_filter": "custom",
                                "css_filters_contrast": {
                                    "unit": "px",
                                    "size": 106,
                                    "sizes": []
                                },
                                "css_filters_saturate": {
                                    "unit": "px",
                                    "size": 0,
                                    "sizes": []
                                },
                                "css_filters_hover_css_filter": "custom",
                                "image_size": "custom",
                                "image_custom_dimension": {
                                    "width": "600",
                                    "height": "900"
                                }
                            },
                            "elements": [],
                            "isInner": false,
                            "widgetType": "image",
                            "elType": "widget"
                        },
                        {
                            "id": "67b7d03b",
                            "settings": {
                                "space": {
                                    "unit": "px",
                                    "size": 15,
                                    "sizes": []
                                }
                            },
                            "elements": [],
                            "isInner": false,
                            "widgetType": "spacer",
                            "elType": "widget"
                        },
                        {
                            "id": "2d9ea90c",
                            "settings": {
                                "title": "Stefano. D",
                                "typography_font_family": "Roboto Slab",
                                "typography_font_size": {
                                    "unit": "px",
                                    "size": 25,
                                    "sizes": []
                                },
                                "typography_font_weight": "500",
                                "typography_line_height": {
                                    "unit": "em",
                                    "size": 1,
                                    "sizes": []
                                },
                                "__globals__": {
                                    "title_color": "globals\/colors?id=82c5256"
                                },
                                "header_size": "h5"
                            },
                            "elements": [],
                            "isInner": false,
                            "widgetType": "heading",
                            "elType": "widget"
                        },
                        {
                            "id": "34c8d59d",
                            "settings": {
                                "editor": "<p>Director<\/p>",
                                "_padding": {
                                    "unit": "em",
                                    "top": "",
                                    "right": "",
                                    "bottom": "",
                                    "left": "",
                                    "isLinked": true
                                }
                            },
                            "elements": [],
                            "isInner": false,
                            "widgetType": "text-editor",
                            "elType": "widget"
                        }
                    ],
                    "isInner": false,
                    "elType": "column"
                },
                {
                    "id": "41899dac",
                    "settings": {
                        "_column_size": 33,
                        "_inline_size": null,
                        "padding": {
                            "unit": "em",
                            "top": "1",
                            "right": "1",
                            "bottom": "1",
                            "left": "1",
                            "isLinked": true
                        }
                    },
                    "elements": [
                        {
                            "id": "3e655cf0",
                            "settings": {
                                "title": "Professional Directors",
                                "typography_font_family": "Roboto Slab",
                                "typography_font_size": {
                                    "unit": "px",
                                    "size": 25,
                                    "sizes": []
                                },
                                "typography_font_weight": "500",
                                "typography_line_height": {
                                    "unit": "em",
                                    "size": 1,
                                    "sizes": []
                                },
                                "__globals__": {
                                    "title_color": "globals\/colors?id=670b669"
                                },
                                "header_size": "h3"
                            },
                            "elements": [],
                            "isInner": false,
                            "widgetType": "heading",
                            "elType": "widget"
                        },
                        {
                            "id": "32023c1",
                            "settings": {
                                "editor": "<p>Duis et urna ipsum. Sed tincidunt pulvinar velit cursus tincidunt. In eu vestibulum ligula, quis convallis justo. Vivamus enim nisl, auctor et lacus quis, posuere interdum mi.\u00a0<\/p>"
                            },
                            "elements": [],
                            "isInner": false,
                            "widgetType": "text-editor",
                            "elType": "widget"
                        },
                        {
                            "id": "113ffe8f",
                            "settings": {
                                "icon_list": [
                                    {
                                        "text": "09 Awards in 2017\/2018",
                                        "selected_icon": {
                                            "value": "icon icon-trophy",
                                            "library": "ekiticons"
                                        },
                                        "_id": "7c3fa67"
                                    }
                                ],
                                "space_between": {
                                    "unit": "px",
                                    "size": 0,
                                    "sizes": []
                                },
                                "icon_align": "left",
                                "icon_size": {
                                    "unit": "px",
                                    "size": 30,
                                    "sizes": []
                                },
                                "icon_self_align": "left",
                                "text_indent": {
                                    "unit": "px",
                                    "size": 17,
                                    "sizes": []
                                },
                                "__globals__": {
                                    "icon_color": "globals\/colors?id=82c5256",
                                    "icon_typography_typography": "globals\/typography?id=35fb432",
                                    "text_color": "globals\/colors?id=secondary"
                                }
                            },
                            "elements": [],
                            "isInner": false,
                            "widgetType": "icon-list",
                            "elType": "widget"
                        },
                        {
                            "id": "4d2b79ab",
                            "settings": {
                                "editor": "<p>Duis et urna ipsum. Sed tincidunt pulvinar velit cursus tincidunt. In eu vestibulum ligula, quis convallis justo.\u00a0<\/p>",
                                "_padding": {
                                    "unit": "em",
                                    "top": "",
                                    "right": "",
                                    "bottom": "",
                                    "left": "",
                                    "isLinked": true
                                },
                                "align": "left"
                            },
                            "elements": [],
                            "isInner": false,
                            "widgetType": "text-editor",
                            "elType": "widget"
                        },
                        {
                            "id": "5b9c3af1",
                            "settings": {
                                "icon_list": [
                                    {
                                        "text": "07 Awards in 2020\/2021",
                                        "selected_icon": {
                                            "value": "icon icon-trophy",
                                            "library": "ekiticons"
                                        },
                                        "_id": "7c3fa67"
                                    }
                                ],
                                "space_between": {
                                    "unit": "px",
                                    "size": 0,
                                    "sizes": []
                                },
                                "icon_align": "left",
                                "icon_size": {
                                    "unit": "px",
                                    "size": 30,
                                    "sizes": []
                                },
                                "icon_self_align": "left",
                                "text_indent": {
                                    "unit": "px",
                                    "size": 17,
                                    "sizes": []
                                },
                                "__globals__": {
                                    "icon_color": "globals\/colors?id=82c5256",
                                    "icon_typography_typography": "globals\/typography?id=35fb432",
                                    "text_color": "globals\/colors?id=secondary"
                                }
                            },
                            "elements": [],
                            "isInner": false,
                            "widgetType": "icon-list",
                            "elType": "widget"
                        },
                        {
                            "id": "20235bf",
                            "settings": {
                                "editor": "<p>Duis et urna ipsum. Sed tincidunt pulvinar velit cursus tincidunt. In eu vestibulum ligula, quis convallis justo.\u00a0<\/p>",
                                "_padding": {
                                    "unit": "em",
                                    "top": "",
                                    "right": "",
                                    "bottom": "",
                                    "left": "",
                                    "isLinked": true
                                },
                                "align": "left"
                            },
                            "elements": [],
                            "isInner": false,
                            "widgetType": "text-editor",
                            "elType": "widget"
                        }
                    ],
                    "isInner": false,
                    "elType": "column"
                },
                {
                    "id": "285479ca",
                    "settings": {
                        "_column_size": 33,
                        "_inline_size": null,
                        "padding": {
                            "unit": "em",
                            "top": "1",
                            "right": "1",
                            "bottom": "1",
                            "left": "1",
                            "isLinked": true
                        },
                        "space_between_widgets": 3
                    },
                    "elements": [
                        {
                            "id": "1594b5d7",
                            "settings": [],
                            "elements": [],
                            "isInner": false,
                            "widgetType": "spacer",
                            "elType": "widget"
                        },
                        {
                            "id": "56bc74fa",
                            "settings": {
                                "margin": {
                                    "unit": "em",
                                    "top": "0",
                                    "right": 0,
                                    "bottom": "0",
                                    "left": 0,
                                    "isLinked": false
                                }
                            },
                            "elements": [
                                {
                                    "id": "5c78f11f",
                                    "settings": {
                                        "_column_size": 100,
                                        "_inline_size": null,
                                        "space_between_widgets": 5
                                    },
                                    "elements": [
                                        {
                                            "id": "542daa11",
                                            "settings": {
                                                "title": "Abraham. S",
                                                "typography_font_family": "Roboto Slab",
                                                "typography_font_size": {
                                                    "unit": "px",
                                                    "size": 25,
                                                    "sizes": []
                                                },
                                                "typography_font_weight": "500",
                                                "typography_line_height": {
                                                    "unit": "em",
                                                    "size": 1,
                                                    "sizes": []
                                                },
                                                "__globals__": {
                                                    "title_color": "globals\/colors?id=82c5256"
                                                },
                                                "header_size": "h5",
                                                "align": "left"
                                            },
                                            "elements": [],
                                            "isInner": false,
                                            "widgetType": "heading",
                                            "elType": "widget"
                                        },
                                        {
                                            "id": "5bedcd61",
                                            "settings": {
                                                "editor": "<p>Creative Director<\/p>",
                                                "align": "left",
                                                "_padding": {
                                                    "unit": "em",
                                                    "top": "",
                                                    "right": "",
                                                    "bottom": "",
                                                    "left": "",
                                                    "isLinked": true
                                                },
                                                "__globals__": {
                                                    "text_color": ""
                                                }
                                            },
                                            "elements": [],
                                            "isInner": false,
                                            "widgetType": "text-editor",
                                            "elType": "widget"
                                        }
                                    ],
                                    "isInner": true,
                                    "elType": "column"
                                }
                            ],
                            "isInner": true,
                            "elType": "section"
                        },
                        {
                            "id": "3d83be9f",
                            "settings": {
                                "image": {
                                    "url": "http:\/\/dkkit.rometheme.pro\/flix\/wp-content\/uploads\/sites\/4\/2021\/06\/close-up-portrait-of-young-pensive-bearded-man-RJCGFCZ.jpg",
                                    "id": 1028
                                },
                                "image_size": "custom",
                                "css_filters_css_filter": "custom",
                                "css_filters_contrast": {
                                    "unit": "px",
                                    "size": 106,
                                    "sizes": []
                                },
                                "css_filters_saturate": {
                                    "unit": "px",
                                    "size": 0,
                                    "sizes": []
                                },
                                "css_filters_hover_css_filter": "custom",
                                "image_custom_dimension": {
                                    "width": "600",
                                    "height": "900"
                                }
                            },
                            "elements": [],
                            "isInner": false,
                            "widgetType": "image",
                            "elType": "widget"
                        }
                    ],
                    "isInner": false,
                    "elType": "column"
                }
            ],
            "isInner": false,
            "elType": "section"
        },
        {
            "id": "60e7f89e",
            "settings": {
                "gap": "no",
                "structure": "21",
                "background_background": "classic",
                "background_color_stop": {
                    "unit": "%",
                    "size": 90,
                    "sizes": []
                },
                "background_color_b_stop": {
                    "unit": "%",
                    "size": 90,
                    "sizes": []
                },
                "background_gradient_angle": {
                    "unit": "deg",
                    "size": 90,
                    "sizes": []
                },
                "padding": {
                    "unit": "em",
                    "top": "6",
                    "right": "1",
                    "bottom": "6",
                    "left": "1",
                    "isLinked": false
                },
                "__globals__": {
                    "background_color": "globals\/colors?id=text",
                    "background_color_b": "globals\/colors?id=accent"
                }
            },
            "elements": [
                {
                    "id": "6d1514a4",
                    "settings": {
                        "_column_size": 33,
                        "_inline_size": null,
                        "padding": {
                            "unit": "em",
                            "top": "1",
                            "right": "1",
                            "bottom": "1",
                            "left": "1",
                            "isLinked": true
                        }
                    },
                    "elements": [
                        {
                            "id": "53b9874c",
                            "settings": {
                                "title": "Meet Our Best Team",
                                "header_size": "h3",
                                "__globals__": {
                                    "title_color": "globals\/colors?id=670b669"
                                }
                            },
                            "elements": [],
                            "isInner": false,
                            "widgetType": "heading",
                            "elType": "widget"
                        },
                        {
                            "id": "6ea898a9",
                            "settings": {
                                "editor": "<p>Cras condimentum lacus vel sapien pellentesque, ut commodo est cursus. Donec ut vulputate ligula, ac semper magna. Mauris ut ex non magna euismod molestie non sed purus. Sed quis velit volutpat, dapibus enim et, vulputate quam.\u00a0<\/p>",
                                "_padding": {
                                    "unit": "em",
                                    "top": "",
                                    "right": "",
                                    "bottom": "",
                                    "left": "",
                                    "isLinked": true
                                },
                                "align": "left"
                            },
                            "elements": [],
                            "isInner": false,
                            "widgetType": "text-editor",
                            "elType": "widget"
                        },
                        {
                            "id": "53f8e78f",
                            "settings": {
                                "text": "Learn More",
                                "typography_font_family": "Roboto",
                                "border_width": {
                                    "unit": "px",
                                    "top": "1",
                                    "right": "1",
                                    "bottom": "1",
                                    "left": "1",
                                    "isLinked": true
                                },
                                "border_width_mobile": {
                                    "unit": "px",
                                    "top": "1",
                                    "right": "1",
                                    "bottom": "1",
                                    "left": "1",
                                    "isLinked": true
                                },
                                "text_padding_mobile": {
                                    "unit": "px",
                                    "top": "8",
                                    "right": "17",
                                    "bottom": "8",
                                    "left": "17",
                                    "isLinked": false
                                },
                                "__globals__": {
                                    "button_background_hover_color": "",
                                    "hover_color": "",
                                    "background_color": "",
                                    "button_hover_border_color": "globals\/colors?id=7eeb570",
                                    "border_color": "globals\/colors?id=7eeb570",
                                    "button_text_color": ""
                                },
                                "align": "left",
                                "button_background_hover_background": "",
                                "button_hover_border_color": "#E8E8E8",
                                "border_color": "#E8E8E8",
                                "icon_align": "right",
                                "background_background": ""
                            },
                            "elements": [],
                            "isInner": false,
                            "widgetType": "button",
                            "elType": "widget"
                        }
                    ],
                    "isInner": false,
                    "elType": "column"
                },
                {
                    "id": "34557b7b",
                    "settings": {
                        "_column_size": 66,
                        "_inline_size": null
                    },
                    "elements": [
                        {
                            "id": "36ecfc1d",
                            "settings": {
                                "structure": "30"
                            },
                            "elements": [
                                {
                                    "id": "736b2854",
                                    "settings": {
                                        "_column_size": 33,
                                        "_inline_size": null,
                                        "padding": {
                                            "unit": "em",
                                            "top": "1",
                                            "right": "1",
                                            "bottom": "1",
                                            "left": "1",
                                            "isLinked": true
                                        }
                                    },
                                    "elements": [
                                        {
                                            "id": "d61b422",
                                            "settings": {
                                                "ekit_image_box_image": {
                                                    "url": "http:\/\/dkkit.rometheme.pro\/flix\/wp-content\/uploads\/sites\/4\/2021\/06\/man-wearing-a-white-t-shirt-ZW892CCvv.png",
                                                    "id": 2166
                                                },
                                                "ekit_image_box_title_text": "Gianluigi",
                                                "ekit_image_box_description_text": "Head Designer",
                                                "ekit_image_box_enable_btn": "",
                                                "ekit_image_box_btn_text": "Learn more ",
                                                "ekit_imagebox_container_spacing": {
                                                    "unit": "em",
                                                    "top": "1",
                                                    "right": "0",
                                                    "bottom": "0",
                                                    "left": "0",
                                                    "isLinked": false
                                                },
                                                "__globals__": {
                                                    "ekit_image_box_title_typography_typography": "globals\/typography?id=text",
                                                    "ekit_image_box_title_typography_description_typography": "globals\/typography?id=accent",
                                                    "ekit_image_box_heading_color": "globals\/colors?id=7eeb570",
                                                    "ekit_image_box_heading_color_hover": "globals\/colors?id=82c5256"
                                                },
                                                "ekit_image_box_title_bottom_space": {
                                                    "unit": "px",
                                                    "top": "0",
                                                    "right": "0",
                                                    "bottom": "2",
                                                    "left": "0",
                                                    "isLinked": false
                                                },
                                                "ekit_image_box_thumbnail_size": "custom",
                                                "ekit_image_box_thumbnail_custom_dimension": {
                                                    "width": "600",
                                                    "height": "800"
                                                }
                                            },
                                            "elements": [],
                                            "isInner": false,
                                            "widgetType": "elementskit-image-box",
                                            "elType": "widget"
                                        }
                                    ],
                                    "isInner": true,
                                    "elType": "column"
                                },
                                {
                                    "id": "2040859",
                                    "settings": {
                                        "_column_size": 33,
                                        "_inline_size": null,
                                        "padding": {
                                            "unit": "em",
                                            "top": "1",
                                            "right": "1",
                                            "bottom": "1",
                                            "left": "1",
                                            "isLinked": true
                                        }
                                    },
                                    "elements": [
                                        {
                                            "id": "63a2fb9f",
                                            "settings": {
                                                "ekit_image_box_image": {
                                                    "url": "http:\/\/dkkit.rometheme.pro\/flix\/wp-content\/uploads\/sites\/4\/2021\/06\/cool-young-man-with-a-long-beard-wearing-sunglasse-83RWPCUa.png",
                                                    "id": 1724
                                                },
                                                "ekit_image_box_title_text": "Rossi. D",
                                                "ekit_image_box_description_text": "Head Crew",
                                                "ekit_image_box_enable_btn": "",
                                                "ekit_image_box_btn_text": "Learn more ",
                                                "ekit_imagebox_container_spacing": {
                                                    "unit": "em",
                                                    "top": "1",
                                                    "right": "0",
                                                    "bottom": "0",
                                                    "left": "0",
                                                    "isLinked": false
                                                },
                                                "__globals__": {
                                                    "ekit_image_box_title_typography_typography": "globals\/typography?id=text",
                                                    "ekit_image_box_title_typography_description_typography": "globals\/typography?id=accent",
                                                    "ekit_image_box_heading_color": "globals\/colors?id=7eeb570",
                                                    "ekit_image_box_heading_color_hover": "globals\/colors?id=82c5256"
                                                },
                                                "ekit_image_box_title_bottom_space": {
                                                    "unit": "px",
                                                    "top": "0",
                                                    "right": "0",
                                                    "bottom": "2",
                                                    "left": "0",
                                                    "isLinked": false
                                                },
                                                "ekit_image_box_thumbnail_size": "custom",
                                                "ekit_image_box_thumbnail_custom_dimension": {
                                                    "width": "600",
                                                    "height": "800"
                                                }
                                            },
                                            "elements": [],
                                            "isInner": false,
                                            "widgetType": "elementskit-image-box",
                                            "elType": "widget"
                                        }
                                    ],
                                    "isInner": true,
                                    "elType": "column"
                                },
                                {
                                    "id": "a51ceef",
                                    "settings": {
                                        "_column_size": 33,
                                        "_inline_size": null,
                                        "padding": {
                                            "unit": "em",
                                            "top": "1",
                                            "right": "1",
                                            "bottom": "1",
                                            "left": "1",
                                            "isLinked": true
                                        }
                                    },
                                    "elements": [
                                        {
                                            "id": "206264d0",
                                            "settings": {
                                                "ekit_image_box_image": {
                                                    "url": "http:\/\/dkkit.rometheme.pro\/flix\/wp-content\/uploads\/sites\/4\/2021\/06\/man-wearing-white-blank-t-shirt-5WTJHZZaaa.png",
                                                    "id": 2170
                                                },
                                                "ekit_image_box_title_text": "Petruci",
                                                "ekit_image_box_description_text": "Head of Coordination",
                                                "ekit_image_box_enable_btn": "",
                                                "ekit_image_box_btn_text": "Learn more ",
                                                "ekit_imagebox_container_spacing": {
                                                    "unit": "em",
                                                    "top": "1",
                                                    "right": "0",
                                                    "bottom": "0",
                                                    "left": "0",
                                                    "isLinked": false
                                                },
                                                "__globals__": {
                                                    "ekit_image_box_title_typography_typography": "globals\/typography?id=text",
                                                    "ekit_image_box_title_typography_description_typography": "globals\/typography?id=accent",
                                                    "ekit_image_box_heading_color": "globals\/colors?id=7eeb570",
                                                    "ekit_image_box_heading_color_hover": "globals\/colors?id=82c5256"
                                                },
                                                "ekit_image_box_title_bottom_space": {
                                                    "unit": "px",
                                                    "top": "0",
                                                    "right": "0",
                                                    "bottom": "2",
                                                    "left": "0",
                                                    "isLinked": false
                                                },
                                                "ekit_image_box_thumbnail_size": "custom",
                                                "ekit_image_box_thumbnail_custom_dimension": {
                                                    "width": "600",
                                                    "height": "800"
                                                }
                                            },
                                            "elements": [],
                                            "isInner": false,
                                            "widgetType": "elementskit-image-box",
                                            "elType": "widget"
                                        }
                                    ],
                                    "isInner": true,
                                    "elType": "column"
                                }
                            ],
                            "isInner": true,
                            "elType": "section"
                        }
                    ],
                    "isInner": false,
                    "elType": "column"
                }
            ],
            "isInner": false,
            "elType": "section"
        },
        {
            "id": "5ddb1ba5",
            "settings": {
                "gap": "no",
                "background_background": "classic",
                "background_overlay_background": "classic",
                "background_overlay_position": "initial",
                "background_overlay_xpos": {
                    "unit": "px",
                    "size": -135,
                    "sizes": []
                },
                "background_overlay_repeat": "no-repeat",
                "background_overlay_size": "cover",
                "background_overlay_bg_width": {
                    "unit": "%",
                    "size": 34,
                    "sizes": []
                },
                "background_overlay_opacity": {
                    "unit": "px",
                    "size": 0.33,
                    "sizes": []
                },
                "padding": {
                    "unit": "em",
                    "top": "3",
                    "right": "1",
                    "bottom": "3",
                    "left": "1",
                    "isLinked": false
                },
                "__globals__": {
                    "background_color": "globals\/colors?id=670b669"
                },
                "content_position": "middle",
                "structure": "22",
                "background_overlay_attachment": "fixed"
            },
            "elements": [
                {
                    "id": "58f69294",
                    "settings": {
                        "_column_size": 66,
                        "_inline_size": null,
                        "padding": {
                            "unit": "em",
                            "top": "1",
                            "right": "1",
                            "bottom": "1",
                            "left": "1",
                            "isLinked": true
                        }
                    },
                    "elements": [
                        {
                            "id": "12914332",
                            "settings": {
                                "title": "Did You",
                                "__globals__": {
                                    "title_color": "globals\/colors?id=accent"
                                },
                                "header_size": "h4",
                                "align": "left"
                            },
                            "elements": [],
                            "isInner": false,
                            "widgetType": "heading",
                            "elType": "widget"
                        },
                        {
                            "id": "44b9bc35",
                            "settings": {
                                "title": "Need Quality Movie or Video?",
                                "typography_font_family": "Roboto Slab",
                                "typography_font_size": {
                                    "unit": "px",
                                    "size": 25,
                                    "sizes": []
                                },
                                "typography_font_weight": "500",
                                "typography_line_height": {
                                    "unit": "em",
                                    "size": 1,
                                    "sizes": []
                                },
                                "__globals__": {
                                    "title_color": "globals\/colors?id=primary"
                                },
                                "align": "left",
                                "_z_index": 2,
                                "header_size": "h3"
                            },
                            "elements": [],
                            "isInner": false,
                            "widgetType": "heading",
                            "elType": "widget"
                        }
                    ],
                    "isInner": false,
                    "elType": "column"
                },
                {
                    "id": "3dc34aaa",
                    "settings": {
                        "_column_size": 33,
                        "_inline_size": null,
                        "content_position": "center",
                        "padding": {
                            "unit": "em",
                            "top": "1",
                            "right": "1",
                            "bottom": "1",
                            "left": "1",
                            "isLinked": true
                        }
                    },
                    "elements": [
                        {
                            "id": "630d858b",
                            "settings": [],
                            "elements": [
                                {
                                    "id": "5d8794ac",
                                    "settings": {
                                        "_column_size": 100,
                                        "_inline_size": null,
                                        "content_position": "center",
                                        "padding": {
                                            "unit": "em",
                                            "top": "0",
                                            "right": "0",
                                            "bottom": "0",
                                            "left": "0",
                                            "isLinked": true
                                        }
                                    },
                                    "elements": [
                                        {
                                            "id": "4466a7ce",
                                            "settings": {
                                                "text": "Hire Us Now!",
                                                "typography_font_family": "Roboto",
                                                "border_width": {
                                                    "unit": "px",
                                                    "top": "1",
                                                    "right": "1",
                                                    "bottom": "1",
                                                    "left": "1",
                                                    "isLinked": true
                                                },
                                                "border_width_mobile": {
                                                    "unit": "px",
                                                    "top": "1",
                                                    "right": "1",
                                                    "bottom": "1",
                                                    "left": "1",
                                                    "isLinked": true
                                                },
                                                "text_padding_mobile": {
                                                    "unit": "px",
                                                    "top": "8",
                                                    "right": "17",
                                                    "bottom": "8",
                                                    "left": "17",
                                                    "isLinked": false
                                                },
                                                "__globals__": {
                                                    "button_background_hover_color": "",
                                                    "hover_color": "",
                                                    "background_color": "",
                                                    "button_hover_border_color": "globals\/colors?id=7eeb570",
                                                    "border_color": "globals\/colors?id=7eeb570",
                                                    "button_text_color": ""
                                                },
                                                "align": "right",
                                                "button_hover_border_color": "#E8E8E8",
                                                "border_color": "#E8E8E8",
                                                "background_background": "",
                                                "button_background_hover_background": ""
                                            },
                                            "elements": [],
                                            "isInner": false,
                                            "widgetType": "button",
                                            "elType": "widget"
                                        }
                                    ],
                                    "isInner": true,
                                    "elType": "column"
                                }
                            ],
                            "isInner": true,
                            "elType": "section"
                        }
                    ],
                    "isInner": false,
                    "elType": "column"
                }
            ],
            "isInner": false,
            "elType": "section"
        },
        {
            "id": "753c0fa1",
            "settings": {
                "gap": "no",
                "background_background": "classic",
                "background_overlay_background": "classic",
                "background_overlay_position": "initial",
                "background_overlay_xpos": {
                    "unit": "px",
                    "size": 900,
                    "sizes": []
                },
                "background_overlay_ypos": {
                    "unit": "px",
                    "size": 33,
                    "sizes": []
                },
                "background_overlay_repeat": "no-repeat",
                "background_overlay_size": "initial",
                "background_overlay_bg_width": {
                    "unit": "%",
                    "size": 32,
                    "sizes": []
                },
                "background_overlay_opacity": {
                    "unit": "px",
                    "size": 0.3,
                    "sizes": []
                },
                "padding": {
                    "unit": "em",
                    "top": "6",
                    "right": "1",
                    "bottom": "6",
                    "left": "1",
                    "isLinked": false
                },
                "__globals__": {
                    "background_color": ""
                }
            },
            "elements": [
                {
                    "id": "56405df9",
                    "settings": {
                        "_column_size": 100,
                        "_inline_size": null,
                        "padding": {
                            "unit": "em",
                            "top": "1",
                            "right": "1",
                            "bottom": "1",
                            "left": "1",
                            "isLinked": true
                        },
                        "margin_mobile": {
                            "unit": "px",
                            "top": "0",
                            "right": "0",
                            "bottom": "0",
                            "left": "0",
                            "isLinked": false
                        },
                        "padding_mobile": {
                            "unit": "px",
                            "top": "0",
                            "right": "0",
                            "bottom": "0",
                            "left": "0",
                            "isLinked": false
                        }
                    },
                    "elements": [
                        {
                            "id": "46a2a3ba",
                            "settings": {
                                "title": "Our Testimonials",
                                "__globals__": {
                                    "title_color": "globals\/colors?id=82c5256"
                                },
                                "header_size": "h4",
                                "align": "center"
                            },
                            "elements": [],
                            "isInner": false,
                            "widgetType": "heading",
                            "elType": "widget"
                        },
                        {
                            "id": "552b98aa",
                            "settings": {
                                "title": "What They Say About Flix Studio",
                                "typography_font_family": "Roboto Slab",
                                "typography_font_size": {
                                    "unit": "px",
                                    "size": 25,
                                    "sizes": []
                                },
                                "typography_font_weight": "500",
                                "typography_line_height": {
                                    "unit": "em",
                                    "size": 1,
                                    "sizes": []
                                },
                                "__globals__": {
                                    "title_color": "globals\/colors?id=670b669"
                                },
                                "align": "center",
                                "_z_index": 2,
                                "header_size": "h3"
                            },
                            "elements": [],
                            "isInner": false,
                            "widgetType": "heading",
                            "elType": "widget"
                        },
                        {
                            "id": "571b25f2",
                            "settings": {
                                "ekit_testimonial_style": "style5",
                                "ekit_testimonial_data": [
                                    {
                                        "client_name": "Barnardo",
                                        "_id": "3eb5577",
                                        "designation": "Designation",
                                        "review": "Donec dui sem, pretium at ornare ut, laoreet vel elit. Mauris id libero ac felis auctor blandit. Etiam quis ex lacus. Donec eget aliquet quam. Quisque nec metus ut tortor molestie tempus et non lorem.",
                                        "client_photo": {
                                            "url": "http:\/\/dkkit.rometheme.pro\/flix\/wp-content\/uploads\/sites\/4\/2021\/06\/man-wearing-white-blank-t-shirt-5WTJHZZa.png",
                                            "id": 1744
                                        },
                                        "client_logo": {
                                            "url": "",
                                            "id": ""
                                        }
                                    },
                                    {
                                        "client_name": "Valdes",
                                        "designation": "Designation",
                                        "review": "Donec dui sem, pretium at ornare ut, laoreet vel elit. Mauris id libero ac felis auctor blandit. Etiam quis ex lacus. Donec eget aliquet quam. Quisque nec metus ut tortor molestie tempus et non lorem.",
                                        "client_photo": {
                                            "url": "http:\/\/dkkit.rometheme.pro\/flix\/wp-content\/uploads\/sites\/4\/2021\/06\/stylish-casual-indian-man-wear-blue-t-shirt-posing-9MFJ38Lb.png",
                                            "id": 1743
                                        },
                                        "client_logo": {
                                            "url": "",
                                            "id": ""
                                        },
                                        "_id": "50d739c"
                                    },
                                    {
                                        "client_name": "Guilermo",
                                        "designation": "Designation",
                                        "review": "Donec dui sem, pretium at ornare ut, laoreet vel elit. Mauris id libero ac felis auctor blandit. Etiam quis ex lacus. Donec eget aliquet quam. Quisque nec metus ut tortor molestie tempus et non lorem.",
                                        "client_photo": {
                                            "url": "http:\/\/dkkit.rometheme.pro\/flix\/wp-content\/uploads\/sites\/4\/2021\/06\/man-wearing-a-white-t-shirt-ZW892CCa.png",
                                            "id": 1742
                                        },
                                        "client_logo": {
                                            "url": "",
                                            "id": ""
                                        },
                                        "_id": "e0cf379"
                                    },
                                    {
                                        "client_name": "Andrea ",
                                        "designation": "Designation",
                                        "review": "Donec dui sem, pretium at ornare ut, laoreet vel elit. Mauris id libero ac felis auctor blandit. Etiam quis ex lacus. Donec eget aliquet quam. Quisque nec metus ut tortor molestie tempus et non lorem.",
                                        "client_photo": {
                                            "url": "http:\/\/dkkit.rometheme.pro\/flix\/wp-content\/uploads\/sites\/4\/2021\/06\/handsome-cheerful-young-caucasian-man-in-blue-shir-YVPG8FEb.png",
                                            "id": 1741
                                        },
                                        "client_logo": {
                                            "url": "",
                                            "id": ""
                                        },
                                        "_id": "5568ced"
                                    }
                                ],
                                "ekit_testimonial_slidetoshow": 3,
                                "ekit_testimonial_speed": 2000,
                                "ekit_testimonial_layout_padding": {
                                    "unit": "px",
                                    "top": "30",
                                    "right": "30",
                                    "bottom": "40",
                                    "left": "30",
                                    "isLinked": false
                                },
                                "ekit_testimonial_description_color": "#737272",
                                "ekit_testimonial_description_margin": {
                                    "unit": "em",
                                    "top": "1",
                                    "right": "1",
                                    "bottom": "1",
                                    "left": "1",
                                    "isLinked": true
                                },
                                "ekit_testimonial_review_ratting_right_spacing": {
                                    "unit": "px",
                                    "size": 12,
                                    "sizes": []
                                },
                                "ekit_testimonial_review_ratting_spacing": {
                                    "unit": "px",
                                    "top": "15",
                                    "right": "15",
                                    "bottom": "0",
                                    "left": "15",
                                    "isLinked": false
                                },
                                "ekit_testimonial_title_separator_width": {
                                    "unit": "px",
                                    "size": 8,
                                    "sizes": []
                                },
                                "ekit_testimonial_client_name_normal_color": "#737272",
                                "ekit_testimonial_client_name_active_color": "#010101",
                                "ekit_testimonial_client_name_typography_typography": "custom",
                                "ekit_testimonial_client_name_typography_font_family": "Roboto",
                                "ekit_testimonial_client_name_typography_font_size": {
                                    "unit": "px",
                                    "size": 18,
                                    "sizes": []
                                },
                                "ekit_testimonial_client_name_typography_font_weight": "600",
                                "ekit_testimonial_client_name_typography_line_height": {
                                    "unit": "em",
                                    "size": 1,
                                    "sizes": []
                                },
                                "ekit_testimonial_designation_normal_color": "#737272",
                                "ekit_testimonial_designation_active_color": "#010101",
                                "ekit_testimonial_designation_typography_typography": "custom",
                                "ekit_testimonial_designation_typography_font_family": "Roboto",
                                "ekit_testimonial_designation_typography_font_weight": "400",
                                "ekit_testimonial_nav_font_size": {
                                    "unit": "px",
                                    "size": 20,
                                    "sizes": []
                                },
                                "ekit_testimonial_nav_right_icon": {
                                    "unit": "%",
                                    "size": -7,
                                    "sizes": []
                                },
                                "ekit_testimonial_nav_left_icon": {
                                    "unit": "%",
                                    "size": -6,
                                    "sizes": []
                                },
                                "ekit_testimonial_nav_width": {
                                    "unit": "px",
                                    "size": 62,
                                    "sizes": []
                                },
                                "ekit_testimonial_nav_height": {
                                    "unit": "px",
                                    "size": 60,
                                    "sizes": []
                                },
                                "ekit_testimonial_nav_background_normal_background": "classic",
                                "ekit_testimonial_nav_border_normal_border": "solid",
                                "ekit_testimonial_nav_background_hover_background": "classic",
                                "__globals__": {
                                    "ekit_testimonial_description_color": "globals\/colors?id=7eeb570",
                                    "ekit_testimonial_section_wathermark_color": "globals\/colors?id=primary",
                                    "ekit_testimonial_section_wathermark_active_color": "globals\/colors?id=82c5256",
                                    "ekit_testimonial_title_separator_color": "globals\/colors?id=primary",
                                    "ekit_testimonial_title_separator_active_color": "",
                                    "ekit_testimonial_client_name_normal_color": "globals\/colors?id=7eeb570",
                                    "ekit_testimonial_client_name_active_color": "globals\/colors?id=670b669",
                                    "ekit_testimonial_designation_normal_color": "globals\/colors?id=7eeb570",
                                    "ekit_testimonial_designation_active_color": "globals\/colors?id=670b669",
                                    "ekit_testimonial_designation_typography_typography": "globals\/typography?id=accent",
                                    "ekit_testimonial_client_name_typography_typography": "globals\/typography?id=bfce3f4",
                                    "ekit_testimonial_nav_background_normal_color": "globals\/colors?id=ec2cf3f",
                                    "ekit_testimonial_nav_border_normal_color": "globals\/colors?id=ec2cf3f",
                                    "ekit_testimonial_nav_font_color_hover": "globals\/colors?id=secondary",
                                    "ekit_testimonial_nav_background_hover_color": "globals\/colors?id=ec2cf3f",
                                    "ekit_testimonial_layout_background_color": "globals\/colors?id=ec2cf3f",
                                    "ekit_testimonial_layout_border_color": ""
                                },
                                "ekit_testimonial_slidetoshow_tablet": 2,
                                "ekit_testimonial_slidetoshow_mobile": 1,
                                "ekit_testimonial_slidesToScroll_tablet": 1,
                                "ekit_testimonial_slidesToScroll_mobile": 1,
                                "ekit_testimonial_layout_background_background": "classic",
                                "ekit_testimonial_layout_background_color": "#01010100",
                                "ekit_testimonial_nav_background_normal_color": "#01010100",
                                "ekit_testimonial_nav_border_normal_color": "#01010100",
                                "ekit_testimonial_nav_font_color_hover": "#1D3240",
                                "ekit_testimonial_nav_background_hover_color": "#01010100",
                                "ekit_testimonial_layout_border_radius": {
                                    "unit": "px",
                                    "top": "0",
                                    "right": "0",
                                    "bottom": "0",
                                    "left": "0",
                                    "isLinked": true
                                },
                                "ekit_testimonial_layout_border_border": "solid",
                                "ekit_testimonial_layout_border_width": {
                                    "unit": "px",
                                    "top": "0",
                                    "right": "0",
                                    "bottom": "0",
                                    "left": "0",
                                    "isLinked": true
                                },
                                "ekit_testimonial_section_wathermark_color": "#FFFFFF",
                                "ekit_testimonial_title_separator_color": "#FFFFFF",
                                "ekit_testimonial_designation_typography_font_size": {
                                    "unit": "px",
                                    "size": 11,
                                    "sizes": []
                                },
                                "ekit_testimonial_designation_typography_line_height": {
                                    "unit": "em",
                                    "size": 1,
                                    "sizes": []
                                },
                                "ekit_testimonial_section_wathermark_active_color": "#A8927D"
                            },
                            "elements": [],
                            "isInner": false,
                            "widgetType": "elementskit-testimonial",
                            "elType": "widget"
                        }
                    ],
                    "isInner": false,
                    "elType": "column"
                }
            ],
            "isInner": false,
            "elType": "section"
        }
    ]
}