{
    "version": "0.4",
    "title": "Team Detail",
    "type": "page",
    "metadata": {
        "template_type": "single-page",
        "include_in_zip": "1",
        "elementor_pro_required": null,
        "wp_page_template": "elementor_header_footer"
    },
    "content": [
        {
            "id": "792d2e8b",
            "settings": {
                "height": "min-height",
                "custom_height": {
                    "unit": "px",
                    "size": 350,
                    "sizes": []
                },
                "background_background": "classic",
                "background_image": {
                    "url": "http:\/\/dkkit.rometheme.pro\/flix\/wp-content\/uploads\/sites\/4\/2021\/06\/movie-production-visual-effects-green-screen-6TDKRGU.jpg",
                    "id": 1698
                },
                "background_position": "center center",
                "background_repeat": "no-repeat",
                "background_size": "cover",
                "background_ypos": {
                    "unit": "px",
                    "size": -377,
                    "sizes": []
                },
                "background_overlay_background": "classic",
                "background_overlay_opacity": {
                    "unit": "px",
                    "size": 0.8,
                    "sizes": []
                },
                "__globals__": {
                    "background_overlay_color": "globals\/colors?id=5dd40ff"
                }
            },
            "elements": [
                {
                    "id": "428d3688",
                    "settings": {
                        "_column_size": 100,
                        "_inline_size": null,
                        "padding": {
                            "unit": "em",
                            "top": "1",
                            "right": "1",
                            "bottom": "1",
                            "left": "1",
                            "isLinked": true
                        }
                    },
                    "elements": [
                        {
                            "id": "1e588def",
                            "settings": {
                                "title": "team detail",
                                "typography_font_family": "Antonio",
                                "typography_font_size": {
                                    "unit": "px",
                                    "size": 72,
                                    "sizes": []
                                },
                                "typography_font_weight": "bold",
                                "typography_line_height": {
                                    "unit": "em",
                                    "size": 1,
                                    "sizes": []
                                },
                                "__globals__": {
                                    "title_color": "globals\/colors?id=accent"
                                },
                                "align": "center"
                            },
                            "elements": [],
                            "isInner": false,
                            "widgetType": "heading",
                            "elType": "widget"
                        }
                    ],
                    "isInner": false,
                    "elType": "column"
                }
            ],
            "isInner": false,
            "elType": "section"
        },
        {
            "id": "39bb1756",
            "settings": {
                "gap": "no",
                "structure": "21",
                "background_background": "classic",
                "background_color_stop": {
                    "unit": "%",
                    "size": 90,
                    "sizes": []
                },
                "background_color_b_stop": {
                    "unit": "%",
                    "size": 90,
                    "sizes": []
                },
                "background_gradient_angle": {
                    "unit": "deg",
                    "size": 90,
                    "sizes": []
                },
                "padding": {
                    "unit": "em",
                    "top": "6",
                    "right": "1",
                    "bottom": "6",
                    "left": "1",
                    "isLinked": false
                },
                "__globals__": {
                    "background_color": "globals\/colors?id=text",
                    "background_color_b": "globals\/colors?id=accent"
                }
            },
            "elements": [
                {
                    "id": "416b7644",
                    "settings": {
                        "_column_size": 33,
                        "_inline_size": null,
                        "padding": {
                            "unit": "em",
                            "top": "1",
                            "right": "1",
                            "bottom": "1",
                            "left": "1",
                            "isLinked": true
                        }
                    },
                    "elements": [
                        {
                            "id": "4b975fa5",
                            "settings": {
                                "title": "Meet Our Best Team",
                                "header_size": "h3",
                                "__globals__": {
                                    "title_color": "globals\/colors?id=670b669"
                                }
                            },
                            "elements": [],
                            "isInner": false,
                            "widgetType": "heading",
                            "elType": "widget"
                        },
                        {
                            "id": "7e900b43",
                            "settings": {
                                "editor": "<p>Cras condimentum lacus vel sapien pellentesque, ut commodo est cursus. Donec ut vulputate ligula, ac semper magna. Mauris ut ex non magna euismod molestie non sed purus. Sed quis velit volutpat, dapibus enim et, vulputate quam.\u00a0<\/p>",
                                "_padding": {
                                    "unit": "em",
                                    "top": "",
                                    "right": "",
                                    "bottom": "",
                                    "left": "",
                                    "isLinked": true
                                },
                                "align": "left"
                            },
                            "elements": [],
                            "isInner": false,
                            "widgetType": "text-editor",
                            "elType": "widget"
                        },
                        {
                            "id": "4782d121",
                            "settings": {
                                "text": "Learn More",
                                "typography_font_family": "Roboto",
                                "border_width": {
                                    "unit": "px",
                                    "top": "1",
                                    "right": "1",
                                    "bottom": "1",
                                    "left": "1",
                                    "isLinked": true
                                },
                                "border_width_mobile": {
                                    "unit": "px",
                                    "top": "1",
                                    "right": "1",
                                    "bottom": "1",
                                    "left": "1",
                                    "isLinked": true
                                },
                                "text_padding_mobile": {
                                    "unit": "px",
                                    "top": "8",
                                    "right": "17",
                                    "bottom": "8",
                                    "left": "17",
                                    "isLinked": false
                                },
                                "__globals__": {
                                    "button_background_hover_color": "",
                                    "hover_color": "",
                                    "background_color": "",
                                    "button_hover_border_color": "globals\/colors?id=7eeb570",
                                    "border_color": "globals\/colors?id=7eeb570",
                                    "button_text_color": ""
                                },
                                "align": "left",
                                "button_background_hover_background": "",
                                "button_hover_border_color": "#E8E8E8",
                                "border_color": "#E8E8E8",
                                "icon_align": "right",
                                "background_background": ""
                            },
                            "elements": [],
                            "isInner": false,
                            "widgetType": "button",
                            "elType": "widget"
                        }
                    ],
                    "isInner": false,
                    "elType": "column"
                },
                {
                    "id": "275d33b3",
                    "settings": {
                        "_column_size": 66,
                        "_inline_size": null
                    },
                    "elements": [
                        {
                            "id": "7257b54f",
                            "settings": {
                                "structure": "30"
                            },
                            "elements": [
                                {
                                    "id": "77d69dbc",
                                    "settings": {
                                        "_column_size": 33,
                                        "_inline_size": null,
                                        "padding": {
                                            "unit": "em",
                                            "top": "1",
                                            "right": "1",
                                            "bottom": "1",
                                            "left": "1",
                                            "isLinked": true
                                        }
                                    },
                                    "elements": [
                                        {
                                            "id": "15b97a57",
                                            "settings": {
                                                "ekit_image_box_image": {
                                                    "url": "http:\/\/dkkit.rometheme.pro\/flix\/wp-content\/uploads\/sites\/4\/2021\/06\/man-wearing-a-white-t-shirt-ZW892CCvv.png",
                                                    "id": 2166
                                                },
                                                "ekit_image_box_title_text": "Gianluigi",
                                                "ekit_image_box_description_text": "Head Designer",
                                                "ekit_image_box_enable_btn": "",
                                                "ekit_image_box_btn_text": "Learn more ",
                                                "ekit_imagebox_container_spacing": {
                                                    "unit": "em",
                                                    "top": "1",
                                                    "right": "0",
                                                    "bottom": "0",
                                                    "left": "0",
                                                    "isLinked": false
                                                },
                                                "__globals__": {
                                                    "ekit_image_box_title_typography_typography": "globals\/typography?id=text",
                                                    "ekit_image_box_title_typography_description_typography": "globals\/typography?id=accent",
                                                    "ekit_image_box_heading_color": "globals\/colors?id=7eeb570",
                                                    "ekit_image_box_heading_color_hover": "globals\/colors?id=82c5256"
                                                },
                                                "ekit_image_box_title_bottom_space": {
                                                    "unit": "px",
                                                    "top": "0",
                                                    "right": "0",
                                                    "bottom": "2",
                                                    "left": "0",
                                                    "isLinked": false
                                                },
                                                "ekit_image_box_thumbnail_size": "custom",
                                                "ekit_image_box_thumbnail_custom_dimension": {
                                                    "width": "600",
                                                    "height": "800"
                                                }
                                            },
                                            "elements": [],
                                            "isInner": false,
                                            "widgetType": "elementskit-image-box",
                                            "elType": "widget"
                                        }
                                    ],
                                    "isInner": true,
                                    "elType": "column"
                                },
                                {
                                    "id": "692e2c7c",
                                    "settings": {
                                        "_column_size": 33,
                                        "_inline_size": null,
                                        "padding": {
                                            "unit": "em",
                                            "top": "1",
                                            "right": "1",
                                            "bottom": "1",
                                            "left": "1",
                                            "isLinked": true
                                        }
                                    },
                                    "elements": [
                                        {
                                            "id": "70cf2128",
                                            "settings": {
                                                "ekit_image_box_image": {
                                                    "url": "http:\/\/dkkit.rometheme.pro\/flix\/wp-content\/uploads\/sites\/4\/2021\/06\/cool-young-man-with-a-long-beard-wearing-sunglasse-83RWPCUa.png",
                                                    "id": 1724
                                                },
                                                "ekit_image_box_title_text": "Rossi. D",
                                                "ekit_image_box_description_text": "Head Crew",
                                                "ekit_image_box_enable_btn": "",
                                                "ekit_image_box_btn_text": "Learn more ",
                                                "ekit_imagebox_container_spacing": {
                                                    "unit": "em",
                                                    "top": "1",
                                                    "right": "0",
                                                    "bottom": "0",
                                                    "left": "0",
                                                    "isLinked": false
                                                },
                                                "__globals__": {
                                                    "ekit_image_box_title_typography_typography": "globals\/typography?id=text",
                                                    "ekit_image_box_title_typography_description_typography": "globals\/typography?id=accent",
                                                    "ekit_image_box_heading_color": "globals\/colors?id=7eeb570",
                                                    "ekit_image_box_heading_color_hover": "globals\/colors?id=82c5256"
                                                },
                                                "ekit_image_box_title_bottom_space": {
                                                    "unit": "px",
                                                    "top": "0",
                                                    "right": "0",
                                                    "bottom": "2",
                                                    "left": "0",
                                                    "isLinked": false
                                                },
                                                "ekit_image_box_thumbnail_size": "custom",
                                                "ekit_image_box_thumbnail_custom_dimension": {
                                                    "width": "600",
                                                    "height": "800"
                                                }
                                            },
                                            "elements": [],
                                            "isInner": false,
                                            "widgetType": "elementskit-image-box",
                                            "elType": "widget"
                                        }
                                    ],
                                    "isInner": true,
                                    "elType": "column"
                                },
                                {
                                    "id": "423ed527",
                                    "settings": {
                                        "_column_size": 33,
                                        "_inline_size": null,
                                        "padding": {
                                            "unit": "em",
                                            "top": "1",
                                            "right": "1",
                                            "bottom": "1",
                                            "left": "1",
                                            "isLinked": true
                                        }
                                    },
                                    "elements": [
                                        {
                                            "id": "26fe1740",
                                            "settings": {
                                                "ekit_image_box_image": {
                                                    "url": "http:\/\/dkkit.rometheme.pro\/flix\/wp-content\/uploads\/sites\/4\/2021\/06\/man-wearing-white-blank-t-shirt-5WTJHZZaaa.png",
                                                    "id": 2170
                                                },
                                                "ekit_image_box_title_text": "Petruci",
                                                "ekit_image_box_description_text": "Head of Coordination",
                                                "ekit_image_box_enable_btn": "",
                                                "ekit_image_box_btn_text": "Learn more ",
                                                "ekit_imagebox_container_spacing": {
                                                    "unit": "em",
                                                    "top": "1",
                                                    "right": "0",
                                                    "bottom": "0",
                                                    "left": "0",
                                                    "isLinked": false
                                                },
                                                "__globals__": {
                                                    "ekit_image_box_title_typography_typography": "globals\/typography?id=text",
                                                    "ekit_image_box_title_typography_description_typography": "globals\/typography?id=accent",
                                                    "ekit_image_box_heading_color": "globals\/colors?id=7eeb570",
                                                    "ekit_image_box_heading_color_hover": "globals\/colors?id=82c5256"
                                                },
                                                "ekit_image_box_title_bottom_space": {
                                                    "unit": "px",
                                                    "top": "0",
                                                    "right": "0",
                                                    "bottom": "2",
                                                    "left": "0",
                                                    "isLinked": false
                                                },
                                                "ekit_image_box_thumbnail_size": "custom",
                                                "ekit_image_box_thumbnail_custom_dimension": {
                                                    "width": "600",
                                                    "height": "800"
                                                }
                                            },
                                            "elements": [],
                                            "isInner": false,
                                            "widgetType": "elementskit-image-box",
                                            "elType": "widget"
                                        }
                                    ],
                                    "isInner": true,
                                    "elType": "column"
                                }
                            ],
                            "isInner": true,
                            "elType": "section"
                        }
                    ],
                    "isInner": false,
                    "elType": "column"
                }
            ],
            "isInner": false,
            "elType": "section"
        },
        {
            "id": "2282cc72",
            "settings": {
                "padding": {
                    "unit": "em",
                    "top": "1",
                    "right": "1",
                    "bottom": "1",
                    "left": "1",
                    "isLinked": true
                }
            },
            "elements": [
                {
                    "id": "286fb63",
                    "settings": {
                        "_column_size": 100,
                        "_inline_size": null
                    },
                    "elements": [
                        {
                            "id": "bc70e40",
                            "settings": {
                                "structure": "40"
                            },
                            "elements": [
                                {
                                    "id": "5bcc9e59",
                                    "settings": {
                                        "_column_size": 25,
                                        "_inline_size": null,
                                        "padding": {
                                            "unit": "em",
                                            "top": "1",
                                            "right": "1",
                                            "bottom": "1",
                                            "left": "1",
                                            "isLinked": true
                                        }
                                    },
                                    "elements": [
                                        {
                                            "id": "1a27560f",
                                            "settings": {
                                                "ekit_image_box_image": {
                                                    "url": "http:\/\/dkkit.rometheme.pro\/flix\/wp-content\/uploads\/sites\/4\/2021\/06\/stylish-casual-indian-man-wear-blue-t-shirt-posing-9MFJ38La.png",
                                                    "id": 1726
                                                },
                                                "ekit_image_box_title_text": "Alessandro",
                                                "ekit_image_box_description_text": "Crew",
                                                "ekit_image_box_enable_btn": "",
                                                "ekit_image_box_btn_text": "Learn more ",
                                                "ekit_imagebox_container_spacing": {
                                                    "unit": "em",
                                                    "top": "1",
                                                    "right": "0",
                                                    "bottom": "0",
                                                    "left": "0",
                                                    "isLinked": false
                                                },
                                                "__globals__": {
                                                    "ekit_image_box_title_typography_typography": "globals\/typography?id=text",
                                                    "ekit_image_box_title_typography_description_typography": "globals\/typography?id=accent",
                                                    "ekit_image_box_heading_color": "globals\/colors?id=7eeb570",
                                                    "ekit_image_box_heading_color_hover": "globals\/colors?id=82c5256"
                                                },
                                                "ekit_image_box_title_bottom_space": {
                                                    "unit": "px",
                                                    "top": "0",
                                                    "right": "0",
                                                    "bottom": "2",
                                                    "left": "0",
                                                    "isLinked": false
                                                },
                                                "ekit_image_box_thumbnail_size": "custom",
                                                "ekit_image_box_thumbnail_custom_dimension": {
                                                    "width": "600",
                                                    "height": "800"
                                                }
                                            },
                                            "elements": [],
                                            "isInner": false,
                                            "widgetType": "elementskit-image-box",
                                            "elType": "widget"
                                        }
                                    ],
                                    "isInner": true,
                                    "elType": "column"
                                },
                                {
                                    "id": "3f949dbd",
                                    "settings": {
                                        "_column_size": 25,
                                        "_inline_size": null,
                                        "padding": {
                                            "unit": "em",
                                            "top": "1",
                                            "right": "1",
                                            "bottom": "1",
                                            "left": "1",
                                            "isLinked": true
                                        }
                                    },
                                    "elements": [
                                        {
                                            "id": "3364e93b",
                                            "settings": {
                                                "ekit_image_box_image": {
                                                    "url": "http:\/\/dkkit.rometheme.pro\/flix\/wp-content\/uploads\/sites\/4\/2021\/06\/studio-portrait-of-young-man-wearing-white-t-shirt-5V3UZH4.png",
                                                    "id": 1703
                                                },
                                                "ekit_image_box_title_text": "Mario ",
                                                "ekit_image_box_description_text": "Crew",
                                                "ekit_image_box_enable_btn": "",
                                                "ekit_image_box_btn_text": "Learn more ",
                                                "ekit_imagebox_container_spacing": {
                                                    "unit": "em",
                                                    "top": "1",
                                                    "right": "0",
                                                    "bottom": "0",
                                                    "left": "0",
                                                    "isLinked": false
                                                },
                                                "__globals__": {
                                                    "ekit_image_box_title_typography_typography": "globals\/typography?id=text",
                                                    "ekit_image_box_title_typography_description_typography": "globals\/typography?id=accent",
                                                    "ekit_image_box_heading_color": "globals\/colors?id=7eeb570",
                                                    "ekit_image_box_heading_color_hover": "globals\/colors?id=82c5256"
                                                },
                                                "ekit_image_box_title_bottom_space": {
                                                    "unit": "px",
                                                    "top": "0",
                                                    "right": "0",
                                                    "bottom": "2",
                                                    "left": "0",
                                                    "isLinked": false
                                                },
                                                "ekit_image_box_thumbnail_size": "custom",
                                                "ekit_image_box_thumbnail_custom_dimension": {
                                                    "width": "600",
                                                    "height": "800"
                                                }
                                            },
                                            "elements": [],
                                            "isInner": false,
                                            "widgetType": "elementskit-image-box",
                                            "elType": "widget"
                                        }
                                    ],
                                    "isInner": true,
                                    "elType": "column"
                                },
                                {
                                    "id": "f39d0ae",
                                    "settings": {
                                        "_column_size": 25,
                                        "_inline_size": null,
                                        "padding": {
                                            "unit": "em",
                                            "top": "1",
                                            "right": "1",
                                            "bottom": "1",
                                            "left": "1",
                                            "isLinked": true
                                        }
                                    },
                                    "elements": [
                                        {
                                            "id": "1f2d038",
                                            "settings": {
                                                "ekit_image_box_image": {
                                                    "url": "http:\/\/dkkit.rometheme.pro\/flix\/wp-content\/uploads\/sites\/4\/2021\/06\/afro-american-man-in-glasses-wear-white-t-shirt-th-V9XKJG5a.png",
                                                    "id": 1720
                                                },
                                                "ekit_image_box_title_text": "De Ruigi",
                                                "ekit_image_box_description_text": "Crew",
                                                "ekit_image_box_enable_btn": "",
                                                "ekit_image_box_btn_text": "Learn more ",
                                                "ekit_imagebox_container_spacing": {
                                                    "unit": "em",
                                                    "top": "1",
                                                    "right": "0",
                                                    "bottom": "0",
                                                    "left": "0",
                                                    "isLinked": false
                                                },
                                                "__globals__": {
                                                    "ekit_image_box_title_typography_typography": "globals\/typography?id=text",
                                                    "ekit_image_box_title_typography_description_typography": "globals\/typography?id=accent",
                                                    "ekit_image_box_heading_color": "globals\/colors?id=7eeb570",
                                                    "ekit_image_box_heading_color_hover": "globals\/colors?id=82c5256"
                                                },
                                                "ekit_image_box_title_bottom_space": {
                                                    "unit": "px",
                                                    "top": "0",
                                                    "right": "0",
                                                    "bottom": "2",
                                                    "left": "0",
                                                    "isLinked": false
                                                },
                                                "ekit_image_box_thumbnail_size": "custom",
                                                "ekit_image_box_thumbnail_custom_dimension": {
                                                    "width": "600",
                                                    "height": "800"
                                                }
                                            },
                                            "elements": [],
                                            "isInner": false,
                                            "widgetType": "elementskit-image-box",
                                            "elType": "widget"
                                        }
                                    ],
                                    "isInner": true,
                                    "elType": "column"
                                },
                                {
                                    "id": "1d9428b9",
                                    "settings": {
                                        "_column_size": 25,
                                        "_inline_size": null,
                                        "padding": {
                                            "unit": "em",
                                            "top": "1",
                                            "right": "1",
                                            "bottom": "1",
                                            "left": "1",
                                            "isLinked": true
                                        }
                                    },
                                    "elements": [
                                        {
                                            "id": "2a21efc9",
                                            "settings": {
                                                "ekit_image_box_image": {
                                                    "url": "http:\/\/dkkit.rometheme.pro\/flix\/wp-content\/uploads\/sites\/4\/2021\/06\/handsome-cheerful-young-caucasian-man-in-blue-shir-YVPG8FEa.png",
                                                    "id": 1725
                                                },
                                                "ekit_image_box_title_text": "David",
                                                "ekit_image_box_description_text": "Crew",
                                                "ekit_image_box_enable_btn": "",
                                                "ekit_image_box_btn_text": "Learn more ",
                                                "ekit_imagebox_container_spacing": {
                                                    "unit": "em",
                                                    "top": "1",
                                                    "right": "0",
                                                    "bottom": "0",
                                                    "left": "0",
                                                    "isLinked": false
                                                },
                                                "__globals__": {
                                                    "ekit_image_box_title_typography_typography": "globals\/typography?id=text",
                                                    "ekit_image_box_title_typography_description_typography": "globals\/typography?id=accent",
                                                    "ekit_image_box_heading_color": "globals\/colors?id=7eeb570",
                                                    "ekit_image_box_heading_color_hover": "globals\/colors?id=82c5256"
                                                },
                                                "ekit_image_box_title_bottom_space": {
                                                    "unit": "px",
                                                    "top": "0",
                                                    "right": "0",
                                                    "bottom": "2",
                                                    "left": "0",
                                                    "isLinked": false
                                                },
                                                "ekit_image_box_thumbnail_size": "custom",
                                                "ekit_image_box_thumbnail_custom_dimension": {
                                                    "width": "600",
                                                    "height": "800"
                                                }
                                            },
                                            "elements": [],
                                            "isInner": false,
                                            "widgetType": "elementskit-image-box",
                                            "elType": "widget"
                                        }
                                    ],
                                    "isInner": true,
                                    "elType": "column"
                                }
                            ],
                            "isInner": true,
                            "elType": "section"
                        },
                        {
                            "id": "7a79fca8",
                            "settings": {
                                "structure": "40"
                            },
                            "elements": [
                                {
                                    "id": "2183ad27",
                                    "settings": {
                                        "_column_size": 25,
                                        "_inline_size": null,
                                        "padding": {
                                            "unit": "em",
                                            "top": "1",
                                            "right": "1",
                                            "bottom": "1",
                                            "left": "1",
                                            "isLinked": true
                                        }
                                    },
                                    "elements": [
                                        {
                                            "id": "657540dd",
                                            "settings": {
                                                "ekit_image_box_image": {
                                                    "url": "http:\/\/dkkit.rometheme.pro\/flix\/wp-content\/uploads\/sites\/4\/2021\/06\/a-man-with-tattooed-arm-dressed-in-khaki-t-shirt-a-X9RE2STa.png",
                                                    "id": 1721
                                                },
                                                "ekit_image_box_title_text": "Renardo",
                                                "ekit_image_box_description_text": "Crew",
                                                "ekit_image_box_enable_btn": "",
                                                "ekit_image_box_btn_text": "Learn more ",
                                                "ekit_imagebox_container_spacing": {
                                                    "unit": "em",
                                                    "top": "1",
                                                    "right": "0",
                                                    "bottom": "0",
                                                    "left": "0",
                                                    "isLinked": false
                                                },
                                                "__globals__": {
                                                    "ekit_image_box_title_typography_typography": "globals\/typography?id=text",
                                                    "ekit_image_box_title_typography_description_typography": "globals\/typography?id=accent",
                                                    "ekit_image_box_heading_color": "globals\/colors?id=7eeb570",
                                                    "ekit_image_box_heading_color_hover": "globals\/colors?id=82c5256"
                                                },
                                                "ekit_image_box_title_bottom_space": {
                                                    "unit": "px",
                                                    "top": "0",
                                                    "right": "0",
                                                    "bottom": "2",
                                                    "left": "0",
                                                    "isLinked": false
                                                },
                                                "ekit_image_box_thumbnail_size": "custom",
                                                "ekit_image_box_thumbnail_custom_dimension": {
                                                    "width": "600",
                                                    "height": "800"
                                                }
                                            },
                                            "elements": [],
                                            "isInner": false,
                                            "widgetType": "elementskit-image-box",
                                            "elType": "widget"
                                        }
                                    ],
                                    "isInner": true,
                                    "elType": "column"
                                },
                                {
                                    "id": "4708b17a",
                                    "settings": {
                                        "_column_size": 25,
                                        "_inline_size": null,
                                        "padding": {
                                            "unit": "em",
                                            "top": "1",
                                            "right": "1",
                                            "bottom": "1",
                                            "left": "1",
                                            "isLinked": true
                                        }
                                    },
                                    "elements": [
                                        {
                                            "id": "103a1c16",
                                            "settings": {
                                                "ekit_image_box_image": {
                                                    "url": "http:\/\/dkkit.rometheme.pro\/flix\/wp-content\/uploads\/sites\/4\/2021\/06\/close-up-cheerful-enthusiastic-asian-man-with-pier-MKFFC6Na.png",
                                                    "id": 1722
                                                },
                                                "ekit_image_box_title_text": "Leonardo",
                                                "ekit_image_box_description_text": "Crew",
                                                "ekit_image_box_enable_btn": "",
                                                "ekit_image_box_btn_text": "Learn more ",
                                                "ekit_imagebox_container_spacing": {
                                                    "unit": "em",
                                                    "top": "1",
                                                    "right": "0",
                                                    "bottom": "0",
                                                    "left": "0",
                                                    "isLinked": false
                                                },
                                                "__globals__": {
                                                    "ekit_image_box_title_typography_typography": "globals\/typography?id=text",
                                                    "ekit_image_box_title_typography_description_typography": "globals\/typography?id=accent",
                                                    "ekit_image_box_heading_color": "globals\/colors?id=7eeb570",
                                                    "ekit_image_box_heading_color_hover": "globals\/colors?id=82c5256"
                                                },
                                                "ekit_image_box_title_bottom_space": {
                                                    "unit": "px",
                                                    "top": "0",
                                                    "right": "0",
                                                    "bottom": "2",
                                                    "left": "0",
                                                    "isLinked": false
                                                },
                                                "ekit_image_box_thumbnail_size": "custom",
                                                "ekit_image_box_thumbnail_custom_dimension": {
                                                    "width": "600",
                                                    "height": "800"
                                                }
                                            },
                                            "elements": [],
                                            "isInner": false,
                                            "widgetType": "elementskit-image-box",
                                            "elType": "widget"
                                        }
                                    ],
                                    "isInner": true,
                                    "elType": "column"
                                },
                                {
                                    "id": "76d417ae",
                                    "settings": {
                                        "_column_size": 25,
                                        "_inline_size": null,
                                        "padding": {
                                            "unit": "em",
                                            "top": "1",
                                            "right": "1",
                                            "bottom": "1",
                                            "left": "1",
                                            "isLinked": true
                                        }
                                    },
                                    "elements": [
                                        {
                                            "id": "3d0dced4",
                                            "settings": {
                                                "ekit_image_box_image": {
                                                    "url": "http:\/\/dkkit.rometheme.pro\/flix\/wp-content\/uploads\/sites\/4\/2021\/06\/close-up-portrait-of-dreamy-happy-young-asian-man-NDZUYCPa.png",
                                                    "id": 1723
                                                },
                                                "ekit_image_box_title_text": "DaSilva",
                                                "ekit_image_box_description_text": "Crew",
                                                "ekit_image_box_enable_btn": "",
                                                "ekit_image_box_btn_text": "Learn more ",
                                                "ekit_imagebox_container_spacing": {
                                                    "unit": "em",
                                                    "top": "1",
                                                    "right": "0",
                                                    "bottom": "0",
                                                    "left": "0",
                                                    "isLinked": false
                                                },
                                                "__globals__": {
                                                    "ekit_image_box_title_typography_typography": "globals\/typography?id=text",
                                                    "ekit_image_box_title_typography_description_typography": "globals\/typography?id=accent",
                                                    "ekit_image_box_heading_color": "globals\/colors?id=7eeb570",
                                                    "ekit_image_box_heading_color_hover": "globals\/colors?id=82c5256"
                                                },
                                                "ekit_image_box_title_bottom_space": {
                                                    "unit": "px",
                                                    "top": "0",
                                                    "right": "0",
                                                    "bottom": "2",
                                                    "left": "0",
                                                    "isLinked": false
                                                },
                                                "ekit_image_box_thumbnail_size": "custom",
                                                "ekit_image_box_thumbnail_custom_dimension": {
                                                    "width": "600",
                                                    "height": "800"
                                                }
                                            },
                                            "elements": [],
                                            "isInner": false,
                                            "widgetType": "elementskit-image-box",
                                            "elType": "widget"
                                        }
                                    ],
                                    "isInner": true,
                                    "elType": "column"
                                },
                                {
                                    "id": "1245aaf7",
                                    "settings": {
                                        "_column_size": 25,
                                        "_inline_size": null,
                                        "padding": {
                                            "unit": "em",
                                            "top": "1",
                                            "right": "1",
                                            "bottom": "1",
                                            "left": "1",
                                            "isLinked": true
                                        }
                                    },
                                    "elements": [
                                        {
                                            "id": "f06c293",
                                            "settings": {
                                                "ekit_image_box_image": {
                                                    "url": "http:\/\/dkkit.rometheme.pro\/flix\/wp-content\/uploads\/sites\/4\/2021\/06\/man-in-a-white-t-shirt-and-white-hat-against-the-b-AUMXLKH.png",
                                                    "id": 1728
                                                },
                                                "ekit_image_box_title_text": "Antoni",
                                                "ekit_image_box_description_text": "Crew",
                                                "ekit_image_box_enable_btn": "",
                                                "ekit_image_box_btn_text": "Learn more ",
                                                "ekit_imagebox_container_spacing": {
                                                    "unit": "em",
                                                    "top": "1",
                                                    "right": "0",
                                                    "bottom": "0",
                                                    "left": "0",
                                                    "isLinked": false
                                                },
                                                "__globals__": {
                                                    "ekit_image_box_title_typography_typography": "globals\/typography?id=text",
                                                    "ekit_image_box_title_typography_description_typography": "globals\/typography?id=accent",
                                                    "ekit_image_box_heading_color": "globals\/colors?id=7eeb570",
                                                    "ekit_image_box_heading_color_hover": "globals\/colors?id=82c5256"
                                                },
                                                "ekit_image_box_title_bottom_space": {
                                                    "unit": "px",
                                                    "top": "0",
                                                    "right": "0",
                                                    "bottom": "2",
                                                    "left": "0",
                                                    "isLinked": false
                                                },
                                                "ekit_image_box_thumbnail_size": "custom",
                                                "ekit_image_box_thumbnail_custom_dimension": {
                                                    "width": "600",
                                                    "height": "800"
                                                }
                                            },
                                            "elements": [],
                                            "isInner": false,
                                            "widgetType": "elementskit-image-box",
                                            "elType": "widget"
                                        }
                                    ],
                                    "isInner": true,
                                    "elType": "column"
                                }
                            ],
                            "isInner": true,
                            "elType": "section"
                        }
                    ],
                    "isInner": false,
                    "elType": "column"
                }
            ],
            "isInner": false,
            "elType": "section"
        },
        {
            "id": "601fd5d2",
            "settings": {
                "gap": "no",
                "background_background": "classic",
                "background_overlay_background": "classic",
                "background_overlay_position": "initial",
                "background_overlay_xpos": {
                    "unit": "px",
                    "size": -135,
                    "sizes": []
                },
                "background_overlay_repeat": "no-repeat",
                "background_overlay_size": "cover",
                "background_overlay_bg_width": {
                    "unit": "%",
                    "size": 34,
                    "sizes": []
                },
                "background_overlay_opacity": {
                    "unit": "px",
                    "size": 0.33,
                    "sizes": []
                },
                "padding": {
                    "unit": "em",
                    "top": "3",
                    "right": "1",
                    "bottom": "3",
                    "left": "1",
                    "isLinked": false
                },
                "__globals__": {
                    "background_color": "globals\/colors?id=670b669"
                },
                "content_position": "middle",
                "structure": "22",
                "background_overlay_attachment": "fixed"
            },
            "elements": [
                {
                    "id": "123402c3",
                    "settings": {
                        "_column_size": 66,
                        "_inline_size": null,
                        "padding": {
                            "unit": "em",
                            "top": "1",
                            "right": "1",
                            "bottom": "1",
                            "left": "1",
                            "isLinked": true
                        }
                    },
                    "elements": [
                        {
                            "id": "7bcc329",
                            "settings": {
                                "title": "Did You",
                                "__globals__": {
                                    "title_color": "globals\/colors?id=accent"
                                },
                                "header_size": "h4",
                                "align": "left"
                            },
                            "elements": [],
                            "isInner": false,
                            "widgetType": "heading",
                            "elType": "widget"
                        },
                        {
                            "id": "b5dda63",
                            "settings": {
                                "title": "Need Quality Movie or Video?",
                                "typography_font_family": "Roboto Slab",
                                "typography_font_size": {
                                    "unit": "px",
                                    "size": 25,
                                    "sizes": []
                                },
                                "typography_font_weight": "500",
                                "typography_line_height": {
                                    "unit": "em",
                                    "size": 1,
                                    "sizes": []
                                },
                                "__globals__": {
                                    "title_color": "globals\/colors?id=primary"
                                },
                                "align": "left",
                                "_z_index": 2,
                                "header_size": "h3"
                            },
                            "elements": [],
                            "isInner": false,
                            "widgetType": "heading",
                            "elType": "widget"
                        }
                    ],
                    "isInner": false,
                    "elType": "column"
                },
                {
                    "id": "4882abd1",
                    "settings": {
                        "_column_size": 33,
                        "_inline_size": null,
                        "content_position": "center",
                        "padding": {
                            "unit": "em",
                            "top": "1",
                            "right": "1",
                            "bottom": "1",
                            "left": "1",
                            "isLinked": true
                        }
                    },
                    "elements": [
                        {
                            "id": "3b3e8900",
                            "settings": [],
                            "elements": [
                                {
                                    "id": "428e8384",
                                    "settings": {
                                        "_column_size": 100,
                                        "_inline_size": null,
                                        "content_position": "center",
                                        "padding": {
                                            "unit": "em",
                                            "top": "0",
                                            "right": "0",
                                            "bottom": "0",
                                            "left": "0",
                                            "isLinked": true
                                        }
                                    },
                                    "elements": [
                                        {
                                            "id": "1b4abce5",
                                            "settings": {
                                                "text": "Hire Us Now!",
                                                "typography_font_family": "Roboto",
                                                "border_width": {
                                                    "unit": "px",
                                                    "top": "1",
                                                    "right": "1",
                                                    "bottom": "1",
                                                    "left": "1",
                                                    "isLinked": true
                                                },
                                                "border_width_mobile": {
                                                    "unit": "px",
                                                    "top": "1",
                                                    "right": "1",
                                                    "bottom": "1",
                                                    "left": "1",
                                                    "isLinked": true
                                                },
                                                "text_padding_mobile": {
                                                    "unit": "px",
                                                    "top": "8",
                                                    "right": "17",
                                                    "bottom": "8",
                                                    "left": "17",
                                                    "isLinked": false
                                                },
                                                "__globals__": {
                                                    "button_background_hover_color": "",
                                                    "hover_color": "",
                                                    "background_color": "",
                                                    "button_hover_border_color": "globals\/colors?id=7eeb570",
                                                    "border_color": "globals\/colors?id=7eeb570",
                                                    "button_text_color": ""
                                                },
                                                "align": "right",
                                                "button_hover_border_color": "#E8E8E8",
                                                "border_color": "#E8E8E8",
                                                "background_background": "",
                                                "button_background_hover_background": ""
                                            },
                                            "elements": [],
                                            "isInner": false,
                                            "widgetType": "button",
                                            "elType": "widget"
                                        }
                                    ],
                                    "isInner": true,
                                    "elType": "column"
                                }
                            ],
                            "isInner": true,
                            "elType": "section"
                        }
                    ],
                    "isInner": false,
                    "elType": "column"
                }
            ],
            "isInner": false,
            "elType": "section"
        }
    ]
}