{
    "version": "0.4",
    "title": "Blog",
    "type": "page",
    "metadata": {
        "template_type": "single-page",
        "include_in_zip": "1",
        "elementor_pro_required": null,
        "wp_page_template": "elementor_header_footer"
    },
    "content": [
        {
            "id": "204b796d",
            "settings": {
                "content_width": {
                    "unit": "px",
                    "size": 1200,
                    "sizes": []
                },
                "height": "min-height",
                "custom_height": {
                    "unit": "vh",
                    "size": 38,
                    "sizes": []
                },
                "custom_height_tablet": {
                    "unit": "vh",
                    "size": "",
                    "sizes": []
                },
                "custom_height_mobile": {
                    "unit": "vh",
                    "size": 32,
                    "sizes": []
                },
                "background_background": "classic",
                "background_image": {
                    "url": "http:\/\/askproject.net\/lifezy\/wp-content\/uploads\/sites\/50\/2022\/01\/difficult-psychological-state-PNPD8XD.jpg",
                    "id": 244,
                    "alt": "",
                    "source": "library"
                },
                "background_position": "center center",
                "background_overlay_background": "classic",
                "background_overlay_opacity": {
                    "unit": "px",
                    "size": 0.7,
                    "sizes": []
                },
                "padding": {
                    "unit": "px",
                    "top": "60",
                    "right": "0",
                    "bottom": "0",
                    "left": "0",
                    "isLinked": false
                },
                "padding_tablet": {
                    "unit": "px",
                    "top": "60",
                    "right": "30",
                    "bottom": "0",
                    "left": "30",
                    "isLinked": false
                },
                "padding_mobile": {
                    "unit": "px",
                    "top": "60",
                    "right": "20",
                    "bottom": "0",
                    "left": "20",
                    "isLinked": false
                },
                "__globals__": {
                    "background_overlay_color": "globals\/colors?id=2cfcca2"
                }
            },
            "elements": [
                {
                    "id": "5ac334d9",
                    "settings": {
                        "_column_size": 100,
                        "_inline_size": null,
                        "padding": {
                            "unit": "px",
                            "top": "0",
                            "right": "0",
                            "bottom": "0",
                            "left": "0",
                            "isLinked": false
                        }
                    },
                    "elements": [
                        {
                            "id": "5a94782a",
                            "settings": {
                                "title": "Blog & News",
                                "align": "center",
                                "title_color": "#FFFFFF",
                                "_margin": {
                                    "unit": "px",
                                    "top": "0",
                                    "right": "0",
                                    "bottom": "-10",
                                    "left": "0",
                                    "isLinked": false
                                },
                                "_animation": "fadeInUp"
                            },
                            "elements": [],
                            "isInner": false,
                            "widgetType": "heading",
                            "elType": "widget"
                        },
                        {
                            "id": "1dd8f91",
                            "settings": {
                                "view": "inline",
                                "icon_list": [
                                    {
                                        "text": "Home",
                                        "selected_icon": {
                                            "value": "",
                                            "library": ""
                                        },
                                        "_id": "cdfc908",
                                        "link": {
                                            "url": "http:\/\/askproject.net\/lifezy\/home\/",
                                            "is_external": "",
                                            "nofollow": "",
                                            "custom_attributes": ""
                                        }
                                    },
                                    {
                                        "_id": "2440fb4",
                                        "text": "Blog",
                                        "selected_icon": {
                                            "value": "icon icon-right-arrow",
                                            "library": "ekiticons"
                                        }
                                    }
                                ],
                                "space_between": {
                                    "unit": "px",
                                    "size": 10,
                                    "sizes": []
                                },
                                "icon_align": "center",
                                "text_indent": {
                                    "unit": "px",
                                    "size": 10,
                                    "sizes": []
                                },
                                "_margin": {
                                    "unit": "px",
                                    "top": "0",
                                    "right": "0",
                                    "bottom": "0",
                                    "left": "-10",
                                    "isLinked": false
                                },
                                "_animation": "fadeInUp",
                                "_animation_delay": 200,
                                "__globals__": {
                                    "icon_color": "globals\/colors?id=fe30fde",
                                    "text_color_hover": "globals\/colors?id=d91db48"
                                }
                            },
                            "elements": [],
                            "isInner": false,
                            "widgetType": "icon-list",
                            "elType": "widget"
                        }
                    ],
                    "isInner": false,
                    "elType": "column"
                }
            ],
            "isInner": false,
            "elType": "section"
        },
        {
            "id": "6f520855",
            "settings": {
                "structure": "20",
                "margin": {
                    "unit": "px",
                    "top": "0",
                    "right": 0,
                    "bottom": "0",
                    "left": 0,
                    "isLinked": false
                },
                "padding_mobile": {
                    "unit": "px",
                    "top": "50",
                    "right": "20",
                    "bottom": "50",
                    "left": "20",
                    "isLinked": false
                },
                "margin_mobile": {
                    "unit": "px",
                    "top": "0",
                    "right": 0,
                    "bottom": "0",
                    "left": 0,
                    "isLinked": false
                },
                "margin_tablet": {
                    "unit": "px",
                    "top": "0",
                    "right": 0,
                    "bottom": "0",
                    "left": 0,
                    "isLinked": false
                },
                "padding": {
                    "unit": "px",
                    "top": "100",
                    "right": "0",
                    "bottom": "100",
                    "left": "0",
                    "isLinked": false
                },
                "padding_tablet": {
                    "unit": "px",
                    "top": "70",
                    "right": "30",
                    "bottom": "70",
                    "left": "30",
                    "isLinked": false
                },
                "content_width": {
                    "unit": "px",
                    "size": 1200,
                    "sizes": []
                }
            },
            "elements": [
                {
                    "id": "62980dac",
                    "settings": {
                        "_column_size": 50,
                        "_inline_size": 65,
                        "margin_tablet": {
                            "unit": "px",
                            "top": "0",
                            "right": "0",
                            "bottom": "0",
                            "left": "0",
                            "isLinked": false
                        },
                        "margin_mobile": {
                            "unit": "px",
                            "top": "0",
                            "right": "0",
                            "bottom": "0",
                            "left": "0",
                            "isLinked": false
                        },
                        "animation": "fadeIn",
                        "animation_delay": 200,
                        "margin": {
                            "unit": "px",
                            "top": "0",
                            "right": "0",
                            "bottom": "0",
                            "left": "0",
                            "isLinked": false
                        },
                        "_inline_size_tablet": 100,
                        "padding_tablet": {
                            "unit": "px",
                            "top": "0",
                            "right": "0",
                            "bottom": "0",
                            "left": "0",
                            "isLinked": false
                        },
                        "padding_mobile": {
                            "unit": "px",
                            "top": "0",
                            "right": "0",
                            "bottom": "0",
                            "left": "0",
                            "isLinked": false
                        },
                        "padding": {
                            "unit": "px",
                            "top": "0",
                            "right": "0",
                            "bottom": "0",
                            "left": "0",
                            "isLinked": false
                        }
                    },
                    "elements": [
                        {
                            "id": "2adfc3c7",
                            "settings": {
                                "ekit_blog_posts_layout_style": "elementskit-post-image-card",
                                "ekit_blog_posts_content_trim": 14,
                                "ekit_blog_posts_cats": [
                                    "8",
                                    "16",
                                    "7",
                                    "12",
                                    "23"
                                ],
                                "ekit_blog_posts_meta_select": [
                                    "date"
                                ],
                                "ekit_blog_posts_meta_date_icons": {
                                    "value": "",
                                    "library": ""
                                },
                                "ekit_blog_posts_btn_text": "Read More",
                                "ekit_blog_posts_btn_icons": {
                                    "value": "icon icon-arrow-right",
                                    "library": "ekiticons"
                                },
                                "ekit_blog_posts_background_background": "classic",
                                "ekit_blog_posts_background_color": "#477C74",
                                "ekit_blog_posts_shadow_box_shadow_type": "yes",
                                "ekit_blog_posts_shadow_box_shadow": {
                                    "horizontal": 0,
                                    "vertical": 0,
                                    "blur": 10,
                                    "spread": 0,
                                    "color": "rgba(0, 0, 0, 0)"
                                },
                                "ekit_blog_posts_radius": {
                                    "unit": "px",
                                    "top": "0",
                                    "right": "0",
                                    "bottom": "0",
                                    "left": "0",
                                    "isLinked": false
                                },
                                "ekit_blog_posts_padding": {
                                    "unit": "px",
                                    "top": "0",
                                    "right": "0",
                                    "bottom": "0",
                                    "left": "0",
                                    "isLinked": false
                                },
                                "ekit_blog_posts_margin": {
                                    "unit": "px",
                                    "top": "0",
                                    "right": "0",
                                    "bottom": "30",
                                    "left": "0",
                                    "isLinked": false
                                },
                                "ekit_blog_posts_text_content_wraper_padding": {
                                    "unit": "px",
                                    "top": "0",
                                    "right": "30",
                                    "bottom": "30",
                                    "left": "30",
                                    "isLinked": false
                                },
                                "ekit_blog_posts_content_box_shadow_box_shadow_type": "yes",
                                "ekit_blog_posts_content_box_shadow_box_shadow": {
                                    "horizontal": 0,
                                    "vertical": 0,
                                    "blur": 10,
                                    "spread": 0,
                                    "color": "rgba(0, 0, 0, 0)"
                                },
                                "ekit_blog_posts_content_border_dimensions": {
                                    "unit": "px",
                                    "top": "0",
                                    "right": "0",
                                    "bottom": "0",
                                    "left": "0",
                                    "isLinked": false
                                },
                                "ekit_blog_posts_feature_img_radius": {
                                    "unit": "px",
                                    "top": "0",
                                    "right": "0",
                                    "bottom": "0",
                                    "left": "0",
                                    "isLinked": false
                                },
                                "ekit_blog_posts_feature_img_margin": {
                                    "unit": "px",
                                    "top": "0",
                                    "right": "0",
                                    "bottom": "0",
                                    "left": "0",
                                    "isLinked": false
                                },
                                "ekit_blog_posts_feature_img_padding": {
                                    "unit": "px",
                                    "top": "10",
                                    "right": "10",
                                    "bottom": "10",
                                    "left": "10",
                                    "isLinked": true
                                },
                                "ekit_blog_posts_meta_typography_typography": "custom",
                                "ekit_blog_posts_meta_typography_font_family": "Poppins",
                                "ekit_blog_posts_meta_typography_font_size": {
                                    "unit": "px",
                                    "size": 13,
                                    "sizes": []
                                },
                                "ekit_blog_posts_meta_typography_font_size_tablet": {
                                    "unit": "px",
                                    "size": 12,
                                    "sizes": []
                                },
                                "ekit_blog_posts_meta_typography_font_size_mobile": {
                                    "unit": "px",
                                    "size": 12,
                                    "sizes": []
                                },
                                "ekit_blog_posts_meta_typography_font_weight": "400",
                                "ekit_blog_posts_meta_typography_line_height": {
                                    "unit": "em",
                                    "size": 1.9,
                                    "sizes": []
                                },
                                "ekit_blog_posts_meta_margin": {
                                    "unit": "px",
                                    "top": "0",
                                    "right": "0",
                                    "bottom": "0",
                                    "left": "0",
                                    "isLinked": false
                                },
                                "ekit_blog_posts_meta_item_margin": {
                                    "unit": "px",
                                    "top": "0",
                                    "right": "0",
                                    "bottom": "0",
                                    "left": "0",
                                    "isLinked": false
                                },
                                "ekit_blog_posts_meta_padding": {
                                    "unit": "px",
                                    "top": "0",
                                    "right": "0",
                                    "bottom": "0",
                                    "left": "0",
                                    "isLinked": false
                                },
                                "ekit_blog_posts_meta_icon_padding": {
                                    "unit": "px",
                                    "top": "0",
                                    "right": "0",
                                    "bottom": "0",
                                    "left": "0",
                                    "isLinked": false
                                },
                                "ekit_blog_posts_meta_color_normal": "#FBE984",
                                "ekit_blog_posts_meta_border_radius_normal": {
                                    "unit": "px",
                                    "top": "0",
                                    "right": "0",
                                    "bottom": "0",
                                    "left": "0",
                                    "isLinked": false
                                },
                                "ekit_blog_posts_meta_color_hover": "#F8D513",
                                "ekit_blog_posts_title_color": "#FFFFFF",
                                "ekit_blog_posts_title_margin": {
                                    "unit": "px",
                                    "top": "10",
                                    "right": "0",
                                    "bottom": "12",
                                    "left": "0",
                                    "isLinked": false
                                },
                                "__globals__": {
                                    "ekit_blog_posts_background_color": "globals\/colors?id=accent",
                                    "ekit_blog_posts_meta_typography_typography": "globals\/typography?id=text",
                                    "ekit_blog_posts_meta_color_normal": "globals\/colors?id=d91db48",
                                    "ekit_blog_posts_meta_color_hover": "globals\/colors?id=fe30fde",
                                    "ekit_blog_posts_title_typography_typography": "globals\/typography?id=03791f3",
                                    "ekit_blog_posts_title_hover_color": "globals\/colors?id=d91db48",
                                    "ekit_blog_posts_content_typography_typography": "globals\/typography?id=text",
                                    "ekit_blog_posts_content_color": "globals\/colors?id=secondary",
                                    "ekit_blog_posts_btn_typography_typography": "globals\/typography?id=accent",
                                    "ekit_blog_posts_btn_text_color": "globals\/colors?id=d91db48",
                                    "ekit_blog_posts_btn_hover_color": "globals\/colors?id=fe30fde",
                                    "ekit_blog_posts_btn_border_color": "globals\/colors?id=text",
                                    "ekit_blog_posts_btn_hover_border_color": "globals\/colors?id=d91db48"
                                },
                                "ekit_blog_posts_btn_icon_align": "right",
                                "ekit_blog_posts_margin_mobile": {
                                    "unit": "px",
                                    "top": "0",
                                    "right": "0",
                                    "bottom": "20",
                                    "left": "0",
                                    "isLinked": false
                                },
                                "ekit_blog_posts_content_margin": {
                                    "unit": "px",
                                    "top": "0",
                                    "right": "0",
                                    "bottom": "15",
                                    "left": "0",
                                    "isLinked": false
                                },
                                "ekit_blog_posts_btn_text_padding": {
                                    "unit": "px",
                                    "top": "0",
                                    "right": "0",
                                    "bottom": "3",
                                    "left": "0",
                                    "isLinked": false
                                },
                                "ekit_blog_posts_btn_normal_icon_font_size": {
                                    "unit": "px",
                                    "size": 15,
                                    "sizes": []
                                },
                                "ekit_blog_posts_btn_bg_color_background": "classic",
                                "ekit_blog_posts_btn_bg_color_color": "#02010100",
                                "ekit_blog_posts_btn_border_style": "solid",
                                "ekit_blog_posts_btn_border_dimensions": {
                                    "unit": "px",
                                    "top": "0",
                                    "right": "0",
                                    "bottom": "1",
                                    "left": "0",
                                    "isLinked": false
                                },
                                "ekit_blog_posts_btn_border_radius": {
                                    "unit": "px",
                                    "top": "0",
                                    "right": "0",
                                    "bottom": "0",
                                    "left": "0",
                                    "isLinked": false
                                },
                                "_animation": "fadeIn",
                                "_animation_delay": 400,
                                "ekit_blog_posts_column": "ekit-lg-6 ekit-md-6",
                                "ekit_blog_posts_num": 6
                            },
                            "elements": [],
                            "isInner": false,
                            "widgetType": "elementskit-blog-posts",
                            "elType": "widget"
                        }
                    ],
                    "isInner": false,
                    "elType": "column"
                },
                {
                    "id": "471c9a4d",
                    "settings": {
                        "_column_size": 50,
                        "_inline_size": 35,
                        "animation": "fadeIn",
                        "animation_delay": 400,
                        "_inline_size_tablet": 100,
                        "padding_tablet": {
                            "unit": "px",
                            "top": "0",
                            "right": "0",
                            "bottom": "0",
                            "left": "0",
                            "isLinked": false
                        },
                        "padding_mobile": {
                            "unit": "px",
                            "top": "0",
                            "right": "0",
                            "bottom": "0",
                            "left": "0",
                            "isLinked": false
                        },
                        "padding": {
                            "unit": "px",
                            "top": "0",
                            "right": "0",
                            "bottom": "0",
                            "left": "30",
                            "isLinked": false
                        }
                    },
                    "elements": [
                        {
                            "id": "1a84bf7e",
                            "settings": {
                                "layout": "full_width",
                                "border_border": "solid",
                                "border_width": {
                                    "unit": "px",
                                    "top": "1",
                                    "right": "1",
                                    "bottom": "1",
                                    "left": "1",
                                    "isLinked": true
                                },
                                "margin": {
                                    "unit": "px",
                                    "top": "0",
                                    "right": 0,
                                    "bottom": "20",
                                    "left": 0,
                                    "isLinked": false
                                },
                                "padding": {
                                    "unit": "px",
                                    "top": "30",
                                    "right": "30",
                                    "bottom": "30",
                                    "left": "30",
                                    "isLinked": true
                                },
                                "__globals__": {
                                    "border_color": "globals\/colors?id=accent",
                                    "background_color": "globals\/colors?id=accent",
                                    "background_overlay_color": "globals\/colors?id=primary",
                                    "border_hover_color": "globals\/colors?id=fe30fde"
                                },
                                "padding_mobile": {
                                    "unit": "px",
                                    "top": "20",
                                    "right": "20",
                                    "bottom": "20",
                                    "left": "20",
                                    "isLinked": true
                                },
                                "background_background": "classic",
                                "background_position": "center center",
                                "background_size": "cover",
                                "background_overlay_opacity": {
                                    "unit": "px",
                                    "size": 0.7,
                                    "sizes": []
                                },
                                "border_hover_border": "solid",
                                "border_hover_width": {
                                    "unit": "px",
                                    "top": "1",
                                    "right": "1",
                                    "bottom": "1",
                                    "left": "1",
                                    "isLinked": true
                                },
                                "background_overlay_color": "#282828",
                                "border_radius": {
                                    "unit": "px",
                                    "top": "0",
                                    "right": "0",
                                    "bottom": "0",
                                    "left": "0",
                                    "isLinked": true
                                },
                                "box_shadow_box_shadow": {
                                    "horizontal": 5,
                                    "vertical": 5,
                                    "blur": 15,
                                    "spread": 0,
                                    "color": "rgba(0, 0, 0, 0.07)"
                                },
                                "border_hover_color": "#FF7F66"
                            },
                            "elements": [
                                {
                                    "id": "63a440ce",
                                    "settings": {
                                        "_column_size": 100,
                                        "_inline_size": null
                                    },
                                    "elements": [
                                        {
                                            "id": "77251367",
                                            "settings": {
                                                "title": "About Us",
                                                "__globals__": {
                                                    "typography_typography": "globals\/typography?id=secondary",
                                                    "title_color": ""
                                                },
                                                "header_size": "h3",
                                                "title_color": "#FFFFFF"
                                            },
                                            "elements": [],
                                            "isInner": false,
                                            "widgetType": "heading",
                                            "elType": "widget"
                                        },
                                        {
                                            "id": "4017cd91",
                                            "settings": {
                                                "text": "Divider",
                                                "_margin": {
                                                    "unit": "px",
                                                    "top": "-15",
                                                    "right": "0",
                                                    "bottom": "-10",
                                                    "left": "0",
                                                    "isLinked": false
                                                },
                                                "typography_line_height": {
                                                    "unit": "em",
                                                    "size": "",
                                                    "sizes": []
                                                },
                                                "__globals__": {
                                                    "color": "globals\/colors?id=d91db48"
                                                }
                                            },
                                            "elements": [],
                                            "isInner": false,
                                            "widgetType": "divider",
                                            "elType": "widget"
                                        },
                                        {
                                            "id": "72fcaa9e",
                                            "settings": {
                                                "_margin": {
                                                    "unit": "px",
                                                    "top": "0",
                                                    "right": "0",
                                                    "bottom": "-10",
                                                    "left": "0",
                                                    "isLinked": false
                                                },
                                                "editor": "<p>Lorem ipsum dolor sit amet, consectetur adipiscing elit. Ut elit tellus, luctus nec ullamcorper mattis.<\/p>",
                                                "typography_line_height": {
                                                    "unit": "em",
                                                    "size": "",
                                                    "sizes": []
                                                },
                                                "drop_cap_typography_line_height": {
                                                    "unit": "em",
                                                    "size": "",
                                                    "sizes": []
                                                },
                                                "__globals__": {
                                                    "text_color": ""
                                                },
                                                "text_color": "#FFFFFF"
                                            },
                                            "elements": [],
                                            "isInner": false,
                                            "widgetType": "text-editor",
                                            "elType": "widget"
                                        },
                                        {
                                            "id": "718d19e5",
                                            "settings": {
                                                "ekit_headerinfo_group": [
                                                    {
                                                        "ekit_headerinfo_text": "918 Abner Road, Hudson",
                                                        "_id": "dd55c2a",
                                                        "ekit_headerinfo_icons": {
                                                            "value": "fas fa-map-marker-alt",
                                                            "library": "fa-solid"
                                                        }
                                                    }
                                                ],
                                                "ekit_simple_tab_title_icon_size": {
                                                    "unit": "px",
                                                    "size": 18,
                                                    "sizes": []
                                                },
                                                "__globals__": {
                                                    "elementskit_content_typography_typography": "globals\/typography?id=text",
                                                    "ekit_info_icon_color": "globals\/colors?id=d91db48",
                                                    "ekit_info_text_color": "",
                                                    "item_bg": ""
                                                },
                                                "ekit_info_icon_color": "#405E59",
                                                "ekit_info_text_color": "#FFFFFF",
                                                "_margin": {
                                                    "unit": "px",
                                                    "top": "0",
                                                    "right": "0",
                                                    "bottom": "-7",
                                                    "left": "0",
                                                    "isLinked": false
                                                }
                                            },
                                            "elements": [],
                                            "isInner": false,
                                            "widgetType": "elementskit-header-info",
                                            "elType": "widget"
                                        },
                                        {
                                            "id": "4db44908",
                                            "settings": {
                                                "ekit_headerinfo_group": [
                                                    {
                                                        "ekit_headerinfo_text": "example@mail.com",
                                                        "_id": "dd55c2a",
                                                        "ekit_headerinfo_icons": {
                                                            "value": "fas fa-envelope",
                                                            "library": "fa-solid"
                                                        }
                                                    }
                                                ],
                                                "ekit_simple_tab_title_icon_size": {
                                                    "unit": "px",
                                                    "size": 18,
                                                    "sizes": []
                                                },
                                                "__globals__": {
                                                    "elementskit_content_typography_typography": "globals\/typography?id=text",
                                                    "ekit_info_icon_color": "",
                                                    "ekit_info_text_color": "",
                                                    "item_bg": ""
                                                },
                                                "ekit_info_icon_color": "#FBE984",
                                                "_margin": {
                                                    "unit": "px",
                                                    "top": "0",
                                                    "right": "0",
                                                    "bottom": "-7",
                                                    "left": "0",
                                                    "isLinked": false
                                                },
                                                "ekit_info_text_color": "#FFFFFF"
                                            },
                                            "elements": [],
                                            "isInner": false,
                                            "widgetType": "elementskit-header-info",
                                            "elType": "widget"
                                        },
                                        {
                                            "id": "29f2554d",
                                            "settings": {
                                                "ekit_headerinfo_group": [
                                                    {
                                                        "ekit_headerinfo_text": "+1 234 567 890",
                                                        "_id": "dd55c2a",
                                                        "ekit_headerinfo_icons": {
                                                            "value": "fas fa-phone-alt",
                                                            "library": "fa-solid"
                                                        }
                                                    }
                                                ],
                                                "ekit_simple_tab_title_icon_size": {
                                                    "unit": "px",
                                                    "size": 18,
                                                    "sizes": []
                                                },
                                                "__globals__": {
                                                    "elementskit_content_typography_typography": "globals\/typography?id=text",
                                                    "ekit_info_icon_color": "globals\/colors?id=d91db48",
                                                    "ekit_info_text_color": "",
                                                    "item_bg": ""
                                                },
                                                "ekit_info_icon_color": "#405E59",
                                                "_margin": {
                                                    "unit": "px",
                                                    "top": "0",
                                                    "right": "0",
                                                    "bottom": "-7",
                                                    "left": "0",
                                                    "isLinked": false
                                                },
                                                "ekit_info_text_color": "#FFFFFF"
                                            },
                                            "elements": [],
                                            "isInner": false,
                                            "widgetType": "elementskit-header-info",
                                            "elType": "widget"
                                        },
                                        {
                                            "id": "7053cc3e",
                                            "settings": {
                                                "ekit_headerinfo_group": [
                                                    {
                                                        "ekit_headerinfo_text": "07.00 AM - 19.00 PM",
                                                        "_id": "dd55c2a",
                                                        "ekit_headerinfo_icons": {
                                                            "value": "fas fa-clock",
                                                            "library": "fa-solid"
                                                        }
                                                    }
                                                ],
                                                "ekit_simple_tab_title_icon_size": {
                                                    "unit": "px",
                                                    "size": 18,
                                                    "sizes": []
                                                },
                                                "__globals__": {
                                                    "elementskit_content_typography_typography": "globals\/typography?id=text",
                                                    "ekit_info_icon_color": "globals\/colors?id=d91db48",
                                                    "ekit_info_text_color": "",
                                                    "item_bg": ""
                                                },
                                                "ekit_info_icon_color": "#405E59",
                                                "_margin": {
                                                    "unit": "px",
                                                    "top": "0",
                                                    "right": "0",
                                                    "bottom": "-3",
                                                    "left": "0",
                                                    "isLinked": false
                                                },
                                                "ekit_info_text_color": "#FFFFFF"
                                            },
                                            "elements": [],
                                            "isInner": false,
                                            "widgetType": "elementskit-header-info",
                                            "elType": "widget"
                                        }
                                    ],
                                    "isInner": true,
                                    "elType": "column"
                                }
                            ],
                            "isInner": true,
                            "elType": "section"
                        },
                        {
                            "id": "4772a1d5",
                            "settings": {
                                "layout": "full_width",
                                "border_border": "solid",
                                "border_width": {
                                    "unit": "px",
                                    "top": "1",
                                    "right": "1",
                                    "bottom": "1",
                                    "left": "1",
                                    "isLinked": true
                                },
                                "margin": {
                                    "unit": "px",
                                    "top": "0",
                                    "right": 0,
                                    "bottom": "20",
                                    "left": 0,
                                    "isLinked": false
                                },
                                "padding": {
                                    "unit": "px",
                                    "top": "30",
                                    "right": "30",
                                    "bottom": "30",
                                    "left": "30",
                                    "isLinked": true
                                },
                                "__globals__": {
                                    "border_color": "globals\/colors?id=accent",
                                    "background_color": "globals\/colors?id=accent",
                                    "border_hover_color": "globals\/colors?id=fe30fde",
                                    "background_overlay_color": "globals\/colors?id=primary"
                                },
                                "padding_mobile": {
                                    "unit": "px",
                                    "top": "20",
                                    "right": "20",
                                    "bottom": "20",
                                    "left": "20",
                                    "isLinked": true
                                },
                                "background_background": "classic",
                                "border_hover_border": "solid",
                                "border_hover_width": {
                                    "unit": "px",
                                    "top": "1",
                                    "right": "1",
                                    "bottom": "1",
                                    "left": "1",
                                    "isLinked": true
                                },
                                "border_hover_color": "#FF7F66",
                                "background_position": "center center",
                                "background_size": "cover",
                                "background_overlay_color": "#282828",
                                "background_overlay_opacity": {
                                    "unit": "px",
                                    "size": 0.7,
                                    "sizes": []
                                },
                                "border_radius": {
                                    "unit": "px",
                                    "top": "0",
                                    "right": "0",
                                    "bottom": "0",
                                    "left": "0",
                                    "isLinked": true
                                },
                                "box_shadow_box_shadow": {
                                    "horizontal": 5,
                                    "vertical": 5,
                                    "blur": 15,
                                    "spread": 0,
                                    "color": "rgba(0, 0, 0, 0.07)"
                                }
                            },
                            "elements": [
                                {
                                    "id": "74aa508f",
                                    "settings": {
                                        "_column_size": 100,
                                        "_inline_size": null
                                    },
                                    "elements": [
                                        {
                                            "id": "52dcf664",
                                            "settings": {
                                                "title": "Recent Post",
                                                "__globals__": {
                                                    "typography_typography": "globals\/typography?id=secondary",
                                                    "title_color": ""
                                                },
                                                "header_size": "h3",
                                                "title_color": "#FFFFFF"
                                            },
                                            "elements": [],
                                            "isInner": false,
                                            "widgetType": "heading",
                                            "elType": "widget"
                                        },
                                        {
                                            "id": "3cb890c6",
                                            "settings": {
                                                "text": "Divider",
                                                "_margin": {
                                                    "unit": "px",
                                                    "top": "-15",
                                                    "right": "0",
                                                    "bottom": "-10",
                                                    "left": "0",
                                                    "isLinked": false
                                                },
                                                "__globals__": {
                                                    "color": "globals\/colors?id=d91db48"
                                                },
                                                "typography_line_height": {
                                                    "unit": "em",
                                                    "size": "",
                                                    "sizes": []
                                                }
                                            },
                                            "elements": [],
                                            "isInner": false,
                                            "widgetType": "divider",
                                            "elType": "widget"
                                        },
                                        {
                                            "id": "2e2fdd81",
                                            "settings": {
                                                "section_layout_options": "recent",
                                                "section_recent_post_limit": 3,
                                                "icon_list": [],
                                                "show_feature_image": "",
                                                "show_bg_feature_image": "yes",
                                                "show_feature_img_size_size": "full",
                                                "icons": {
                                                    "value": "icon icon-chevron-right",
                                                    "library": "ekiticons"
                                                },
                                                "show_post_meta": "",
                                                "list_padding": {
                                                    "unit": "px",
                                                    "top": "20",
                                                    "right": "20",
                                                    "bottom": "20",
                                                    "left": "20",
                                                    "isLinked": false
                                                },
                                                "divider_color": "#656565",
                                                "icon_vertical_alignment": "center",
                                                "icon_color_hover": "#477C74",
                                                "_margin": {
                                                    "unit": "px",
                                                    "top": "0",
                                                    "right": "0",
                                                    "bottom": "0",
                                                    "left": "0",
                                                    "isLinked": false
                                                },
                                                "__globals__": {
                                                    "icon_typography_typography": "globals\/typography?id=text",
                                                    "icon_color": "globals\/colors?id=secondary",
                                                    "icon_color_hover": "globals\/colors?id=fe30fde",
                                                    "list_bg_hover_color": "",
                                                    "list_overlay_hover_color": "",
                                                    "list_overlay_color": "",
                                                    "text_color": "",
                                                    "text_color_hover": ""
                                                },
                                                "ekit_post_list_meta_content_typography_line_height": {
                                                    "unit": "em",
                                                    "size": "",
                                                    "sizes": []
                                                },
                                                "list_border_radius": {
                                                    "unit": "px",
                                                    "top": "0",
                                                    "right": "0",
                                                    "bottom": "0",
                                                    "left": "0",
                                                    "isLinked": true
                                                },
                                                "list_bg_hover_background": "classic",
                                                "list_bg_hover_color": "#CBAA55",
                                                "list_overlay_color": "#201E1E7D",
                                                "list_overlay_hover_color": "#FBE98424",
                                                "text_color": "#FFFFFF",
                                                "text_color_hover": "#FFFFFF",
                                                "icon_size": {
                                                    "unit": "px",
                                                    "size": 15,
                                                    "sizes": []
                                                }
                                            },
                                            "elements": [],
                                            "isInner": false,
                                            "widgetType": "elementskit-post-list",
                                            "elType": "widget"
                                        }
                                    ],
                                    "isInner": true,
                                    "elType": "column"
                                }
                            ],
                            "isInner": true,
                            "elType": "section"
                        },
                        {
                            "id": "50d61352",
                            "settings": {
                                "layout": "full_width",
                                "border_border": "solid",
                                "border_width": {
                                    "unit": "px",
                                    "top": "1",
                                    "right": "1",
                                    "bottom": "1",
                                    "left": "1",
                                    "isLinked": true
                                },
                                "margin": {
                                    "unit": "px",
                                    "top": "0",
                                    "right": 0,
                                    "bottom": "20",
                                    "left": 0,
                                    "isLinked": false
                                },
                                "padding": {
                                    "unit": "px",
                                    "top": "30",
                                    "right": "30",
                                    "bottom": "30",
                                    "left": "30",
                                    "isLinked": true
                                },
                                "__globals__": {
                                    "border_color": "globals\/colors?id=accent",
                                    "background_color": "globals\/colors?id=accent",
                                    "border_hover_color": "globals\/colors?id=fe30fde",
                                    "background_overlay_color": "globals\/colors?id=primary"
                                },
                                "padding_mobile": {
                                    "unit": "px",
                                    "top": "20",
                                    "right": "20",
                                    "bottom": "20",
                                    "left": "20",
                                    "isLinked": true
                                },
                                "background_background": "classic",
                                "border_hover_border": "solid",
                                "border_hover_width": {
                                    "unit": "px",
                                    "top": "1",
                                    "right": "1",
                                    "bottom": "1",
                                    "left": "1",
                                    "isLinked": true
                                },
                                "border_hover_color": "#FF7F66",
                                "background_position": "center center",
                                "background_size": "cover",
                                "background_overlay_color": "#282828",
                                "background_overlay_opacity": {
                                    "unit": "px",
                                    "size": 0.7,
                                    "sizes": []
                                },
                                "border_radius": {
                                    "unit": "px",
                                    "top": "0",
                                    "right": "0",
                                    "bottom": "0",
                                    "left": "0",
                                    "isLinked": true
                                },
                                "box_shadow_box_shadow": {
                                    "horizontal": 5,
                                    "vertical": 5,
                                    "blur": 15,
                                    "spread": 0,
                                    "color": "rgba(0, 0, 0, 0.07)"
                                }
                            },
                            "elements": [
                                {
                                    "id": "69cb6503",
                                    "settings": {
                                        "_column_size": 100,
                                        "_inline_size": null
                                    },
                                    "elements": [
                                        {
                                            "id": "434d5fe2",
                                            "settings": {
                                                "title": "Follow Us",
                                                "__globals__": {
                                                    "typography_typography": "globals\/typography?id=secondary",
                                                    "title_color": ""
                                                },
                                                "header_size": "h3",
                                                "title_color": "#FFFFFF"
                                            },
                                            "elements": [],
                                            "isInner": false,
                                            "widgetType": "heading",
                                            "elType": "widget"
                                        },
                                        {
                                            "id": "636c663f",
                                            "settings": {
                                                "text": "Divider",
                                                "_margin": {
                                                    "unit": "px",
                                                    "top": "-15",
                                                    "right": "0",
                                                    "bottom": "-10",
                                                    "left": "0",
                                                    "isLinked": false
                                                },
                                                "__globals__": {
                                                    "color": "globals\/colors?id=d91db48"
                                                },
                                                "typography_line_height": {
                                                    "unit": "em",
                                                    "size": "",
                                                    "sizes": []
                                                }
                                            },
                                            "elements": [],
                                            "isInner": false,
                                            "widgetType": "divider",
                                            "elType": "widget"
                                        },
                                        {
                                            "id": "2538b350",
                                            "settings": {
                                                "social_icon_list": [
                                                    {
                                                        "social_icon": {
                                                            "value": "fab fa-facebook",
                                                            "library": "fa-brands"
                                                        },
                                                        "_id": "b2217d2"
                                                    },
                                                    {
                                                        "social_icon": {
                                                            "value": "fab fa-twitter",
                                                            "library": "fa-brands"
                                                        },
                                                        "_id": "af8c54b"
                                                    },
                                                    {
                                                        "social_icon": {
                                                            "value": "fab fa-youtube",
                                                            "library": "fa-brands"
                                                        },
                                                        "_id": "f89695c"
                                                    },
                                                    {
                                                        "_id": "5cfea7d",
                                                        "social_icon": {
                                                            "value": "fab fa-linkedin",
                                                            "library": "fa-brands"
                                                        }
                                                    }
                                                ],
                                                "shape": "circle",
                                                "icon_color": "custom",
                                                "icon_primary_color": "#222222",
                                                "icon_size": {
                                                    "unit": "px",
                                                    "size": 13,
                                                    "sizes": []
                                                },
                                                "icon_padding": {
                                                    "unit": "em",
                                                    "size": 0.6,
                                                    "sizes": []
                                                },
                                                "icon_spacing": {
                                                    "unit": "px",
                                                    "size": 10,
                                                    "sizes": []
                                                },
                                                "hover_secondary_color": "#FFFFFF",
                                                "__globals__": {
                                                    "icon_secondary_color": "globals\/colors?id=d91db48",
                                                    "hover_primary_color": "globals\/colors?id=accent",
                                                    "icon_primary_color": "globals\/colors?id=b495345",
                                                    "hover_secondary_color": ""
                                                },
                                                "icon_size_tablet": {
                                                    "unit": "px",
                                                    "size": 15,
                                                    "sizes": []
                                                },
                                                "align": "left",
                                                "align_tablet": "left",
                                                "icon_secondary_color": "#FBE984",
                                                "hover_primary_color": "#8EB1AC"
                                            },
                                            "elements": [],
                                            "isInner": false,
                                            "widgetType": "social-icons",
                                            "elType": "widget"
                                        }
                                    ],
                                    "isInner": true,
                                    "elType": "column"
                                }
                            ],
                            "isInner": true,
                            "elType": "section"
                        },
                        {
                            "id": "6d9e9009",
                            "settings": {
                                "layout": "full_width",
                                "border_border": "solid",
                                "border_width": {
                                    "unit": "px",
                                    "top": "1",
                                    "right": "1",
                                    "bottom": "1",
                                    "left": "1",
                                    "isLinked": true
                                },
                                "margin": {
                                    "unit": "px",
                                    "top": "0",
                                    "right": 0,
                                    "bottom": "20",
                                    "left": 0,
                                    "isLinked": false
                                },
                                "padding": {
                                    "unit": "px",
                                    "top": "30",
                                    "right": "30",
                                    "bottom": "30",
                                    "left": "30",
                                    "isLinked": true
                                },
                                "__globals__": {
                                    "border_color": "globals\/colors?id=accent",
                                    "background_color": "globals\/colors?id=accent",
                                    "border_hover_color": "globals\/colors?id=fe30fde",
                                    "background_overlay_color": "globals\/colors?id=primary"
                                },
                                "padding_mobile": {
                                    "unit": "px",
                                    "top": "20",
                                    "right": "20",
                                    "bottom": "20",
                                    "left": "20",
                                    "isLinked": true
                                },
                                "background_background": "classic",
                                "border_hover_border": "solid",
                                "border_hover_width": {
                                    "unit": "px",
                                    "top": "1",
                                    "right": "1",
                                    "bottom": "1",
                                    "left": "1",
                                    "isLinked": true
                                },
                                "border_hover_color": "#FF7F66",
                                "background_position": "center center",
                                "background_size": "cover",
                                "background_overlay_color": "#282828",
                                "background_overlay_opacity": {
                                    "unit": "px",
                                    "size": 0.7,
                                    "sizes": []
                                },
                                "border_radius": {
                                    "unit": "px",
                                    "top": "0",
                                    "right": "0",
                                    "bottom": "0",
                                    "left": "0",
                                    "isLinked": true
                                },
                                "box_shadow_box_shadow": {
                                    "horizontal": 5,
                                    "vertical": 5,
                                    "blur": 15,
                                    "spread": 0,
                                    "color": "rgba(0, 0, 0, 0.07)"
                                }
                            },
                            "elements": [
                                {
                                    "id": "e2af2cc",
                                    "settings": {
                                        "_column_size": 100,
                                        "_inline_size": null
                                    },
                                    "elements": [
                                        {
                                            "id": "66cc4add",
                                            "settings": {
                                                "title": "Newsletter",
                                                "__globals__": {
                                                    "typography_typography": "globals\/typography?id=secondary",
                                                    "title_color": ""
                                                },
                                                "header_size": "h3",
                                                "title_color": "#FFFFFF"
                                            },
                                            "elements": [],
                                            "isInner": false,
                                            "widgetType": "heading",
                                            "elType": "widget"
                                        },
                                        {
                                            "id": "e6e1e6d",
                                            "settings": {
                                                "text": "Divider",
                                                "_margin": {
                                                    "unit": "px",
                                                    "top": "-15",
                                                    "right": "0",
                                                    "bottom": "-10",
                                                    "left": "0",
                                                    "isLinked": false
                                                },
                                                "__globals__": {
                                                    "color": "globals\/colors?id=d91db48"
                                                },
                                                "typography_line_height": {
                                                    "unit": "em",
                                                    "size": "",
                                                    "sizes": []
                                                }
                                            },
                                            "elements": [],
                                            "isInner": false,
                                            "widgetType": "divider",
                                            "elType": "widget"
                                        },
                                        {
                                            "id": "290bf040",
                                            "settings": {
                                                "ekit_wpform_form_id": "317",
                                                "ekit_wpForms_field_bg_color": "#FFFFFF",
                                                "ekit_wpForms_field_border_border": "solid",
                                                "ekit_wpForms_field_border_width": {
                                                    "unit": "px",
                                                    "top": "0",
                                                    "right": "0",
                                                    "bottom": "0",
                                                    "left": "0",
                                                    "isLinked": false
                                                },
                                                "ekit_wpForms_field_radius": {
                                                    "unit": "px",
                                                    "top": "0",
                                                    "right": "0",
                                                    "bottom": "0",
                                                    "left": "0",
                                                    "isLinked": false
                                                },
                                                "ekit_wpForms_field_padding": {
                                                    "unit": "px",
                                                    "top": "15",
                                                    "right": "2",
                                                    "bottom": "15",
                                                    "left": "20",
                                                    "isLinked": false
                                                },
                                                "ekit_wpForms_field_spacing": {
                                                    "unit": "px",
                                                    "top": "0",
                                                    "right": "0",
                                                    "bottom": "-10",
                                                    "left": "0",
                                                    "isLinked": false
                                                },
                                                "ekit_wpForms_button_align": "left",
                                                "ekit_wpForms_button_text_color_normal": "#FFFFFF",
                                                "ekit_wpForms_button_border_normal_border": "solid",
                                                "ekit_wpForms_button_border_normal_width": {
                                                    "unit": "px",
                                                    "top": "0",
                                                    "right": "0",
                                                    "bottom": "0",
                                                    "left": "0",
                                                    "isLinked": false
                                                },
                                                "ekit_wpForms_button_border_radius": {
                                                    "unit": "px",
                                                    "top": "0",
                                                    "right": "0",
                                                    "bottom": "0",
                                                    "left": "0",
                                                    "isLinked": false
                                                },
                                                "ekit_wpForms_button_padding": {
                                                    "unit": "px",
                                                    "top": "14",
                                                    "right": "30",
                                                    "bottom": "14",
                                                    "left": "30",
                                                    "isLinked": false
                                                },
                                                "_margin": {
                                                    "unit": "px",
                                                    "top": "-10",
                                                    "right": "0",
                                                    "bottom": "-25",
                                                    "left": "0",
                                                    "isLinked": false
                                                },
                                                "__globals__": {
                                                    "ekit_wpForms_typography_label_typography": "globals\/typography?id=text",
                                                    "ekit_wpForms_text_color_label": "globals\/colors?id=text",
                                                    "ekit_wpForms_field_text_color": "globals\/colors?id=text",
                                                    "ekit_wpForms_field_description_typography_typography": "globals\/typography?id=text",
                                                    "ekit_wpForms_field_description_text_color": "globals\/colors?id=text",
                                                    "ekit_wpForms_field_typography_typography": "globals\/typography?id=text",
                                                    "ekit_wpForms_text_color_placeholder": "globals\/colors?id=text",
                                                    "ekit_wpForms_button_typography_typography": "globals\/typography?id=accent",
                                                    "ekit_wpForms_button_bg_color_normal": "globals\/colors?id=2cfcca2",
                                                    "ekit_wpForms_error_message_text_color": "globals\/colors?id=text",
                                                    "ekit_wpForms_button_bg_color_hover": "globals\/colors?id=b495345",
                                                    "ekit_wpForms_button_text_color_hover": "globals\/colors?id=d91db48"
                                                },
                                                "_margin_tablet": {
                                                    "unit": "px",
                                                    "top": "-10",
                                                    "right": "250",
                                                    "bottom": "-25",
                                                    "left": "0",
                                                    "isLinked": false
                                                },
                                                "ekit_wpForms_textarea_height": {
                                                    "unit": "px",
                                                    "size": 0,
                                                    "sizes": []
                                                },
                                                "_margin_mobile": {
                                                    "unit": "px",
                                                    "top": "-10",
                                                    "right": "0",
                                                    "bottom": "-25",
                                                    "left": "0",
                                                    "isLinked": false
                                                }
                                            },
                                            "elements": [],
                                            "isInner": false,
                                            "widgetType": "elementskit-wp-forms",
                                            "elType": "widget"
                                        }
                                    ],
                                    "isInner": true,
                                    "elType": "column"
                                }
                            ],
                            "isInner": true,
                            "elType": "section"
                        }
                    ],
                    "isInner": false,
                    "elType": "column"
                }
            ],
            "isInner": false,
            "elType": "section"
        }
    ],
    "page_settings": {
        "hide_title": "yes",
        "template": "elementor_header_footer"
    }
}