{
    "version": "0.4",
    "title": "Contact",
    "type": "page",
    "metadata": {
        "template_type": "single-page",
        "include_in_zip": "1",
        "elementor_pro_required": null,
        "wp_page_template": "elementor_header_footer"
    },
    "content": [
        {
            "id": "7cf0df8b",
            "settings": {
                "content_width": {
                    "unit": "px",
                    "size": 1200,
                    "sizes": []
                },
                "height": "min-height",
                "custom_height": {
                    "unit": "vh",
                    "size": 38,
                    "sizes": []
                },
                "custom_height_tablet": {
                    "unit": "vh",
                    "size": "",
                    "sizes": []
                },
                "custom_height_mobile": {
                    "unit": "vh",
                    "size": 32,
                    "sizes": []
                },
                "background_background": "classic",
                "background_image": {
                    "url": "http:\/\/askproject.net\/lifezy\/wp-content\/uploads\/sites\/50\/2022\/01\/beautician-giving-a-beauty-consultation-4UZWKX2.jpeg",
                    "id": 582,
                    "alt": "",
                    "source": "library"
                },
                "background_position": "center center",
                "background_overlay_background": "classic",
                "background_overlay_opacity": {
                    "unit": "px",
                    "size": 0.7,
                    "sizes": []
                },
                "padding": {
                    "unit": "px",
                    "top": "60",
                    "right": "0",
                    "bottom": "0",
                    "left": "0",
                    "isLinked": false
                },
                "padding_tablet": {
                    "unit": "px",
                    "top": "60",
                    "right": "30",
                    "bottom": "0",
                    "left": "30",
                    "isLinked": false
                },
                "padding_mobile": {
                    "unit": "px",
                    "top": "60",
                    "right": "20",
                    "bottom": "0",
                    "left": "20",
                    "isLinked": false
                },
                "__globals__": {
                    "background_overlay_color": "globals\/colors?id=2cfcca2"
                }
            },
            "elements": [
                {
                    "id": "548d51c3",
                    "settings": {
                        "_column_size": 100,
                        "_inline_size": null,
                        "padding": {
                            "unit": "px",
                            "top": "0",
                            "right": "0",
                            "bottom": "0",
                            "left": "0",
                            "isLinked": false
                        }
                    },
                    "elements": [
                        {
                            "id": "2ba5e21c",
                            "settings": {
                                "title": "Our Contact",
                                "align": "center",
                                "title_color": "#FFFFFF",
                                "_margin": {
                                    "unit": "px",
                                    "top": "0",
                                    "right": "0",
                                    "bottom": "-10",
                                    "left": "0",
                                    "isLinked": false
                                },
                                "_animation": "fadeInUp"
                            },
                            "elements": [],
                            "isInner": false,
                            "widgetType": "heading",
                            "elType": "widget"
                        },
                        {
                            "id": "51c746d2",
                            "settings": {
                                "view": "inline",
                                "icon_list": [
                                    {
                                        "text": "Home",
                                        "selected_icon": {
                                            "value": "",
                                            "library": ""
                                        },
                                        "_id": "cdfc908",
                                        "link": {
                                            "url": "http:\/\/askproject.net\/lifezy\/home\/",
                                            "is_external": "",
                                            "nofollow": "",
                                            "custom_attributes": ""
                                        }
                                    },
                                    {
                                        "_id": "2440fb4",
                                        "text": "Contact",
                                        "selected_icon": {
                                            "value": "icon icon-right-arrow",
                                            "library": "ekiticons"
                                        }
                                    }
                                ],
                                "space_between": {
                                    "unit": "px",
                                    "size": 10,
                                    "sizes": []
                                },
                                "icon_align": "center",
                                "text_indent": {
                                    "unit": "px",
                                    "size": 10,
                                    "sizes": []
                                },
                                "_margin": {
                                    "unit": "px",
                                    "top": "0",
                                    "right": "0",
                                    "bottom": "0",
                                    "left": "-10",
                                    "isLinked": false
                                },
                                "_animation": "fadeInUp",
                                "_animation_delay": 200,
                                "__globals__": {
                                    "icon_color": "globals\/colors?id=fe30fde",
                                    "text_color_hover": "globals\/colors?id=d91db48"
                                }
                            },
                            "elements": [],
                            "isInner": false,
                            "widgetType": "icon-list",
                            "elType": "widget"
                        }
                    ],
                    "isInner": false,
                    "elType": "column"
                }
            ],
            "isInner": false,
            "elType": "section"
        },
        {
            "id": "56318ea2",
            "settings": {
                "content_width": {
                    "unit": "px",
                    "size": 1200,
                    "sizes": []
                },
                "structure": "20",
                "background_background": "classic",
                "background_color": "#FFFFFF",
                "padding": {
                    "unit": "px",
                    "top": "100",
                    "right": "0",
                    "bottom": "100",
                    "left": "0",
                    "isLinked": false
                },
                "padding_tablet": {
                    "unit": "px",
                    "top": "70",
                    "right": "30",
                    "bottom": "80",
                    "left": "30",
                    "isLinked": false
                },
                "padding_mobile": {
                    "unit": "px",
                    "top": "70",
                    "right": "20",
                    "bottom": "70",
                    "left": "20",
                    "isLinked": false
                },
                "__globals__": {
                    "background_color": ""
                }
            },
            "elements": [
                {
                    "id": "7f1efa3a",
                    "settings": {
                        "_column_size": 50,
                        "_inline_size": null,
                        "_inline_size_tablet": 100,
                        "padding": {
                            "unit": "px",
                            "top": "0",
                            "right": "50",
                            "bottom": "0",
                            "left": "0",
                            "isLinked": false
                        },
                        "padding_tablet": {
                            "unit": "px",
                            "top": "0",
                            "right": "0",
                            "bottom": "40",
                            "left": "0",
                            "isLinked": false
                        }
                    },
                    "elements": [
                        {
                            "id": "21de8254",
                            "settings": {
                                "editor": "<p>Contact<\/p>",
                                "_margin": {
                                    "unit": "px",
                                    "top": "0",
                                    "right": "0",
                                    "bottom": "-25",
                                    "left": "0",
                                    "isLinked": false
                                },
                                "__globals__": {
                                    "text_color": "globals\/colors?id=fe30fde",
                                    "typography_typography": "globals\/typography?id=131db22"
                                },
                                "_animation": "fadeInUp",
                                "align_mobile": "center",
                                "align_tablet": "center"
                            },
                            "elements": [],
                            "isInner": false,
                            "widgetType": "text-editor",
                            "elType": "widget"
                        },
                        {
                            "id": "3ae31644",
                            "settings": {
                                "title": "Contact Us Anytime",
                                "__globals__": {
                                    "title_color": "globals\/colors?id=primary",
                                    "typography_typography": "globals\/typography?id=primary"
                                },
                                "_animation": "fadeInUp",
                                "_animation_delay": 200,
                                "align_mobile": "center",
                                "align_tablet": "center"
                            },
                            "elements": [],
                            "isInner": false,
                            "widgetType": "heading",
                            "elType": "widget"
                        },
                        {
                            "id": "66553fd",
                            "settings": {
                                "editor": "<p>Lorem ipsum dolor sit amet, consec tetur adipi scing elit. Ut elit tellus, luctus nec ullam corper mattis, pulvinar dapibus leo.<\/p>",
                                "_padding": {
                                    "unit": "px",
                                    "top": "0",
                                    "right": "0",
                                    "bottom": "0",
                                    "left": "0",
                                    "isLinked": false
                                },
                                "_padding_tablet": {
                                    "unit": "px",
                                    "top": "0",
                                    "right": "0",
                                    "bottom": "0",
                                    "left": "0",
                                    "isLinked": false
                                },
                                "_animation": "fadeInUp",
                                "_animation_delay": 400,
                                "__globals__": {
                                    "text_color": "globals\/colors?id=text",
                                    "typography_typography": "globals\/typography?id=text"
                                },
                                "_margin": {
                                    "unit": "px",
                                    "top": "0",
                                    "right": "0",
                                    "bottom": "-10",
                                    "left": "0",
                                    "isLinked": false
                                },
                                "align_mobile": "center",
                                "text_color": "#8EB1AC",
                                "align_tablet": "center",
                                "_margin_tablet": {
                                    "unit": "px",
                                    "top": "0",
                                    "right": "100",
                                    "bottom": "0",
                                    "left": "100",
                                    "isLinked": false
                                },
                                "_margin_mobile": {
                                    "unit": "px",
                                    "top": "0",
                                    "right": "0",
                                    "bottom": "0",
                                    "left": "0",
                                    "isLinked": false
                                }
                            },
                            "elements": [],
                            "isInner": false,
                            "widgetType": "text-editor",
                            "elType": "widget"
                        }
                    ],
                    "isInner": false,
                    "elType": "column"
                },
                {
                    "id": "32225f4e",
                    "settings": {
                        "_column_size": 50,
                        "_inline_size": null,
                        "_inline_size_tablet": 100,
                        "content_position": "bottom",
                        "padding": {
                            "unit": "px",
                            "top": "0",
                            "right": "0",
                            "bottom": "0",
                            "left": "50",
                            "isLinked": false
                        },
                        "padding_tablet": {
                            "unit": "px",
                            "top": "0",
                            "right": "0",
                            "bottom": "0",
                            "left": "0",
                            "isLinked": false
                        }
                    },
                    "elements": [
                        {
                            "id": "57d29a95",
                            "settings": {
                                "structure": "20",
                                "padding_tablet": {
                                    "unit": "px",
                                    "top": "0",
                                    "right": "0",
                                    "bottom": "0",
                                    "left": "120",
                                    "isLinked": false
                                },
                                "padding_mobile": {
                                    "unit": "px",
                                    "top": "0",
                                    "right": "0",
                                    "bottom": "0",
                                    "left": "0",
                                    "isLinked": false
                                }
                            },
                            "elements": [
                                {
                                    "id": "3f56138e",
                                    "settings": {
                                        "_column_size": 50,
                                        "_inline_size": null,
                                        "padding": {
                                            "unit": "px",
                                            "top": "0",
                                            "right": "0",
                                            "bottom": "0",
                                            "left": "0",
                                            "isLinked": false
                                        }
                                    },
                                    "elements": [
                                        {
                                            "id": "3f77bf01",
                                            "settings": {
                                                "selected_icon": {
                                                    "value": "fas fa-map-marker-alt",
                                                    "library": "fa-solid"
                                                },
                                                "view": "stacked",
                                                "title_text": "Address",
                                                "description_text": "918 Abner Road, Hudson, NY",
                                                "__globals__": {
                                                    "description_typography_typography": "globals\/typography?id=text",
                                                    "title_typography_typography": "globals\/typography?id=f4de960",
                                                    "primary_color": "globals\/colors?id=b495345",
                                                    "secondary_color": "globals\/colors?id=d91db48"
                                                },
                                                "primary_color": "#222222",
                                                "secondary_color": "#FBE984",
                                                "icon_size": {
                                                    "unit": "px",
                                                    "size": 18,
                                                    "sizes": []
                                                },
                                                "icon_size_tablet": {
                                                    "unit": "px",
                                                    "size": 18,
                                                    "sizes": []
                                                },
                                                "position": "left",
                                                "title_size": "h4",
                                                "title_bottom_space": {
                                                    "unit": "px",
                                                    "size": 0,
                                                    "sizes": []
                                                },
                                                "icon_space_mobile": {
                                                    "unit": "px",
                                                    "size": 2,
                                                    "sizes": []
                                                },
                                                "icon_size_mobile": {
                                                    "unit": "px",
                                                    "size": 20,
                                                    "sizes": []
                                                },
                                                "_margin": {
                                                    "unit": "px",
                                                    "top": "0",
                                                    "right": "0",
                                                    "bottom": "10",
                                                    "left": "0",
                                                    "isLinked": false
                                                },
                                                "_margin_mobile": {
                                                    "unit": "px",
                                                    "top": "0",
                                                    "right": "0",
                                                    "bottom": "10",
                                                    "left": "0",
                                                    "isLinked": false
                                                },
                                                "_animation": "fadeInUp",
                                                "_animation_delay": 600
                                            },
                                            "elements": [],
                                            "isInner": false,
                                            "widgetType": "icon-box",
                                            "elType": "widget"
                                        },
                                        {
                                            "id": "85096b1",
                                            "settings": {
                                                "selected_icon": {
                                                    "value": "fas fa-envelope",
                                                    "library": "fa-solid"
                                                },
                                                "view": "stacked",
                                                "title_text": "Email",
                                                "description_text": "lifezy@mail.com",
                                                "__globals__": {
                                                    "description_typography_typography": "globals\/typography?id=text",
                                                    "title_typography_typography": "globals\/typography?id=f4de960",
                                                    "primary_color": "globals\/colors?id=b495345",
                                                    "secondary_color": "globals\/colors?id=d91db48"
                                                },
                                                "primary_color": "#222222",
                                                "secondary_color": "#FBE984",
                                                "icon_size": {
                                                    "unit": "px",
                                                    "size": 18,
                                                    "sizes": []
                                                },
                                                "icon_size_tablet": {
                                                    "unit": "px",
                                                    "size": 18,
                                                    "sizes": []
                                                },
                                                "position": "left",
                                                "title_size": "h4",
                                                "title_bottom_space": {
                                                    "unit": "px",
                                                    "size": 0,
                                                    "sizes": []
                                                },
                                                "icon_space_mobile": {
                                                    "unit": "px",
                                                    "size": 2,
                                                    "sizes": []
                                                },
                                                "icon_size_mobile": {
                                                    "unit": "px",
                                                    "size": 20,
                                                    "sizes": []
                                                },
                                                "_margin": {
                                                    "unit": "px",
                                                    "top": "0",
                                                    "right": "0",
                                                    "bottom": "-5",
                                                    "left": "0",
                                                    "isLinked": false
                                                },
                                                "_margin_mobile": {
                                                    "unit": "px",
                                                    "top": "0",
                                                    "right": "0",
                                                    "bottom": "30",
                                                    "left": "0",
                                                    "isLinked": false
                                                },
                                                "_animation": "fadeInUp",
                                                "_animation_delay": 800
                                            },
                                            "elements": [],
                                            "isInner": false,
                                            "widgetType": "icon-box",
                                            "elType": "widget"
                                        }
                                    ],
                                    "isInner": true,
                                    "elType": "column"
                                },
                                {
                                    "id": "2f20d77",
                                    "settings": {
                                        "_column_size": 50,
                                        "_inline_size": null,
                                        "padding": {
                                            "unit": "px",
                                            "top": "0",
                                            "right": "0",
                                            "bottom": "0",
                                            "left": "0",
                                            "isLinked": false
                                        }
                                    },
                                    "elements": [
                                        {
                                            "id": "4819a387",
                                            "settings": {
                                                "selected_icon": {
                                                    "value": "fas fa-phone-alt",
                                                    "library": "fa-solid"
                                                },
                                                "view": "stacked",
                                                "title_text": "Phone",
                                                "description_text": "+1 (234) 567 890",
                                                "__globals__": {
                                                    "description_typography_typography": "globals\/typography?id=text",
                                                    "title_typography_typography": "globals\/typography?id=f4de960",
                                                    "primary_color": "globals\/colors?id=b495345",
                                                    "secondary_color": "globals\/colors?id=d91db48"
                                                },
                                                "primary_color": "#222222",
                                                "secondary_color": "#FBE984",
                                                "icon_size": {
                                                    "unit": "px",
                                                    "size": 18,
                                                    "sizes": []
                                                },
                                                "icon_size_tablet": {
                                                    "unit": "px",
                                                    "size": 18,
                                                    "sizes": []
                                                },
                                                "position": "left",
                                                "title_size": "h4",
                                                "title_bottom_space": {
                                                    "unit": "px",
                                                    "size": 0,
                                                    "sizes": []
                                                },
                                                "icon_space_mobile": {
                                                    "unit": "px",
                                                    "size": 2,
                                                    "sizes": []
                                                },
                                                "icon_size_mobile": {
                                                    "unit": "px",
                                                    "size": 20,
                                                    "sizes": []
                                                },
                                                "_margin": {
                                                    "unit": "px",
                                                    "top": "0",
                                                    "right": "0",
                                                    "bottom": "10",
                                                    "left": "0",
                                                    "isLinked": false
                                                },
                                                "_margin_mobile": {
                                                    "unit": "px",
                                                    "top": "0",
                                                    "right": "0",
                                                    "bottom": "10",
                                                    "left": "0",
                                                    "isLinked": false
                                                },
                                                "_animation": "fadeInUp",
                                                "_animation_delay": 700
                                            },
                                            "elements": [],
                                            "isInner": false,
                                            "widgetType": "icon-box",
                                            "elType": "widget"
                                        },
                                        {
                                            "id": "414e8e5e",
                                            "settings": {
                                                "social_icon_list": [
                                                    {
                                                        "social_icon": {
                                                            "value": "fab fa-facebook",
                                                            "library": "fa-brands"
                                                        },
                                                        "_id": "b2217d2"
                                                    },
                                                    {
                                                        "social_icon": {
                                                            "value": "fab fa-twitter",
                                                            "library": "fa-brands"
                                                        },
                                                        "_id": "af8c54b"
                                                    },
                                                    {
                                                        "social_icon": {
                                                            "value": "fab fa-youtube",
                                                            "library": "fa-brands"
                                                        },
                                                        "_id": "f89695c"
                                                    },
                                                    {
                                                        "_id": "5cfea7d",
                                                        "social_icon": {
                                                            "value": "fab fa-linkedin",
                                                            "library": "fa-brands"
                                                        }
                                                    }
                                                ],
                                                "shape": "circle",
                                                "icon_color": "custom",
                                                "icon_primary_color": "#222222",
                                                "icon_size": {
                                                    "unit": "px",
                                                    "size": 17,
                                                    "sizes": []
                                                },
                                                "icon_padding": {
                                                    "unit": "em",
                                                    "size": 0.6,
                                                    "sizes": []
                                                },
                                                "icon_spacing": {
                                                    "unit": "px",
                                                    "size": 10,
                                                    "sizes": []
                                                },
                                                "hover_secondary_color": "#FFFFFF",
                                                "__globals__": {
                                                    "icon_secondary_color": "globals\/colors?id=d91db48",
                                                    "hover_primary_color": "globals\/colors?id=accent",
                                                    "icon_primary_color": "globals\/colors?id=b495345",
                                                    "hover_secondary_color": ""
                                                },
                                                "icon_size_tablet": {
                                                    "unit": "px",
                                                    "size": 15,
                                                    "sizes": []
                                                },
                                                "align": "left",
                                                "align_tablet": "left",
                                                "icon_secondary_color": "#FBE984",
                                                "hover_primary_color": "#8EB1AC",
                                                "align_mobile": "center",
                                                "_margin_tablet": {
                                                    "unit": "px",
                                                    "top": "10",
                                                    "right": "0",
                                                    "bottom": "0",
                                                    "left": "0",
                                                    "isLinked": false
                                                }
                                            },
                                            "elements": [],
                                            "isInner": false,
                                            "widgetType": "social-icons",
                                            "elType": "widget"
                                        }
                                    ],
                                    "isInner": true,
                                    "elType": "column"
                                }
                            ],
                            "isInner": true,
                            "elType": "section"
                        }
                    ],
                    "isInner": false,
                    "elType": "column"
                }
            ],
            "isInner": false,
            "elType": "section"
        },
        {
            "id": "ce59b83",
            "settings": {
                "content_width": {
                    "unit": "px",
                    "size": 1200,
                    "sizes": []
                },
                "structure": "20",
                "background_background": "classic",
                "padding": {
                    "unit": "px",
                    "top": "0",
                    "right": "0",
                    "bottom": "0",
                    "left": "0",
                    "isLinked": false
                },
                "padding_tablet": {
                    "unit": "px",
                    "top": "0",
                    "right": "30",
                    "bottom": "0",
                    "left": "0",
                    "isLinked": false
                },
                "padding_mobile": {
                    "unit": "px",
                    "top": "70",
                    "right": "20",
                    "bottom": "0",
                    "left": "20",
                    "isLinked": false
                },
                "z_index": 5,
                "reverse_order_mobile": "reverse-mobile",
                "__globals__": {
                    "background_color": "globals\/colors?id=secondary"
                }
            },
            "elements": [
                {
                    "id": "fb81e46",
                    "settings": {
                        "_column_size": 50,
                        "_inline_size": 40,
                        "_inline_size_tablet": 38,
                        "content_position": "center",
                        "background_background": "classic",
                        "background_image": {
                            "url": "http:\/\/askproject.net\/lifezy\/wp-content\/uploads\/sites\/50\/2022\/01\/man-during-a-psychological-session-with-psychologi-HM895ZK.jpeg",
                            "id": 144,
                            "alt": "",
                            "source": "library"
                        },
                        "background_position": "center center",
                        "background_size": "cover",
                        "margin": {
                            "unit": "px",
                            "top": "-20",
                            "right": "0",
                            "bottom": "-20",
                            "left": "0",
                            "isLinked": false
                        },
                        "margin_mobile": {
                            "unit": "px",
                            "top": "0",
                            "right": "0",
                            "bottom": "-20",
                            "left": "0",
                            "isLinked": false
                        },
                        "padding_mobile": {
                            "unit": "px",
                            "top": "200",
                            "right": "0",
                            "bottom": "200",
                            "left": "0",
                            "isLinked": false
                        },
                        "animation": "fadeIn"
                    },
                    "elements": [
                        {
                            "id": "7b9d4d0f",
                            "settings": {
                                "ekit_video_popup_button_title": "Play Video",
                                "ekit_video_popup_button_icons": {
                                    "value": "icon icon-play-button",
                                    "library": "ekiticons"
                                },
                                "ekit_video_popup_url": "https:\/\/www.youtube.com\/watch?v=VhBl3dHT5SY",
                                "ekit_video_popup_text_padding": {
                                    "unit": "px",
                                    "top": "9",
                                    "right": "0",
                                    "bottom": "0",
                                    "left": "2",
                                    "isLinked": false
                                },
                                "ekit_video_popup_btn_bg_color_background": "classic",
                                "ekit_video_popup_btn_bg_color_color": "#FFFFFF",
                                "ekit_video_popup_btn_bg_hover_color_background": "classic",
                                "_animation": "fadeIn",
                                "__globals__": {
                                    "ekit_video_popup_btn_typography_typography": "globals\/typography?id=accent",
                                    "ekit_video_popup_btn_glow_color": "globals\/colors?id=d91db48",
                                    "ekit_video_popup_btn_bg_color_color": "",
                                    "ekit_video_popup_btn_text_color": "globals\/colors?id=primary",
                                    "ekit_video_popup_btn_hover_color": "globals\/colors?id=d91db48",
                                    "ekit_video_popup_btn_bg_hover_color_color": "globals\/colors?id=primary"
                                }
                            },
                            "elements": [],
                            "isInner": false,
                            "widgetType": "elementskit-video",
                            "elType": "widget"
                        }
                    ],
                    "isInner": false,
                    "elType": "column"
                },
                {
                    "id": "64397c39",
                    "settings": {
                        "_column_size": 50,
                        "_inline_size": 60,
                        "_inline_size_tablet": 62,
                        "padding": {
                            "unit": "px",
                            "top": "100",
                            "right": "0",
                            "bottom": "100",
                            "left": "70",
                            "isLinked": false
                        },
                        "padding_tablet": {
                            "unit": "px",
                            "top": "70",
                            "right": "0",
                            "bottom": "70",
                            "left": "50",
                            "isLinked": false
                        },
                        "padding_mobile": {
                            "unit": "px",
                            "top": "0",
                            "right": "0",
                            "bottom": "0",
                            "left": "0",
                            "isLinked": false
                        }
                    },
                    "elements": [
                        {
                            "id": "7ec83808",
                            "settings": {
                                "editor": "<p>Contact<\/p>",
                                "_margin": {
                                    "unit": "px",
                                    "top": "0",
                                    "right": "0",
                                    "bottom": "-25",
                                    "left": "0",
                                    "isLinked": false
                                },
                                "__globals__": {
                                    "text_color": "globals\/colors?id=fe30fde",
                                    "typography_typography": "globals\/typography?id=131db22"
                                },
                                "_animation": "fadeInUp",
                                "align_mobile": "center"
                            },
                            "elements": [],
                            "isInner": false,
                            "widgetType": "text-editor",
                            "elType": "widget"
                        },
                        {
                            "id": "39f6d7e5",
                            "settings": {
                                "title": "Send Us a Message",
                                "__globals__": {
                                    "title_color": "globals\/colors?id=primary",
                                    "typography_typography": "globals\/typography?id=primary"
                                },
                                "_animation": "fadeInUp",
                                "_animation_delay": 200,
                                "align_mobile": "center",
                                "_margin_tablet": {
                                    "unit": "px",
                                    "top": "0",
                                    "right": "0",
                                    "bottom": "0",
                                    "left": "0",
                                    "isLinked": false
                                }
                            },
                            "elements": [],
                            "isInner": false,
                            "widgetType": "heading",
                            "elType": "widget"
                        },
                        {
                            "id": "55613025",
                            "settings": {
                                "editor": "<p>Lorem ipsum dolor sit amet, consec tetur adipi scing elit. Ut elit tellus, luctus nec ullam corper mattis, pulvinar dapibus leo.<\/p>",
                                "_padding": {
                                    "unit": "px",
                                    "top": "0",
                                    "right": "0",
                                    "bottom": "0",
                                    "left": "0",
                                    "isLinked": false
                                },
                                "_padding_tablet": {
                                    "unit": "px",
                                    "top": "0",
                                    "right": "0",
                                    "bottom": "0",
                                    "left": "0",
                                    "isLinked": false
                                },
                                "_animation": "fadeInUp",
                                "_animation_delay": 400,
                                "__globals__": {
                                    "text_color": "globals\/colors?id=text",
                                    "typography_typography": "globals\/typography?id=text"
                                },
                                "_margin": {
                                    "unit": "px",
                                    "top": "0",
                                    "right": "0",
                                    "bottom": "-10",
                                    "left": "0",
                                    "isLinked": false
                                },
                                "align_mobile": "center",
                                "text_color": "#8EB1AC"
                            },
                            "elements": [],
                            "isInner": false,
                            "widgetType": "text-editor",
                            "elType": "widget"
                        },
                        {
                            "id": "7b214f09",
                            "settings": {
                                "animation": "fadeInUp",
                                "animation_delay": 600
                            },
                            "elements": [
                                {
                                    "id": "7dad3dca",
                                    "settings": {
                                        "_column_size": 100,
                                        "_inline_size": null,
                                        "padding": {
                                            "unit": "px",
                                            "top": "40",
                                            "right": "40",
                                            "bottom": "40",
                                            "left": "40",
                                            "isLinked": true
                                        },
                                        "background_background": "classic",
                                        "__globals__": {
                                            "background_color": "globals\/colors?id=accent",
                                            "border_color": "globals\/colors?id=accent",
                                            "border_hover_color": "globals\/colors?id=fe30fde"
                                        },
                                        "padding_tablet": {
                                            "unit": "px",
                                            "top": "30",
                                            "right": "30",
                                            "bottom": "30",
                                            "left": "30",
                                            "isLinked": true
                                        },
                                        "border_border": "solid",
                                        "border_width": {
                                            "unit": "px",
                                            "top": "1",
                                            "right": "1",
                                            "bottom": "1",
                                            "left": "1",
                                            "isLinked": true
                                        },
                                        "border_hover_border": "solid"
                                    },
                                    "elements": [
                                        {
                                            "id": "7c1e78e8",
                                            "settings": {
                                                "ekit_wpform_form_id": "316",
                                                "ekit_wpForms_field_bg_color": "#FFFFFF",
                                                "ekit_wpForms_field_border_border": "solid",
                                                "ekit_wpForms_field_border_width": {
                                                    "unit": "px",
                                                    "top": "0",
                                                    "right": "0",
                                                    "bottom": "0",
                                                    "left": "0",
                                                    "isLinked": false
                                                },
                                                "ekit_wpForms_field_radius": {
                                                    "unit": "px",
                                                    "top": "0",
                                                    "right": "0",
                                                    "bottom": "0",
                                                    "left": "0",
                                                    "isLinked": false
                                                },
                                                "ekit_wpForms_field_padding": {
                                                    "unit": "px",
                                                    "top": "15",
                                                    "right": "2",
                                                    "bottom": "15",
                                                    "left": "20",
                                                    "isLinked": false
                                                },
                                                "ekit_wpForms_field_spacing": {
                                                    "unit": "px",
                                                    "top": "0",
                                                    "right": "0",
                                                    "bottom": "0",
                                                    "left": "0",
                                                    "isLinked": false
                                                },
                                                "ekit_wpForms_button_align": "center",
                                                "ekit_wpForms_button_text_color_normal": "#FFFFFF",
                                                "ekit_wpForms_button_border_normal_border": "solid",
                                                "ekit_wpForms_button_border_normal_width": {
                                                    "unit": "px",
                                                    "top": "0",
                                                    "right": "0",
                                                    "bottom": "0",
                                                    "left": "0",
                                                    "isLinked": false
                                                },
                                                "ekit_wpForms_button_border_radius": {
                                                    "unit": "px",
                                                    "top": "0",
                                                    "right": "0",
                                                    "bottom": "0",
                                                    "left": "0",
                                                    "isLinked": false
                                                },
                                                "ekit_wpForms_button_padding": {
                                                    "unit": "px",
                                                    "top": "15",
                                                    "right": "30",
                                                    "bottom": "15",
                                                    "left": "30",
                                                    "isLinked": false
                                                },
                                                "_margin": {
                                                    "unit": "px",
                                                    "top": "-10",
                                                    "right": "0",
                                                    "bottom": "-25",
                                                    "left": "0",
                                                    "isLinked": false
                                                },
                                                "__globals__": {
                                                    "ekit_wpForms_typography_label_typography": "globals\/typography?id=text",
                                                    "ekit_wpForms_text_color_label": "globals\/colors?id=text",
                                                    "ekit_wpForms_field_text_color": "globals\/colors?id=text",
                                                    "ekit_wpForms_field_description_typography_typography": "globals\/typography?id=text",
                                                    "ekit_wpForms_field_description_text_color": "globals\/colors?id=text",
                                                    "ekit_wpForms_field_typography_typography": "globals\/typography?id=text",
                                                    "ekit_wpForms_text_color_placeholder": "globals\/colors?id=text",
                                                    "ekit_wpForms_button_typography_typography": "globals\/typography?id=accent",
                                                    "ekit_wpForms_button_bg_color_normal": "globals\/colors?id=2cfcca2",
                                                    "ekit_wpForms_error_message_text_color": "globals\/colors?id=text",
                                                    "ekit_wpForms_button_bg_color_hover": "globals\/colors?id=b495345",
                                                    "ekit_wpForms_button_text_color_hover": "globals\/colors?id=d91db48"
                                                },
                                                "_margin_tablet": {
                                                    "unit": "px",
                                                    "top": "-10",
                                                    "right": "0",
                                                    "bottom": "-25",
                                                    "left": "0",
                                                    "isLinked": false
                                                }
                                            },
                                            "elements": [],
                                            "isInner": false,
                                            "widgetType": "elementskit-wp-forms",
                                            "elType": "widget"
                                        }
                                    ],
                                    "isInner": true,
                                    "elType": "column"
                                }
                            ],
                            "isInner": true,
                            "elType": "section"
                        }
                    ],
                    "isInner": false,
                    "elType": "column"
                }
            ],
            "isInner": false,
            "elType": "section"
        },
        {
            "id": "67513be",
            "settings": {
                "layout": "full_width",
                "animation": "fadeIn"
            },
            "elements": [
                {
                    "id": "519a9afd",
                    "settings": {
                        "_column_size": 100,
                        "_inline_size": null,
                        "padding": {
                            "unit": "px",
                            "top": "0",
                            "right": "0",
                            "bottom": "0",
                            "left": "0",
                            "isLinked": false
                        }
                    },
                    "elements": [
                        {
                            "id": "a980e5c",
                            "settings": {
                                "address": "London Eye, London, United Kingdom",
                                "zoom": {
                                    "unit": "px",
                                    "size": 12,
                                    "sizes": []
                                },
                                "height": {
                                    "unit": "px",
                                    "size": 420,
                                    "sizes": []
                                },
                                "height_tablet": {
                                    "unit": "px",
                                    "size": 400,
                                    "sizes": []
                                },
                                "css_filters_css_filter": "custom",
                                "css_filters_brightness": {
                                    "unit": "px",
                                    "size": 95,
                                    "sizes": []
                                },
                                "css_filters_contrast": {
                                    "unit": "px",
                                    "size": 105,
                                    "sizes": []
                                },
                                "css_filters_saturate": {
                                    "unit": "px",
                                    "size": 0,
                                    "sizes": []
                                },
                                "css_filters_hover_css_filter": "custom",
                                "hover_transition": {
                                    "unit": "px",
                                    "size": 0.5,
                                    "sizes": []
                                }
                            },
                            "elements": [],
                            "isInner": false,
                            "widgetType": "google_maps",
                            "elType": "widget"
                        }
                    ],
                    "isInner": false,
                    "elType": "column"
                }
            ],
            "isInner": false,
            "elType": "section"
        }
    ],
    "page_settings": {
        "hide_title": "yes",
        "template": "elementor_header_footer"
    }
}