{
    "version": "0.4",
    "title": "FAQs Page",
    "type": "page",
    "metadata": {
        "template_type": "single-page",
        "include_in_zip": "1",
        "elementor_pro_required": null,
        "wp_page_template": "elementor_header_footer"
    },
    "content": [
        {
            "id": "5409146c",
            "settings": {
                "content_width": {
                    "unit": "px",
                    "size": 1200,
                    "sizes": []
                },
                "height": "min-height",
                "custom_height": {
                    "unit": "vh",
                    "size": 38,
                    "sizes": []
                },
                "custom_height_tablet": {
                    "unit": "vh",
                    "size": "",
                    "sizes": []
                },
                "custom_height_mobile": {
                    "unit": "vh",
                    "size": 32,
                    "sizes": []
                },
                "background_background": "classic",
                "background_image": {
                    "url": "http:\/\/askproject.net\/lifezy\/wp-content\/uploads\/sites\/50\/2022\/01\/psychological-workoshops-P8XR442.jpg",
                    "id": 245,
                    "alt": "",
                    "source": "library"
                },
                "background_position": "center center",
                "background_overlay_background": "classic",
                "background_overlay_opacity": {
                    "unit": "px",
                    "size": 0.7,
                    "sizes": []
                },
                "padding": {
                    "unit": "px",
                    "top": "60",
                    "right": "0",
                    "bottom": "0",
                    "left": "0",
                    "isLinked": false
                },
                "padding_tablet": {
                    "unit": "px",
                    "top": "60",
                    "right": "30",
                    "bottom": "0",
                    "left": "30",
                    "isLinked": false
                },
                "padding_mobile": {
                    "unit": "px",
                    "top": "60",
                    "right": "20",
                    "bottom": "0",
                    "left": "20",
                    "isLinked": false
                },
                "__globals__": {
                    "background_overlay_color": "globals\/colors?id=2cfcca2"
                }
            },
            "elements": [
                {
                    "id": "db679a3",
                    "settings": {
                        "_column_size": 100,
                        "_inline_size": null,
                        "padding": {
                            "unit": "px",
                            "top": "0",
                            "right": "0",
                            "bottom": "0",
                            "left": "0",
                            "isLinked": false
                        }
                    },
                    "elements": [
                        {
                            "id": "67efb97f",
                            "settings": {
                                "title": "FAQs Page",
                                "align": "center",
                                "title_color": "#FFFFFF",
                                "_margin": {
                                    "unit": "px",
                                    "top": "0",
                                    "right": "0",
                                    "bottom": "-10",
                                    "left": "0",
                                    "isLinked": false
                                },
                                "_animation": "fadeInUp"
                            },
                            "elements": [],
                            "isInner": false,
                            "widgetType": "heading",
                            "elType": "widget"
                        },
                        {
                            "id": "5e5dc80d",
                            "settings": {
                                "view": "inline",
                                "icon_list": [
                                    {
                                        "text": "Home",
                                        "selected_icon": {
                                            "value": "",
                                            "library": ""
                                        },
                                        "_id": "cdfc908",
                                        "link": {
                                            "url": "http:\/\/askproject.net\/lifezy\/home\/",
                                            "is_external": "",
                                            "nofollow": "",
                                            "custom_attributes": ""
                                        }
                                    },
                                    {
                                        "_id": "2440fb4",
                                        "text": "FAQs",
                                        "selected_icon": {
                                            "value": "icon icon-right-arrow",
                                            "library": "ekiticons"
                                        }
                                    }
                                ],
                                "space_between": {
                                    "unit": "px",
                                    "size": 10,
                                    "sizes": []
                                },
                                "icon_align": "center",
                                "text_indent": {
                                    "unit": "px",
                                    "size": 10,
                                    "sizes": []
                                },
                                "_margin": {
                                    "unit": "px",
                                    "top": "0",
                                    "right": "0",
                                    "bottom": "0",
                                    "left": "-10",
                                    "isLinked": false
                                },
                                "_animation": "fadeInUp",
                                "_animation_delay": 200,
                                "__globals__": {
                                    "icon_color": "globals\/colors?id=fe30fde",
                                    "text_color_hover": "globals\/colors?id=d91db48"
                                }
                            },
                            "elements": [],
                            "isInner": false,
                            "widgetType": "icon-list",
                            "elType": "widget"
                        }
                    ],
                    "isInner": false,
                    "elType": "column"
                }
            ],
            "isInner": false,
            "elType": "section"
        },
        {
            "id": "2c6499e2",
            "settings": {
                "structure": "20",
                "padding": {
                    "unit": "px",
                    "top": "100",
                    "right": "0",
                    "bottom": "100",
                    "left": "0",
                    "isLinked": false
                },
                "padding_tablet": {
                    "unit": "px",
                    "top": "70",
                    "right": "30",
                    "bottom": "70",
                    "left": "30",
                    "isLinked": false
                },
                "padding_mobile": {
                    "unit": "px",
                    "top": "70",
                    "right": "20",
                    "bottom": "70",
                    "left": "20",
                    "isLinked": false
                },
                "content_width": {
                    "unit": "px",
                    "size": 1200,
                    "sizes": []
                },
                "background_background": "classic",
                "background_color": "#FFFFFF",
                "__globals__": {
                    "background_color": ""
                }
            },
            "elements": [
                {
                    "id": "5ce6ffc9",
                    "settings": {
                        "_column_size": 50,
                        "_inline_size": 53,
                        "padding": {
                            "unit": "px",
                            "top": "0",
                            "right": "70",
                            "bottom": "0",
                            "left": "0",
                            "isLinked": false
                        },
                        "padding_tablet": {
                            "unit": "px",
                            "top": "0",
                            "right": "50",
                            "bottom": "0",
                            "left": "0",
                            "isLinked": false
                        },
                        "padding_mobile": {
                            "unit": "px",
                            "top": "0",
                            "right": "0",
                            "bottom": "50",
                            "left": "0",
                            "isLinked": false
                        },
                        "content_position": "center"
                    },
                    "elements": [
                        {
                            "id": "101dd08b",
                            "settings": {
                                "editor": "<p>FAQs<\/p>",
                                "_margin": {
                                    "unit": "px",
                                    "top": "0",
                                    "right": "0",
                                    "bottom": "-25",
                                    "left": "0",
                                    "isLinked": false
                                },
                                "__globals__": {
                                    "text_color": "globals\/colors?id=fe30fde",
                                    "typography_typography": "globals\/typography?id=131db22"
                                },
                                "_animation": "fadeInUp",
                                "align_mobile": "center"
                            },
                            "elements": [],
                            "isInner": false,
                            "widgetType": "text-editor",
                            "elType": "widget"
                        },
                        {
                            "id": "4c8c39be",
                            "settings": {
                                "title": "What is Life Coaching? Who is it for?",
                                "__globals__": {
                                    "title_color": "globals\/colors?id=primary",
                                    "typography_typography": "globals\/typography?id=primary"
                                },
                                "_animation": "fadeInUp",
                                "_animation_delay": 200,
                                "align_mobile": "center"
                            },
                            "elements": [],
                            "isInner": false,
                            "widgetType": "heading",
                            "elType": "widget"
                        },
                        {
                            "id": "241d999b",
                            "settings": {
                                "editor": "<p>Lorem ipsum dolor sit amet, consec tetur adipi scing elit. Ut elit tellus, luctus nec ullam corper mattis, pulvinar dapibus leo.<\/p>",
                                "_padding": {
                                    "unit": "px",
                                    "top": "0",
                                    "right": "0",
                                    "bottom": "0",
                                    "left": "0",
                                    "isLinked": false
                                },
                                "_padding_tablet": {
                                    "unit": "px",
                                    "top": "0",
                                    "right": "0",
                                    "bottom": "0",
                                    "left": "0",
                                    "isLinked": false
                                },
                                "_animation": "fadeInUp",
                                "_animation_delay": 400,
                                "__globals__": {
                                    "text_color": "globals\/colors?id=text",
                                    "typography_typography": "globals\/typography?id=text"
                                },
                                "_margin": {
                                    "unit": "px",
                                    "top": "0",
                                    "right": "0",
                                    "bottom": "-10",
                                    "left": "0",
                                    "isLinked": false
                                },
                                "align_mobile": "center",
                                "text_color": "#8EB1AC"
                            },
                            "elements": [],
                            "isInner": false,
                            "widgetType": "text-editor",
                            "elType": "widget"
                        },
                        {
                            "id": "e3d99e9",
                            "settings": {
                                "text": "View More",
                                "selected_icon": {
                                    "value": "icon icon-right-arrow",
                                    "library": "ekiticons"
                                },
                                "icon_align": "right",
                                "icon_indent": {
                                    "unit": "px",
                                    "size": 10,
                                    "sizes": []
                                },
                                "border_radius": {
                                    "unit": "px",
                                    "top": "0",
                                    "right": "0",
                                    "bottom": "0",
                                    "left": "0",
                                    "isLinked": false
                                },
                                "text_padding": {
                                    "unit": "px",
                                    "top": "18",
                                    "right": "30",
                                    "bottom": "18",
                                    "left": "30",
                                    "isLinked": false
                                },
                                "_margin": {
                                    "unit": "px",
                                    "top": "0",
                                    "right": "0",
                                    "bottom": "0",
                                    "left": "0",
                                    "isLinked": false
                                },
                                "__globals__": {
                                    "button_text_color": "",
                                    "hover_color": "globals\/colors?id=d91db48",
                                    "button_background_hover_color": "globals\/colors?id=accent",
                                    "background_color": "",
                                    "typography_typography": "globals\/typography?id=accent"
                                },
                                "_animation": "fadeInUp",
                                "_animation_delay": 600,
                                "button_text_color": "#FFFFFF",
                                "hover_color": "#FBE984",
                                "button_background_hover_color": "#477C74",
                                "align_mobile": "center",
                                "_margin_tablet": {
                                    "unit": "px",
                                    "top": "0",
                                    "right": "0",
                                    "bottom": "0",
                                    "left": "0",
                                    "isLinked": false
                                },
                                "_margin_mobile": {
                                    "unit": "px",
                                    "top": "0",
                                    "right": "0",
                                    "bottom": "0",
                                    "left": "0",
                                    "isLinked": false
                                },
                                "background_color": "#1A4942"
                            },
                            "elements": [],
                            "isInner": false,
                            "widgetType": "button",
                            "elType": "widget"
                        }
                    ],
                    "isInner": false,
                    "elType": "column"
                },
                {
                    "id": "9c23f15",
                    "settings": {
                        "_column_size": 50,
                        "_inline_size": 47,
                        "padding": {
                            "unit": "px",
                            "top": "0",
                            "right": "0",
                            "bottom": "0",
                            "left": "0",
                            "isLinked": false
                        }
                    },
                    "elements": [
                        {
                            "id": "4203f711",
                            "settings": {
                                "ekit_accordion_items": [
                                    {
                                        "acc_title": "What is Life Coaching?",
                                        "acc_content": "<p>Lorem ipsum dolor sit amet, consec tetur adipiscing elit. Nulla accumsan male suada arcu eget imperdiet. Mauris male suada id lorem a convallis. Donec sed neque mi.<\/p>",
                                        "ekit_acc_is_active": "yes",
                                        "_id": "eefacd9"
                                    },
                                    {
                                        "acc_title": "Why we need life coaching?",
                                        "acc_content": "<p>Lorem ipsum dolor sit amet, consec tetur adipiscing elit. Nulla accumsan male suada arcu eget imperdiet. Mauris male suada id lorem a convallis. Donec sed neque mi.<\/p>",
                                        "_id": "13e4306"
                                    },
                                    {
                                        "acc_title": "How much for a consultation?",
                                        "acc_content": "<p>Lorem ipsum dolor sit amet, consec tetur adipiscing elit. Nulla accumsan male suada arcu eget imperdiet. Mauris male suada id lorem a convallis. Donec sed neque mi.<\/p>",
                                        "_id": "a6358cb"
                                    },
                                    {
                                        "acc_title": "How to book a session?",
                                        "acc_content": "<p>Lorem ipsum dolor sit amet, consec tetur adipiscing elit. Nulla accumsan male suada arcu eget imperdiet. Mauris male suada id lorem a convallis. Donec sed neque mi.<\/p>",
                                        "_id": "5f225b5"
                                    }
                                ],
                                "ekit_accordion_right_icons": {
                                    "value": "icon icon-chevron-down",
                                    "library": "ekiticons"
                                },
                                "ekit_accordion_right_icon_actives": {
                                    "value": "icon icon-chevron-left",
                                    "library": "ekiticons"
                                },
                                "ekit_accordion_title_color": "#FFFFFF",
                                "ekit_accordion_background_background": "classic",
                                "ekit_accordion_background_color": "#477C74",
                                "ekit_accordion_background_close_background": "classic",
                                "ekit_accordion_border_radious_close": {
                                    "unit": "px",
                                    "top": "0",
                                    "right": "0",
                                    "bottom": "0",
                                    "left": "0",
                                    "isLinked": false
                                },
                                "ekit_accordion_title_padding": {
                                    "unit": "px",
                                    "top": "15",
                                    "right": "50",
                                    "bottom": "15",
                                    "left": "30",
                                    "isLinked": false
                                },
                                "ekit_accordion_content_border_radious": {
                                    "unit": "px",
                                    "top": "0",
                                    "right": "0",
                                    "bottom": "0",
                                    "left": "0",
                                    "isLinked": false
                                },
                                "ekit_accordion_content_padding": {
                                    "unit": "px",
                                    "top": "30",
                                    "right": "50",
                                    "bottom": "20",
                                    "left": "40",
                                    "isLinked": false
                                },
                                "ekit_accordion_border_open_border": "solid",
                                "ekit_accordion_border_open_width": {
                                    "unit": "px",
                                    "top": "0",
                                    "right": "0",
                                    "bottom": "0",
                                    "left": "0",
                                    "isLinked": false
                                },
                                "ekit_accordion_border_radious_open": {
                                    "unit": "px",
                                    "top": "0",
                                    "right": "0",
                                    "bottom": "0",
                                    "left": "0",
                                    "isLinked": false
                                },
                                "_animation": "fadeIn",
                                "_animation_delay": 400,
                                "__globals__": {
                                    "ekit_accordion_title_typography_typography": "globals\/typography?id=82aa23d",
                                    "ekit_accordion_title_color": "",
                                    "ekit_accordion_background_color": "globals\/colors?id=accent",
                                    "ekit_accordion_background_close_color": "globals\/colors?id=secondary",
                                    "ekit_accordion_title_color_close": "globals\/colors?id=primary",
                                    "ekit_accordion_content_typography_typography": "globals\/typography?id=text",
                                    "ekit_accordion_content_color": "globals\/colors?id=text",
                                    "ekit_accordion_icon_color_close": "globals\/colors?id=2cfcca2",
                                    "ekit_accordion_icon_color": "globals\/colors?id=fe30fde"
                                },
                                "ekit_accordion_title_color_close": "#405E59",
                                "ekit_accordion_background_close_color": "#F4F0E9",
                                "ekit_accordion_content_color": "#8EB1AC",
                                "ekit_accordion_icon_color_close": "#1A4942",
                                "ekit_accordion_icon_color": "#F8D513"
                            },
                            "elements": [],
                            "isInner": false,
                            "widgetType": "elementskit-accordion",
                            "elType": "widget"
                        }
                    ],
                    "isInner": false,
                    "elType": "column"
                }
            ],
            "isInner": false,
            "elType": "section"
        },
        {
            "id": "7843fb5c",
            "settings": {
                "content_width": {
                    "unit": "px",
                    "size": 1200,
                    "sizes": []
                },
                "background_background": "classic",
                "padding": {
                    "unit": "px",
                    "top": "100",
                    "right": "0",
                    "bottom": "100",
                    "left": "0",
                    "isLinked": false
                },
                "padding_tablet": {
                    "unit": "px",
                    "top": "70",
                    "right": "30",
                    "bottom": "70",
                    "left": "30",
                    "isLinked": false
                },
                "padding_mobile": {
                    "unit": "px",
                    "top": "70",
                    "right": "20",
                    "bottom": "70",
                    "left": "20",
                    "isLinked": false
                },
                "reverse_order_mobile": "reverse-mobile",
                "__globals__": {
                    "background_color": "globals\/colors?id=secondary"
                }
            },
            "elements": [
                {
                    "id": "5f46686d",
                    "settings": {
                        "_column_size": 100,
                        "_inline_size": null,
                        "padding": {
                            "unit": "px",
                            "top": "0",
                            "right": "0",
                            "bottom": "0",
                            "left": "0",
                            "isLinked": false
                        }
                    },
                    "elements": [
                        {
                            "id": "308954be",
                            "settings": {
                                "editor": "<p>FAQs<\/p>",
                                "typography_typography": "custom",
                                "typography_font_family": "Syne",
                                "typography_font_size": {
                                    "unit": "px",
                                    "size": 14,
                                    "sizes": []
                                },
                                "typography_font_weight": "700",
                                "typography_text_transform": "uppercase",
                                "typography_letter_spacing": {
                                    "unit": "px",
                                    "size": 3,
                                    "sizes": []
                                },
                                "_margin": {
                                    "unit": "px",
                                    "top": "0",
                                    "right": "0",
                                    "bottom": "-25",
                                    "left": "0",
                                    "isLinked": false
                                },
                                "__globals__": {
                                    "text_color": "globals\/colors?id=fe30fde"
                                },
                                "_animation": "fadeInUp",
                                "align": "center"
                            },
                            "elements": [],
                            "isInner": false,
                            "widgetType": "text-editor",
                            "elType": "widget"
                        },
                        {
                            "id": "7e5b4884",
                            "settings": {
                                "title": "Regular Questions",
                                "typography_typography": "custom",
                                "typography_font_family": "Syne",
                                "typography_font_size": {
                                    "unit": "px",
                                    "size": 47,
                                    "sizes": []
                                },
                                "typography_font_weight": "600",
                                "typography_line_height": {
                                    "unit": "em",
                                    "size": 1.2,
                                    "sizes": []
                                },
                                "__globals__": {
                                    "title_color": "globals\/colors?id=primary"
                                },
                                "typography_font_size_tablet": {
                                    "unit": "px",
                                    "size": 39,
                                    "sizes": []
                                },
                                "typography_font_size_mobile": {
                                    "unit": "px",
                                    "size": 32,
                                    "sizes": []
                                },
                                "_animation": "fadeInUp",
                                "_animation_delay": 200,
                                "align": "center",
                                "_margin": {
                                    "unit": "px",
                                    "top": "0",
                                    "right": "0",
                                    "bottom": "50",
                                    "left": "0",
                                    "isLinked": false
                                },
                                "_padding": {
                                    "unit": "px",
                                    "top": "0",
                                    "right": "150",
                                    "bottom": "0",
                                    "left": "150",
                                    "isLinked": false
                                },
                                "_padding_mobile": {
                                    "unit": "px",
                                    "top": "0",
                                    "right": "0",
                                    "bottom": "0",
                                    "left": "0",
                                    "isLinked": false
                                },
                                "_margin_mobile": {
                                    "unit": "px",
                                    "top": "0",
                                    "right": "0",
                                    "bottom": "30",
                                    "left": "0",
                                    "isLinked": false
                                },
                                "_padding_tablet": {
                                    "unit": "px",
                                    "top": "0",
                                    "right": "70",
                                    "bottom": "0",
                                    "left": "70",
                                    "isLinked": false
                                }
                            },
                            "elements": [],
                            "isInner": false,
                            "widgetType": "heading",
                            "elType": "widget"
                        },
                        {
                            "id": "4d63563e",
                            "settings": {
                                "content_width": {
                                    "unit": "px",
                                    "size": 1200,
                                    "sizes": []
                                },
                                "structure": "20"
                            },
                            "elements": [
                                {
                                    "id": "5eeedb52",
                                    "settings": {
                                        "_column_size": 50,
                                        "_inline_size": null,
                                        "padding": {
                                            "unit": "px",
                                            "top": "0",
                                            "right": "10",
                                            "bottom": "0",
                                            "left": "0",
                                            "isLinked": false
                                        },
                                        "padding_mobile": {
                                            "unit": "px",
                                            "top": "0",
                                            "right": "0",
                                            "bottom": "10",
                                            "left": "0",
                                            "isLinked": false
                                        }
                                    },
                                    "elements": [
                                        {
                                            "id": "69aaf653",
                                            "settings": {
                                                "ekit_accordion_items": [
                                                    {
                                                        "acc_title": "What is Life Coaching?",
                                                        "acc_content": "<p>Lorem ipsum dolor sit amet, consec tetur adipiscing elit. Nulla accumsan male suada arcu eget imperdiet. Mauris male suada id lorem a convallis. Donec sed neque mi.<\/p>",
                                                        "ekit_acc_is_active": "yes",
                                                        "_id": "eefacd9"
                                                    },
                                                    {
                                                        "acc_title": "Why we need life coaching?",
                                                        "acc_content": "<p>Lorem ipsum dolor sit amet, consec tetur adipiscing elit. Nulla accumsan male suada arcu eget imperdiet. Mauris male suada id lorem a convallis. Donec sed neque mi.<\/p>",
                                                        "_id": "13e4306"
                                                    },
                                                    {
                                                        "acc_title": "How much for a consultation?",
                                                        "acc_content": "<p>Lorem ipsum dolor sit amet, consec tetur adipiscing elit. Nulla accumsan male suada arcu eget imperdiet. Mauris male suada id lorem a convallis. Donec sed neque mi.<\/p>",
                                                        "_id": "a6358cb"
                                                    },
                                                    {
                                                        "acc_title": "How to book a session?",
                                                        "acc_content": "<p>Lorem ipsum dolor sit amet, consec tetur adipiscing elit. Nulla accumsan male suada arcu eget imperdiet. Mauris male suada id lorem a convallis. Donec sed neque mi.<\/p>",
                                                        "_id": "5f225b5"
                                                    }
                                                ],
                                                "ekit_accordion_right_icons": {
                                                    "value": "icon icon-chevron-down",
                                                    "library": "ekiticons"
                                                },
                                                "ekit_accordion_right_icon_actives": {
                                                    "value": "icon icon-chevron-left",
                                                    "library": "ekiticons"
                                                },
                                                "ekit_accordion_title_color": "#FFFFFF",
                                                "ekit_accordion_background_background": "classic",
                                                "ekit_accordion_background_color": "#477C74",
                                                "ekit_accordion_background_close_background": "classic",
                                                "ekit_accordion_border_radious_close": {
                                                    "unit": "px",
                                                    "top": "0",
                                                    "right": "0",
                                                    "bottom": "0",
                                                    "left": "0",
                                                    "isLinked": false
                                                },
                                                "ekit_accordion_title_padding": {
                                                    "unit": "px",
                                                    "top": "15",
                                                    "right": "50",
                                                    "bottom": "15",
                                                    "left": "30",
                                                    "isLinked": false
                                                },
                                                "ekit_accordion_content_border_radious": {
                                                    "unit": "px",
                                                    "top": "0",
                                                    "right": "0",
                                                    "bottom": "0",
                                                    "left": "0",
                                                    "isLinked": false
                                                },
                                                "ekit_accordion_content_padding": {
                                                    "unit": "px",
                                                    "top": "30",
                                                    "right": "50",
                                                    "bottom": "20",
                                                    "left": "40",
                                                    "isLinked": false
                                                },
                                                "ekit_accordion_border_open_border": "solid",
                                                "ekit_accordion_border_open_width": {
                                                    "unit": "px",
                                                    "top": "0",
                                                    "right": "0",
                                                    "bottom": "0",
                                                    "left": "0",
                                                    "isLinked": false
                                                },
                                                "ekit_accordion_border_radious_open": {
                                                    "unit": "px",
                                                    "top": "0",
                                                    "right": "0",
                                                    "bottom": "0",
                                                    "left": "0",
                                                    "isLinked": false
                                                },
                                                "_animation": "fadeIn",
                                                "_animation_delay": 400,
                                                "__globals__": {
                                                    "ekit_accordion_title_typography_typography": "globals\/typography?id=82aa23d",
                                                    "ekit_accordion_title_color": "",
                                                    "ekit_accordion_background_color": "globals\/colors?id=accent",
                                                    "ekit_accordion_background_close_color": "",
                                                    "ekit_accordion_title_color_close": "globals\/colors?id=primary",
                                                    "ekit_accordion_content_typography_typography": "globals\/typography?id=text",
                                                    "ekit_accordion_content_color": "globals\/colors?id=text",
                                                    "ekit_accordion_icon_color_close": "globals\/colors?id=2cfcca2",
                                                    "ekit_accordion_icon_color": "globals\/colors?id=fe30fde"
                                                },
                                                "ekit_accordion_title_color_close": "#405E59",
                                                "ekit_accordion_background_close_color": "#FFFFFF",
                                                "ekit_accordion_content_color": "#8EB1AC",
                                                "ekit_accordion_icon_color_close": "#1A4942",
                                                "ekit_accordion_icon_color": "#F8D513"
                                            },
                                            "elements": [],
                                            "isInner": false,
                                            "widgetType": "elementskit-accordion",
                                            "elType": "widget"
                                        }
                                    ],
                                    "isInner": true,
                                    "elType": "column"
                                },
                                {
                                    "id": "5b82d1e2",
                                    "settings": {
                                        "_column_size": 50,
                                        "_inline_size": null,
                                        "padding": {
                                            "unit": "px",
                                            "top": "0",
                                            "right": "0",
                                            "bottom": "0",
                                            "left": "10",
                                            "isLinked": false
                                        },
                                        "padding_mobile": {
                                            "unit": "px",
                                            "top": "0",
                                            "right": "0",
                                            "bottom": "0",
                                            "left": "0",
                                            "isLinked": false
                                        }
                                    },
                                    "elements": [
                                        {
                                            "id": "5a4b4c71",
                                            "settings": {
                                                "ekit_accordion_items": [
                                                    {
                                                        "acc_title": "What is Life Coaching?",
                                                        "acc_content": "<p>Lorem ipsum dolor sit amet, consec tetur adipiscing elit. Nulla accumsan male suada arcu eget imperdiet. Mauris male suada id lorem a convallis. Donec sed neque mi.<\/p>",
                                                        "ekit_acc_is_active": "",
                                                        "_id": "eefacd9"
                                                    },
                                                    {
                                                        "acc_title": "Why we need life coaching?",
                                                        "acc_content": "<p>Lorem ipsum dolor sit amet, consec tetur adipiscing elit. Nulla accumsan male suada arcu eget imperdiet. Mauris male suada id lorem a convallis. Donec sed neque mi.<\/p>",
                                                        "_id": "13e4306"
                                                    },
                                                    {
                                                        "acc_title": "How much for a consultation?",
                                                        "acc_content": "<p>Lorem ipsum dolor sit amet, consec tetur adipiscing elit. Nulla accumsan male suada arcu eget imperdiet. Mauris male suada id lorem a convallis. Donec sed neque mi.<\/p>",
                                                        "_id": "a6358cb"
                                                    },
                                                    {
                                                        "acc_title": "How to book a session?",
                                                        "acc_content": "<p>Lorem ipsum dolor sit amet, consec tetur adipiscing elit. Nulla accumsan male suada arcu eget imperdiet. Mauris male suada id lorem a convallis. Donec sed neque mi.<\/p>",
                                                        "_id": "5f225b5",
                                                        "ekit_acc_is_active": "yes"
                                                    }
                                                ],
                                                "ekit_accordion_right_icons": {
                                                    "value": "icon icon-chevron-down",
                                                    "library": "ekiticons"
                                                },
                                                "ekit_accordion_right_icon_actives": {
                                                    "value": "icon icon-chevron-left",
                                                    "library": "ekiticons"
                                                },
                                                "ekit_accordion_title_color": "#FFFFFF",
                                                "ekit_accordion_background_background": "classic",
                                                "ekit_accordion_background_color": "#477C74",
                                                "ekit_accordion_background_close_background": "classic",
                                                "ekit_accordion_border_radious_close": {
                                                    "unit": "px",
                                                    "top": "0",
                                                    "right": "0",
                                                    "bottom": "0",
                                                    "left": "0",
                                                    "isLinked": false
                                                },
                                                "ekit_accordion_title_padding": {
                                                    "unit": "px",
                                                    "top": "15",
                                                    "right": "50",
                                                    "bottom": "15",
                                                    "left": "30",
                                                    "isLinked": false
                                                },
                                                "ekit_accordion_content_border_radious": {
                                                    "unit": "px",
                                                    "top": "0",
                                                    "right": "0",
                                                    "bottom": "0",
                                                    "left": "0",
                                                    "isLinked": false
                                                },
                                                "ekit_accordion_content_padding": {
                                                    "unit": "px",
                                                    "top": "30",
                                                    "right": "50",
                                                    "bottom": "20",
                                                    "left": "40",
                                                    "isLinked": false
                                                },
                                                "ekit_accordion_border_open_border": "solid",
                                                "ekit_accordion_border_open_width": {
                                                    "unit": "px",
                                                    "top": "0",
                                                    "right": "0",
                                                    "bottom": "0",
                                                    "left": "0",
                                                    "isLinked": false
                                                },
                                                "ekit_accordion_border_radious_open": {
                                                    "unit": "px",
                                                    "top": "0",
                                                    "right": "0",
                                                    "bottom": "0",
                                                    "left": "0",
                                                    "isLinked": false
                                                },
                                                "_animation": "fadeIn",
                                                "_animation_delay": 400,
                                                "__globals__": {
                                                    "ekit_accordion_title_typography_typography": "globals\/typography?id=82aa23d",
                                                    "ekit_accordion_title_color": "",
                                                    "ekit_accordion_background_color": "globals\/colors?id=accent",
                                                    "ekit_accordion_background_close_color": "",
                                                    "ekit_accordion_title_color_close": "globals\/colors?id=primary",
                                                    "ekit_accordion_content_typography_typography": "globals\/typography?id=text",
                                                    "ekit_accordion_content_color": "globals\/colors?id=text",
                                                    "ekit_accordion_icon_color_close": "globals\/colors?id=2cfcca2",
                                                    "ekit_accordion_icon_color": "globals\/colors?id=fe30fde"
                                                },
                                                "ekit_accordion_title_color_close": "#405E59",
                                                "ekit_accordion_background_close_color": "#FFFFFF",
                                                "ekit_accordion_content_color": "#8EB1AC",
                                                "ekit_accordion_icon_color_close": "#1A4942",
                                                "ekit_accordion_icon_color": "#F8D513",
                                                "ekit_accordion_open_first_slide": ""
                                            },
                                            "elements": [],
                                            "isInner": false,
                                            "widgetType": "elementskit-accordion",
                                            "elType": "widget"
                                        }
                                    ],
                                    "isInner": true,
                                    "elType": "column"
                                }
                            ],
                            "isInner": true,
                            "elType": "section"
                        }
                    ],
                    "isInner": false,
                    "elType": "column"
                }
            ],
            "isInner": false,
            "elType": "section"
        },
        {
            "id": "7cc6c167",
            "settings": {
                "structure": "20",
                "padding": {
                    "unit": "px",
                    "top": "100",
                    "right": "0",
                    "bottom": "100",
                    "left": "0",
                    "isLinked": false
                },
                "padding_tablet": {
                    "unit": "px",
                    "top": "70",
                    "right": "30",
                    "bottom": "70",
                    "left": "30",
                    "isLinked": false
                },
                "padding_mobile": {
                    "unit": "px",
                    "top": "70",
                    "right": "20",
                    "bottom": "70",
                    "left": "20",
                    "isLinked": false
                },
                "content_width": {
                    "unit": "px",
                    "size": 1200,
                    "sizes": []
                },
                "background_background": "classic",
                "background_color": "#FFFFFF",
                "__globals__": {
                    "background_color": ""
                }
            },
            "elements": [
                {
                    "id": "17e4898f",
                    "settings": {
                        "_column_size": 50,
                        "_inline_size": 50,
                        "padding": {
                            "unit": "px",
                            "top": "0",
                            "right": "70",
                            "bottom": "0",
                            "left": "0",
                            "isLinked": false
                        },
                        "padding_tablet": {
                            "unit": "px",
                            "top": "0",
                            "right": "50",
                            "bottom": "0",
                            "left": "0",
                            "isLinked": false
                        },
                        "padding_mobile": {
                            "unit": "px",
                            "top": "0",
                            "right": "0",
                            "bottom": "50",
                            "left": "0",
                            "isLinked": false
                        },
                        "content_position": "center"
                    },
                    "elements": [
                        {
                            "id": "7425a6f0",
                            "settings": {
                                "editor": "<p>Contact<\/p>",
                                "_margin": {
                                    "unit": "px",
                                    "top": "0",
                                    "right": "0",
                                    "bottom": "-25",
                                    "left": "0",
                                    "isLinked": false
                                },
                                "__globals__": {
                                    "text_color": "globals\/colors?id=fe30fde",
                                    "typography_typography": "globals\/typography?id=131db22"
                                },
                                "_animation": "fadeInUp",
                                "align_mobile": "center"
                            },
                            "elements": [],
                            "isInner": false,
                            "widgetType": "text-editor",
                            "elType": "widget"
                        },
                        {
                            "id": "58495d00",
                            "settings": {
                                "title": "Ask Us Anything",
                                "__globals__": {
                                    "title_color": "globals\/colors?id=primary",
                                    "typography_typography": "globals\/typography?id=primary"
                                },
                                "_animation": "fadeInUp",
                                "_animation_delay": 200,
                                "align_mobile": "center"
                            },
                            "elements": [],
                            "isInner": false,
                            "widgetType": "heading",
                            "elType": "widget"
                        },
                        {
                            "id": "2888cdfb",
                            "settings": {
                                "editor": "<p>Lorem ipsum dolor sit amet, consec tetur adipi scing elit. Ut elit tellus, luctus nec ullam corper mattis, pulvinar dapibus leo.<\/p>",
                                "_padding": {
                                    "unit": "px",
                                    "top": "0",
                                    "right": "0",
                                    "bottom": "0",
                                    "left": "0",
                                    "isLinked": false
                                },
                                "_padding_tablet": {
                                    "unit": "px",
                                    "top": "0",
                                    "right": "0",
                                    "bottom": "0",
                                    "left": "0",
                                    "isLinked": false
                                },
                                "_animation": "fadeInUp",
                                "_animation_delay": 400,
                                "__globals__": {
                                    "text_color": "globals\/colors?id=text",
                                    "typography_typography": "globals\/typography?id=text"
                                },
                                "_margin": {
                                    "unit": "px",
                                    "top": "0",
                                    "right": "0",
                                    "bottom": "-10",
                                    "left": "0",
                                    "isLinked": false
                                },
                                "align_mobile": "center",
                                "text_color": "#8EB1AC"
                            },
                            "elements": [],
                            "isInner": false,
                            "widgetType": "text-editor",
                            "elType": "widget"
                        },
                        {
                            "id": "7c71b2eb",
                            "settings": {
                                "selected_icon": {
                                    "value": "fas fa-map-marker-alt",
                                    "library": "fa-solid"
                                },
                                "view": "stacked",
                                "title_text": "Address",
                                "description_text": "918 Abner Road, Hudson, NY",
                                "__globals__": {
                                    "description_typography_typography": "globals\/typography?id=text",
                                    "title_typography_typography": "globals\/typography?id=f4de960",
                                    "primary_color": "globals\/colors?id=b495345",
                                    "secondary_color": "globals\/colors?id=d91db48"
                                },
                                "primary_color": "#222222",
                                "secondary_color": "#FBE984",
                                "icon_size": {
                                    "unit": "px",
                                    "size": 18,
                                    "sizes": []
                                },
                                "icon_size_tablet": {
                                    "unit": "px",
                                    "size": 18,
                                    "sizes": []
                                },
                                "position": "left",
                                "title_size": "h4",
                                "title_bottom_space": {
                                    "unit": "px",
                                    "size": 0,
                                    "sizes": []
                                },
                                "icon_space_mobile": {
                                    "unit": "px",
                                    "size": 2,
                                    "sizes": []
                                },
                                "icon_size_mobile": {
                                    "unit": "px",
                                    "size": 20,
                                    "sizes": []
                                },
                                "_margin": {
                                    "unit": "px",
                                    "top": "0",
                                    "right": "0",
                                    "bottom": "-5",
                                    "left": "0",
                                    "isLinked": false
                                },
                                "_margin_mobile": {
                                    "unit": "px",
                                    "top": "0",
                                    "right": "0",
                                    "bottom": "10",
                                    "left": "0",
                                    "isLinked": false
                                },
                                "_animation": "fadeInUp",
                                "_animation_delay": 600
                            },
                            "elements": [],
                            "isInner": false,
                            "widgetType": "icon-box",
                            "elType": "widget"
                        },
                        {
                            "id": "2ec3784f",
                            "settings": {
                                "selected_icon": {
                                    "value": "fas fa-phone-alt",
                                    "library": "fa-solid"
                                },
                                "view": "stacked",
                                "title_text": "Phone",
                                "description_text": "+1 (234) 567 890",
                                "__globals__": {
                                    "description_typography_typography": "globals\/typography?id=text",
                                    "title_typography_typography": "globals\/typography?id=f4de960",
                                    "primary_color": "globals\/colors?id=b495345",
                                    "secondary_color": "globals\/colors?id=d91db48"
                                },
                                "primary_color": "#222222",
                                "secondary_color": "#FBE984",
                                "icon_size": {
                                    "unit": "px",
                                    "size": 18,
                                    "sizes": []
                                },
                                "icon_size_tablet": {
                                    "unit": "px",
                                    "size": 18,
                                    "sizes": []
                                },
                                "position": "left",
                                "title_size": "h4",
                                "title_bottom_space": {
                                    "unit": "px",
                                    "size": 0,
                                    "sizes": []
                                },
                                "icon_space_mobile": {
                                    "unit": "px",
                                    "size": 2,
                                    "sizes": []
                                },
                                "icon_size_mobile": {
                                    "unit": "px",
                                    "size": 20,
                                    "sizes": []
                                },
                                "_margin": {
                                    "unit": "px",
                                    "top": "0",
                                    "right": "0",
                                    "bottom": "-5",
                                    "left": "0",
                                    "isLinked": false
                                },
                                "_margin_mobile": {
                                    "unit": "px",
                                    "top": "0",
                                    "right": "0",
                                    "bottom": "10",
                                    "left": "0",
                                    "isLinked": false
                                },
                                "_animation": "fadeInUp",
                                "_animation_delay": 700
                            },
                            "elements": [],
                            "isInner": false,
                            "widgetType": "icon-box",
                            "elType": "widget"
                        },
                        {
                            "id": "3dbc0f36",
                            "settings": {
                                "selected_icon": {
                                    "value": "fas fa-envelope",
                                    "library": "fa-solid"
                                },
                                "view": "stacked",
                                "title_text": "Email",
                                "description_text": "lifezy@mail.com",
                                "__globals__": {
                                    "description_typography_typography": "globals\/typography?id=text",
                                    "title_typography_typography": "globals\/typography?id=f4de960",
                                    "primary_color": "globals\/colors?id=b495345",
                                    "secondary_color": "globals\/colors?id=d91db48"
                                },
                                "primary_color": "#222222",
                                "secondary_color": "#FBE984",
                                "icon_size": {
                                    "unit": "px",
                                    "size": 18,
                                    "sizes": []
                                },
                                "icon_size_tablet": {
                                    "unit": "px",
                                    "size": 18,
                                    "sizes": []
                                },
                                "position": "left",
                                "title_size": "h4",
                                "title_bottom_space": {
                                    "unit": "px",
                                    "size": 0,
                                    "sizes": []
                                },
                                "icon_space_mobile": {
                                    "unit": "px",
                                    "size": 2,
                                    "sizes": []
                                },
                                "icon_size_mobile": {
                                    "unit": "px",
                                    "size": 20,
                                    "sizes": []
                                },
                                "_margin": {
                                    "unit": "px",
                                    "top": "0",
                                    "right": "0",
                                    "bottom": "-5",
                                    "left": "0",
                                    "isLinked": false
                                },
                                "_margin_mobile": {
                                    "unit": "px",
                                    "top": "0",
                                    "right": "0",
                                    "bottom": "0",
                                    "left": "0",
                                    "isLinked": false
                                },
                                "_animation": "fadeInUp",
                                "_animation_delay": 800
                            },
                            "elements": [],
                            "isInner": false,
                            "widgetType": "icon-box",
                            "elType": "widget"
                        }
                    ],
                    "isInner": false,
                    "elType": "column"
                },
                {
                    "id": "191d492",
                    "settings": {
                        "_column_size": 50,
                        "_inline_size": 50,
                        "padding": {
                            "unit": "px",
                            "top": "40",
                            "right": "40",
                            "bottom": "40",
                            "left": "40",
                            "isLinked": true
                        },
                        "background_background": "classic",
                        "__globals__": {
                            "background_color": "globals\/colors?id=secondary",
                            "border_color": "globals\/colors?id=secondary",
                            "border_hover_color": "globals\/colors?id=fe30fde"
                        },
                        "padding_tablet": {
                            "unit": "px",
                            "top": "30",
                            "right": "30",
                            "bottom": "30",
                            "left": "30",
                            "isLinked": true
                        },
                        "border_border": "solid",
                        "border_width": {
                            "unit": "px",
                            "top": "1",
                            "right": "1",
                            "bottom": "1",
                            "left": "1",
                            "isLinked": true
                        },
                        "border_hover_border": "solid"
                    },
                    "elements": [
                        {
                            "id": "325f3035",
                            "settings": {
                                "ekit_wpform_form_id": "316",
                                "ekit_wpForms_field_bg_color": "#FFFFFF",
                                "ekit_wpForms_field_border_border": "solid",
                                "ekit_wpForms_field_border_width": {
                                    "unit": "px",
                                    "top": "0",
                                    "right": "0",
                                    "bottom": "0",
                                    "left": "0",
                                    "isLinked": false
                                },
                                "ekit_wpForms_field_radius": {
                                    "unit": "px",
                                    "top": "0",
                                    "right": "0",
                                    "bottom": "0",
                                    "left": "0",
                                    "isLinked": false
                                },
                                "ekit_wpForms_field_padding": {
                                    "unit": "px",
                                    "top": "15",
                                    "right": "2",
                                    "bottom": "15",
                                    "left": "20",
                                    "isLinked": false
                                },
                                "ekit_wpForms_field_spacing": {
                                    "unit": "px",
                                    "top": "0",
                                    "right": "0",
                                    "bottom": "0",
                                    "left": "0",
                                    "isLinked": false
                                },
                                "ekit_wpForms_button_align": "center",
                                "ekit_wpForms_button_text_color_normal": "#FFFFFF",
                                "ekit_wpForms_button_border_normal_border": "solid",
                                "ekit_wpForms_button_border_normal_width": {
                                    "unit": "px",
                                    "top": "0",
                                    "right": "0",
                                    "bottom": "0",
                                    "left": "0",
                                    "isLinked": false
                                },
                                "ekit_wpForms_button_border_radius": {
                                    "unit": "px",
                                    "top": "0",
                                    "right": "0",
                                    "bottom": "0",
                                    "left": "0",
                                    "isLinked": false
                                },
                                "ekit_wpForms_button_padding": {
                                    "unit": "px",
                                    "top": "15",
                                    "right": "30",
                                    "bottom": "15",
                                    "left": "30",
                                    "isLinked": false
                                },
                                "_margin": {
                                    "unit": "px",
                                    "top": "-10",
                                    "right": "0",
                                    "bottom": "-25",
                                    "left": "0",
                                    "isLinked": false
                                },
                                "__globals__": {
                                    "ekit_wpForms_typography_label_typography": "globals\/typography?id=text",
                                    "ekit_wpForms_text_color_label": "globals\/colors?id=text",
                                    "ekit_wpForms_field_text_color": "globals\/colors?id=text",
                                    "ekit_wpForms_field_description_typography_typography": "globals\/typography?id=text",
                                    "ekit_wpForms_field_description_text_color": "globals\/colors?id=text",
                                    "ekit_wpForms_field_typography_typography": "globals\/typography?id=text",
                                    "ekit_wpForms_text_color_placeholder": "globals\/colors?id=text",
                                    "ekit_wpForms_button_typography_typography": "globals\/typography?id=accent",
                                    "ekit_wpForms_button_bg_color_normal": "globals\/colors?id=2cfcca2",
                                    "ekit_wpForms_error_message_text_color": "globals\/colors?id=text",
                                    "ekit_wpForms_button_bg_color_hover": "globals\/colors?id=b495345",
                                    "ekit_wpForms_button_text_color_hover": "globals\/colors?id=d91db48"
                                },
                                "_margin_tablet": {
                                    "unit": "px",
                                    "top": "-10",
                                    "right": "0",
                                    "bottom": "-25",
                                    "left": "0",
                                    "isLinked": false
                                }
                            },
                            "elements": [],
                            "isInner": false,
                            "widgetType": "elementskit-wp-forms",
                            "elType": "widget"
                        }
                    ],
                    "isInner": false,
                    "elType": "column"
                }
            ],
            "isInner": false,
            "elType": "section"
        }
    ],
    "page_settings": {
        "hide_title": "yes",
        "template": "elementor_header_footer"
    }
}