{
    "version": "0.4",
    "title": "Global Kit Styles",
    "type": "section",
    "metadata": {
        "template_type": "global-styles",
        "include_in_zip": "1",
        "elementor_pro_required": null,
        "additional_template_information": [
            "These are the global theme styles configured through the Elementor Theme Styles area."
        ],
        "wp_page_template": "default"
    },
    "content": [],
    "page_settings": {
        "system_colors": [
            {
                "_id": "primary",
                "title": "Primary",
                "color": "#405E59"
            },
            {
                "_id": "secondary",
                "title": "Secondary",
                "color": "#F4F0E9"
            },
            {
                "_id": "text",
                "title": "Text",
                "color": "#8EB1AC"
            },
            {
                "_id": "accent",
                "title": "Accent",
                "color": "#477C74"
            }
        ],
        "custom_colors": [
            {
                "_id": "d91db48",
                "title": "Accent #2",
                "color": "#FBE984"
            },
            {
                "_id": "2cfcca2",
                "title": "Accent #3",
                "color": "#1A4942"
            },
            {
                "_id": "fe30fde",
                "title": "Accent #4",
                "color": "#F8D513"
            },
            {
                "_id": "b495345",
                "title": "Black",
                "color": "#222222"
            }
        ],
        "system_typography": [
            {
                "_id": "primary",
                "title": "H2 Heading",
                "typography_typography": "custom",
                "typography_font_family": "Syne",
                "typography_font_weight": "600",
                "typography_font_size": {
                    "unit": "px",
                    "size": 47,
                    "sizes": []
                },
                "typography_line_height": {
                    "unit": "em",
                    "size": 1.2,
                    "sizes": []
                },
                "typography_font_size_tablet": {
                    "unit": "px",
                    "size": 39,
                    "sizes": []
                },
                "typography_font_size_mobile": {
                    "unit": "px",
                    "size": 32,
                    "sizes": []
                }
            },
            {
                "_id": "secondary",
                "title": "H3 Heading",
                "typography_typography": "custom",
                "typography_font_family": "Syne",
                "typography_font_weight": "700",
                "typography_font_size_tablet": {
                    "unit": "px",
                    "size": 23,
                    "sizes": []
                },
                "typography_font_size_mobile": {
                    "unit": "px",
                    "size": 22,
                    "sizes": []
                },
                "typography_line_height_mobile": {
                    "unit": "em",
                    "size": 1.3,
                    "sizes": []
                },
                "typography_font_size": {
                    "unit": "px",
                    "size": 25,
                    "sizes": []
                }
            },
            {
                "_id": "text",
                "title": "Text",
                "typography_typography": "custom",
                "typography_font_family": "Poppins",
                "typography_font_weight": "400",
                "typography_font_size": {
                    "unit": "px",
                    "size": 13,
                    "sizes": []
                },
                "typography_line_height": {
                    "unit": "em",
                    "size": 1.9,
                    "sizes": []
                },
                "typography_font_size_tablet": {
                    "unit": "px",
                    "size": 12,
                    "sizes": []
                },
                "typography_font_size_mobile": {
                    "unit": "px",
                    "size": 12,
                    "sizes": []
                }
            },
            {
                "_id": "accent",
                "title": "Button",
                "typography_typography": "custom",
                "typography_font_family": "Poppins",
                "typography_font_weight": "600",
                "typography_font_size": {
                    "unit": "px",
                    "size": 13,
                    "sizes": []
                },
                "typography_font_size_tablet": {
                    "unit": "px",
                    "size": 13,
                    "sizes": []
                },
                "typography_font_size_mobile": {
                    "unit": "px",
                    "size": 12,
                    "sizes": []
                }
            }
        ],
        "custom_typography": [
            {
                "typography_typography": "custom",
                "typography_font_family": "Syne",
                "typography_font_size": {
                    "unit": "px",
                    "size": 14,
                    "sizes": []
                },
                "typography_font_size_tablet": {
                    "unit": "px",
                    "size": 13,
                    "sizes": []
                },
                "typography_font_size_mobile": {
                    "unit": "px",
                    "size": 13,
                    "sizes": []
                },
                "typography_font_weight": "700",
                "typography_text_transform": "uppercase",
                "typography_letter_spacing": {
                    "unit": "px",
                    "size": 3,
                    "sizes": []
                },
                "_id": "131db22",
                "title": "Accent Text"
            },
            {
                "typography_typography": "custom",
                "typography_font_family": "Poppins",
                "typography_font_size": {
                    "unit": "px",
                    "size": 13,
                    "sizes": []
                },
                "typography_font_weight": "500",
                "_id": "e841d39",
                "title": "Header Menu Item"
            },
            {
                "typography_typography": "custom",
                "typography_font_family": "Syne",
                "typography_font_size": {
                    "unit": "px",
                    "size": 60,
                    "sizes": []
                },
                "typography_font_size_tablet": {
                    "unit": "px",
                    "size": 48,
                    "sizes": []
                },
                "typography_font_size_mobile": {
                    "unit": "px",
                    "size": 36,
                    "sizes": []
                },
                "typography_font_weight": "600",
                "typography_line_height": {
                    "unit": "em",
                    "size": 1.2,
                    "sizes": []
                },
                "_id": "2aad95f",
                "title": "H1 Heading"
            },
            {
                "typography_typography": "custom",
                "typography_font_family": "Syne",
                "typography_font_size": {
                    "unit": "px",
                    "size": 15,
                    "sizes": []
                },
                "typography_font_size_mobile": {
                    "unit": "px",
                    "size": 14,
                    "sizes": []
                },
                "_id": "82aa23d",
                "title": "H6 Heading"
            },
            {
                "typography_typography": "custom",
                "typography_font_family": "Syne",
                "typography_font_size": {
                    "unit": "px",
                    "size": 21,
                    "sizes": []
                },
                "typography_font_size_tablet": {
                    "unit": "px",
                    "size": 20,
                    "sizes": []
                },
                "typography_font_size_mobile": {
                    "unit": "px",
                    "size": 20,
                    "sizes": []
                },
                "typography_font_weight": "700",
                "typography_line_height_mobile": {
                    "unit": "em",
                    "size": 1.3,
                    "sizes": []
                },
                "_id": "f4de960",
                "title": "H4 Heading",
                "typography_line_height": {
                    "unit": "em",
                    "size": 1.3,
                    "sizes": []
                }
            },
            {
                "typography_typography": "custom",
                "typography_font_family": "Syne",
                "typography_font_size": {
                    "unit": "px",
                    "size": 19,
                    "sizes": []
                },
                "typography_font_size_tablet": {
                    "unit": "px",
                    "size": 19,
                    "sizes": []
                },
                "typography_font_size_mobile": {
                    "unit": "px",
                    "size": 18,
                    "sizes": []
                },
                "typography_font_weight": "700",
                "typography_line_height": {
                    "unit": "em",
                    "size": 1.4,
                    "sizes": []
                },
                "typography_line_height_mobile": {
                    "unit": "em",
                    "size": 1.3,
                    "sizes": []
                },
                "typography_word_spacing": {
                    "unit": "em",
                    "size": "",
                    "sizes": []
                },
                "_id": "03791f3",
                "title": "H5 Heading"
            },
            {
                "typography_typography": "custom",
                "typography_font_family": "Syne",
                "typography_font_size": {
                    "unit": "px",
                    "size": 60,
                    "sizes": []
                },
                "typography_font_size_tablet": {
                    "unit": "px",
                    "size": 53,
                    "sizes": []
                },
                "typography_font_size_mobile": {
                    "unit": "px",
                    "size": 52,
                    "sizes": []
                },
                "typography_font_weight": "600",
                "typography_line_height": {
                    "unit": "em",
                    "size": 1.2,
                    "sizes": []
                },
                "typography_word_spacing": {
                    "unit": "em",
                    "size": "",
                    "sizes": []
                },
                "_id": "d02daf4",
                "title": "Counter"
            }
        ],
        "default_generic_fonts": "Sans-serif",
        "page_title_selector": "h1.entry-title",
        "hello_footer_copyright_text": "All rights reserved",
        "activeItemIndex": 1,
        "viewport_md": 768,
        "viewport_lg": 1025,
        "button_text_color": "#FFFFFF",
        "button_border_border": "solid",
        "button_border_width": {
            "unit": "px",
            "top": "0",
            "right": "0",
            "bottom": "0",
            "left": "0",
            "isLinked": false
        },
        "button_border_radius": {
            "unit": "px",
            "top": "0",
            "right": "0",
            "bottom": "0",
            "left": "0",
            "isLinked": false
        },
        "button_padding": {
            "unit": "px",
            "top": "18",
            "right": "30",
            "bottom": "18",
            "left": "30",
            "isLinked": false
        },
        "form_field_border_border": "solid",
        "form_field_border_width": {
            "unit": "px",
            "top": "0",
            "right": "0",
            "bottom": "0",
            "left": "0",
            "isLinked": false
        },
        "form_field_border_radius": {
            "unit": "px",
            "top": "0",
            "right": "0",
            "bottom": "0",
            "left": "0",
            "isLinked": true
        },
        "form_field_padding": {
            "unit": "px",
            "top": "15",
            "right": "30",
            "bottom": "15",
            "left": "30",
            "isLinked": false
        },
        "__globals__": {
            "form_label_color": "globals\/colors?id=text",
            "form_label_typography_typography": "globals\/typography?id=82aa23d",
            "form_field_typography_typography": "globals\/typography?id=text",
            "form_field_text_color": "globals\/colors?id=text",
            "form_field_background_color": "globals\/colors?id=secondary",
            "button_typography_typography": "globals\/typography?id=accent",
            "button_background_color": "globals\/colors?id=2cfcca2",
            "button_hover_text_color": "globals\/colors?id=d91db48",
            "button_hover_background_color": "globals\/colors?id=accent",
            "body_color": "globals\/colors?id=text",
            "body_typography_typography": "globals\/typography?id=text",
            "link_normal_color": "globals\/colors?id=2cfcca2",
            "h1_color": "globals\/colors?id=primary",
            "h1_typography_typography": "globals\/typography?id=2aad95f",
            "h2_color": "globals\/colors?id=primary",
            "h2_typography_typography": "globals\/typography?id=primary",
            "h3_color": "globals\/colors?id=primary",
            "h3_typography_typography": "globals\/typography?id=secondary",
            "h4_color": "globals\/colors?id=primary",
            "h4_typography_typography": "globals\/typography?id=f4de960",
            "h5_color": "globals\/colors?id=primary",
            "h5_typography_typography": "globals\/typography?id=03791f3",
            "h6_color": "globals\/colors?id=accent",
            "h6_typography_typography": "globals\/typography?id=82aa23d"
        }
    }
}