{
    "version": "0.4",
    "title": "Header",
    "type": "section",
    "metadata": {
        "template_type": "section-header",
        "include_in_zip": "1",
        "elementor_pro_required": null,
        "wp_page_template": "elementor_canvas"
    },
    "content": [
        {
            "id": "7b233589",
            "settings": {
                "structure": "20",
                "margin": {
                    "unit": "px",
                    "top": "0",
                    "right": 0,
                    "bottom": "0",
                    "left": 0,
                    "isLinked": false
                },
                "margin_mobile": {
                    "unit": "px",
                    "top": "0",
                    "right": 0,
                    "bottom": "0",
                    "left": 0,
                    "isLinked": false
                },
                "z_index": 10,
                "margin_tablet": {
                    "unit": "px",
                    "top": "0",
                    "right": 0,
                    "bottom": "0",
                    "left": 0,
                    "isLinked": false
                },
                "padding": {
                    "unit": "px",
                    "top": "0",
                    "right": "0",
                    "bottom": "0",
                    "left": "0",
                    "isLinked": false
                },
                "_title": "Header",
                "content_width": {
                    "unit": "px",
                    "size": 1200,
                    "sizes": []
                },
                "content_width_tablet": {
                    "unit": "px",
                    "size": 730,
                    "sizes": []
                },
                "padding_mobile": {
                    "unit": "px",
                    "top": "0",
                    "right": "20",
                    "bottom": "0",
                    "left": "20",
                    "isLinked": false
                },
                "box_shadow_box_shadow": {
                    "horizontal": 0,
                    "vertical": 0,
                    "blur": 10,
                    "spread": 0,
                    "color": "rgba(0, 0, 0, 0.06)"
                },
                "premium_eq_height_switcher": "",
                "premium_eq_height_type": "widget",
                "premium_eq_height_target": "",
                "premium_eq_height_custom_target": "",
                "premium_eq_height_enable_on": [
                    "desktop",
                    "tablet",
                    "mobile"
                ],
                "padding_tablet": {
                    "unit": "px",
                    "top": "0",
                    "right": "30",
                    "bottom": "0",
                    "left": "30",
                    "isLinked": false
                },
                "background_background": "classic",
                "__globals__": {
                    "background_color": "",
                    "background": "",
                    "custom_bottom_border_color": ""
                },
                "transparent": "yes",
                "transparent_header_show": "yes",
                "background_show": "yes",
                "background": "#1A4942",
                "bottom_border": "yes",
                "custom_bottom_border_color": "#8EB1AC",
                "custom_bottom_border_width": {
                    "unit": "px",
                    "size": 1,
                    "sizes": []
                }
            },
            "elements": [
                {
                    "id": "3a081ab6",
                    "settings": {
                        "_column_size": 50,
                        "_inline_size": 8,
                        "content_position": "center",
                        "_inline_size_mobile": 20,
                        "animation": "fadeIn",
                        "animation_delay": 200,
                        "padding": {
                            "unit": "px",
                            "top": "0",
                            "right": "0",
                            "bottom": "0",
                            "left": "0",
                            "isLinked": false
                        },
                        "background_background": "classic",
                        "padding_tablet": {
                            "unit": "px",
                            "top": "5",
                            "right": "0",
                            "bottom": "5",
                            "left": "0",
                            "isLinked": false
                        },
                        "content_position_mobile": "center",
                        "border_border": "solid",
                        "border_width": {
                            "unit": "px",
                            "top": "0",
                            "right": "0",
                            "bottom": "1",
                            "left": "0",
                            "isLinked": false
                        },
                        "border_radius": {
                            "unit": "px",
                            "top": "0",
                            "right": "0",
                            "bottom": "0",
                            "left": "0",
                            "isLinked": false
                        },
                        "__globals__": {
                            "border_color": "globals\/colors?id=accent"
                        },
                        "padding_mobile": {
                            "unit": "px",
                            "top": "0",
                            "right": "0",
                            "bottom": "0",
                            "left": "0",
                            "isLinked": false
                        }
                    },
                    "elements": [
                        {
                            "id": "6bd30078",
                            "settings": {
                                "image": {
                                    "url": "http:\/\/askproject.net\/lifezy\/wp-content\/uploads\/sites\/50\/2022\/01\/Asset-1.png",
                                    "id": 126,
                                    "alt": "",
                                    "source": "library"
                                },
                                "_margin": {
                                    "unit": "px",
                                    "top": "0",
                                    "right": "0",
                                    "bottom": "0",
                                    "left": "0",
                                    "isLinked": false
                                },
                                "_margin_tablet": {
                                    "unit": "px",
                                    "top": "0",
                                    "right": "-25",
                                    "bottom": "0",
                                    "left": "0",
                                    "isLinked": false
                                },
                                "_margin_mobile": {
                                    "unit": "px",
                                    "top": "0",
                                    "right": "-20",
                                    "bottom": "0",
                                    "left": "0",
                                    "isLinked": false
                                },
                                "align": "left",
                                "width": {
                                    "unit": "%",
                                    "size": 85,
                                    "sizes": []
                                },
                                "_z_index": 5,
                                "caption_typography_line_height": {
                                    "unit": "em",
                                    "size": "",
                                    "sizes": []
                                },
                                "link_to": "custom",
                                "link": {
                                    "url": "http:\/\/askproject.net\/cworks\/home\/",
                                    "is_external": "",
                                    "nofollow": "",
                                    "custom_attributes": ""
                                },
                                "hover_animation": "grow",
                                "width_tablet": {
                                    "unit": "%",
                                    "size": 100,
                                    "sizes": []
                                }
                            },
                            "elements": [],
                            "isInner": false,
                            "widgetType": "image",
                            "elType": "widget"
                        }
                    ],
                    "isInner": false,
                    "elType": "column"
                },
                {
                    "id": "66bfe9bf",
                    "settings": {
                        "_column_size": 50,
                        "_inline_size": 92,
                        "content_position": "center",
                        "_inline_size_mobile": 80,
                        "padding_mobile": {
                            "unit": "px",
                            "top": "0",
                            "right": "0",
                            "bottom": "0",
                            "left": "0",
                            "isLinked": false
                        },
                        "padding": {
                            "unit": "px",
                            "top": "0",
                            "right": "0",
                            "bottom": "0",
                            "left": "0",
                            "isLinked": false
                        }
                    },
                    "elements": [
                        {
                            "id": "672ced56",
                            "settings": {
                                "structure": "20",
                                "padding_tablet": {
                                    "unit": "px",
                                    "top": "0",
                                    "right": "0",
                                    "bottom": "0",
                                    "left": "0",
                                    "isLinked": false
                                },
                                "premium_eq_height_switcher": "",
                                "premium_eq_height_type": "widget",
                                "premium_eq_height_target": "",
                                "premium_eq_height_custom_target": "",
                                "premium_eq_height_enable_on": [
                                    "desktop",
                                    "tablet",
                                    "mobile"
                                ]
                            },
                            "elements": [
                                {
                                    "id": "76d605b3",
                                    "settings": {
                                        "_column_size": 50,
                                        "_inline_size": 87.999,
                                        "background_background": "classic",
                                        "padding": {
                                            "unit": "px",
                                            "top": "0",
                                            "right": "0",
                                            "bottom": "0",
                                            "left": "0",
                                            "isLinked": false
                                        },
                                        "padding_tablet": {
                                            "unit": "px",
                                            "top": "0",
                                            "right": "0",
                                            "bottom": "0",
                                            "left": "0",
                                            "isLinked": false
                                        },
                                        "_inline_size_tablet": 82,
                                        "_inline_size_mobile": 100,
                                        "content_position_tablet": "center",
                                        "border_border": "solid",
                                        "border_width": {
                                            "unit": "px",
                                            "top": "0",
                                            "right": "0",
                                            "bottom": "1",
                                            "left": "0",
                                            "isLinked": false
                                        },
                                        "__globals__": {
                                            "border_color": "globals\/colors?id=accent"
                                        },
                                        "border_width_tablet": {
                                            "unit": "px",
                                            "top": "0",
                                            "right": "0",
                                            "bottom": "1",
                                            "left": "0",
                                            "isLinked": false
                                        },
                                        "margin_mobile": {
                                            "unit": "px",
                                            "top": "0",
                                            "right": "0",
                                            "bottom": "0",
                                            "left": "0",
                                            "isLinked": false
                                        },
                                        "padding_mobile": {
                                            "unit": "px",
                                            "top": "10",
                                            "right": "0",
                                            "bottom": "10",
                                            "left": "0",
                                            "isLinked": false
                                        },
                                        "content_position": "center"
                                    },
                                    "elements": [
                                        {
                                            "id": "18367adf",
                                            "settings": {
                                                "elementskit_submenu_container_width": "205px",
                                                "elementskit_nav_menu": "header",
                                                "elementskit_hamburger_icon": {
                                                    "value": "icon icon-menu1",
                                                    "library": "ekiticons"
                                                },
                                                "elementskit_one_page_enable": "",
                                                "elementskit_menubar_background_background": "classic",
                                                "elementskit_menubar_background_color": "#02010100",
                                                "elementskit_item_background_hover_color": "#F4F0E9",
                                                "elementskit_nav_menu_active_bg_color_color": "#405E59",
                                                "elementskit_menu_item_spacing": {
                                                    "unit": "px",
                                                    "top": "0",
                                                    "right": "25",
                                                    "bottom": "0",
                                                    "left": "25",
                                                    "isLinked": false
                                                },
                                                "elementskit_menu_item_spacing_tablet": {
                                                    "unit": "px",
                                                    "top": "7",
                                                    "right": "15",
                                                    "bottom": "7",
                                                    "left": "30",
                                                    "isLinked": false
                                                },
                                                "elementskit_style_tab_submenu_indicator_color_mobile": "#545454",
                                                "elementskit_submenu_item_spacing": {
                                                    "unit": "px",
                                                    "top": "1",
                                                    "right": "15",
                                                    "bottom": "1",
                                                    "left": "35",
                                                    "isLinked": false
                                                },
                                                "elementskit_menu_item_background_background": "classic",
                                                "elementskit_menu_item_background_hover_background": "classic",
                                                "elementskit_menu_item_background_hover_color": "#02010100",
                                                "elementskit_nav_sub_menu_active_bg_color_background": "classic",
                                                "elementskit_nav_sub_menu_active_bg_color_color": "#02010100",
                                                "elementskit_menu_item_border_border": "solid",
                                                "elementskit_menu_item_border_width_tablet": {
                                                    "unit": "px",
                                                    "top": "0",
                                                    "right": "0",
                                                    "bottom": "0",
                                                    "left": "0",
                                                    "isLinked": false
                                                },
                                                "elementskit_menu_item_border_color": "#02010100",
                                                "elementskit_menu_item_border_last_child_border": "solid",
                                                "elementskit_menu_item_border_last_child_width_tablet": {
                                                    "unit": "px",
                                                    "top": "0",
                                                    "right": "0",
                                                    "bottom": "0",
                                                    "left": "0",
                                                    "isLinked": false
                                                },
                                                "elementskit_menu_item_border_last_child_color": "#02010100",
                                                "elementskit_menu_item_border_first_child_border": "solid",
                                                "elementskit_menu_item_border_first_child_width_tablet": {
                                                    "unit": "px",
                                                    "top": "0",
                                                    "right": "0",
                                                    "bottom": "0",
                                                    "left": "0",
                                                    "isLinked": false
                                                },
                                                "elementskit_menu_item_border_first_child_color": "#02010100",
                                                "sub_panel_padding": {
                                                    "unit": "px",
                                                    "top": "20",
                                                    "right": "0",
                                                    "bottom": "20",
                                                    "left": "0",
                                                    "isLinked": false
                                                },
                                                "sub_panel_padding_tablet": {
                                                    "unit": "px",
                                                    "top": "10",
                                                    "right": "0",
                                                    "bottom": "10",
                                                    "left": "30",
                                                    "isLinked": false
                                                },
                                                "elementskit_panel_submenu_border_border": "solid",
                                                "elementskit_panel_submenu_border_width_tablet": {
                                                    "unit": "px",
                                                    "top": "0",
                                                    "right": "0",
                                                    "bottom": "0",
                                                    "left": "0",
                                                    "isLinked": false
                                                },
                                                "elementskit_submenu_container_background_background": "classic",
                                                "elementskit_submenu_panel_border_radius_tablet": {
                                                    "unit": "px",
                                                    "top": "0",
                                                    "right": "0",
                                                    "bottom": "0",
                                                    "left": "0",
                                                    "isLinked": false
                                                },
                                                "elementskit_menu_toggle_icon_position_tablet": "right",
                                                "elementskit_menu_toggle_spacing_tablet": {
                                                    "unit": "px",
                                                    "top": "0",
                                                    "right": "0",
                                                    "bottom": "0",
                                                    "left": "0",
                                                    "isLinked": true
                                                },
                                                "elementskit_menu_open_typography_tablet": {
                                                    "unit": "px",
                                                    "size": 30,
                                                    "sizes": []
                                                },
                                                "elementskit_menu_toggle_background_background": "classic",
                                                "elementskit_menu_toggle_background_color": "#02010100",
                                                "elementskit_menu_toggle_border_border": "solid",
                                                "elementskit_menu_toggle_border_width_tablet": {
                                                    "unit": "px",
                                                    "top": "0",
                                                    "right": "0",
                                                    "bottom": "0",
                                                    "left": "0",
                                                    "isLinked": true
                                                },
                                                "elementskit_menu_toggle_border_color": "#FFFFFF",
                                                "elementskit_menu_close_spacing_tablet": {
                                                    "unit": "px",
                                                    "top": "0",
                                                    "right": "0",
                                                    "bottom": "0",
                                                    "left": "0",
                                                    "isLinked": false
                                                },
                                                "elementskit_menu_close_border_radius_tablet": {
                                                    "unit": "px",
                                                    "size": 0,
                                                    "sizes": []
                                                },
                                                "elementskit_menu_close_background_background": "classic",
                                                "elementskit_menu_close_background_color": "#22222200",
                                                "elementskit_menu_close_border_border": "solid",
                                                "elementskit_menu_close_border_width_tablet": {
                                                    "unit": "px",
                                                    "top": "0",
                                                    "right": "0",
                                                    "bottom": "0",
                                                    "left": "0",
                                                    "isLinked": false
                                                },
                                                "elementskit_menu_close_border_color": "#405E59",
                                                "__globals__": {
                                                    "elementskit_content_typography_typography": "globals\/typography?id=e841d39",
                                                    "elementskit_menu_item_typography_typography": "globals\/typography?id=e841d39",
                                                    "elementskit_style_tab_submenu_indicator_color_tablet": "globals\/colors?id=text",
                                                    "elementskit_submenu_item_color_tablet": "globals\/colors?id=text",
                                                    "elementskit_menu_close_typography_typography": "globals\/typography?id=131db22",
                                                    "elementskit_style_tab_submenu_indicator_color": "globals\/colors?id=d91db48",
                                                    "elementskit_menu_toggle_icon_color_hover": "globals\/colors?id=d91db48",
                                                    "elementskit_item_background_hover_color": "globals\/colors?id=secondary",
                                                    "elementskit_item_color_hover_tablet": "globals\/colors?id=2cfcca2",
                                                    "elementskit_menu_close_icon_color_hover": "globals\/colors?id=fe30fde",
                                                    "wrapper_color_mobile_tablet": "",
                                                    "elementskit_item_text_color_hover": "globals\/colors?id=fe30fde",
                                                    "elementskit_menu_text_color_tablet": "globals\/colors?id=text",
                                                    "elementskit_nav_menu_active_bg_color_color": "globals\/colors?id=primary",
                                                    "elementskit_nav_menu_active_text_color_tablet": "globals\/colors?id=2cfcca2",
                                                    "elementskit_item_text_color_hover_tablet": "globals\/colors?id=2cfcca2",
                                                    "elementskit_nav_sub_menu_active_text_color_tablet": "globals\/colors?id=primary",
                                                    "elementskit_menu_close_icon_color": "globals\/colors?id=2cfcca2",
                                                    "elementskit_item_color_hover": "globals\/colors?id=d91db48",
                                                    "elementskit_nav_menu_active_text_color": "globals\/colors?id=d91db48",
                                                    "elementskit_menu_toggle_icon_color": "",
                                                    "elementskit_menu_text_color": "",
                                                    "elementskit_menu_toggle_border_color": "",
                                                    "elementskit_menu_close_background_color": "",
                                                    "elementskit_menu_close_border_color": "globals\/colors?id=primary",
                                                    "elementskit_menu_close_background_hover_color": "",
                                                    "elementskit_menu_toggle_background_hover_color": "",
                                                    "elementskit_submenu_item_color": "globals\/colors?id=primary",
                                                    "elementskit_nav_sub_menu_active_text_color": "globals\/colors?id=fe30fde",
                                                    "elementskit_panel_submenu_border_color": "",
                                                    "elementskit_submenu_container_background_color": "",
                                                    "elementskit_menu_item_background_color": ""
                                                },
                                                "ekit_submenu_indicator_spacing": {
                                                    "unit": "px",
                                                    "top": "0",
                                                    "right": "0",
                                                    "bottom": "0",
                                                    "left": "10",
                                                    "isLinked": false
                                                },
                                                "elementskit_submenu_item_color": "#405E59",
                                                "elementskit_nav_sub_menu_active_text_color": "#F8D513",
                                                "elementskit_panel_submenu_border_width": {
                                                    "unit": "px",
                                                    "top": "0",
                                                    "right": "0",
                                                    "bottom": "0",
                                                    "left": "0",
                                                    "isLinked": false
                                                },
                                                "elementskit_menu_open_typography_mobile": {
                                                    "unit": "px",
                                                    "size": 27,
                                                    "sizes": []
                                                },
                                                "_margin_mobile": {
                                                    "unit": "px",
                                                    "top": "0",
                                                    "right": "-12",
                                                    "bottom": "0",
                                                    "left": "0",
                                                    "isLinked": false
                                                },
                                                "_animation": "fadeIn",
                                                "elementskit_nav_menu_logo": {
                                                    "url": "http:\/\/askproject.net\/lifezy\/wp-content\/uploads\/sites\/50\/2022\/01\/Asset-5.png",
                                                    "id": 447,
                                                    "alt": "",
                                                    "source": "library"
                                                },
                                                "ekit_submenu_indicator_spacing_tablet": {
                                                    "unit": "px",
                                                    "top": "0",
                                                    "right": "0",
                                                    "bottom": "0",
                                                    "left": "200",
                                                    "isLinked": false
                                                },
                                                "ekit_submenu_indicator_spacing_mobile": {
                                                    "unit": "px",
                                                    "top": "0",
                                                    "right": "0",
                                                    "bottom": "0",
                                                    "left": "160",
                                                    "isLinked": false
                                                },
                                                "elementskit_submenu_item_spacing_tablet": {
                                                    "unit": "px",
                                                    "top": "6",
                                                    "right": "15",
                                                    "bottom": "6",
                                                    "left": "15",
                                                    "isLinked": false
                                                },
                                                "elementskit_submenu_item_color_tablet": "#8EB1AC",
                                                "elementskit_menu_close_border_width_mobile": {
                                                    "unit": "px",
                                                    "top": "0",
                                                    "right": "0",
                                                    "bottom": "0",
                                                    "left": "0",
                                                    "isLinked": false
                                                },
                                                "elementskit_mobile_menu_logo_width_tablet": {
                                                    "unit": "px",
                                                    "size": 95,
                                                    "sizes": []
                                                },
                                                "elementskit_mobile_menu_logo_width_mobile": {
                                                    "unit": "px",
                                                    "size": 90,
                                                    "sizes": []
                                                },
                                                "elementskit_mobile_menu_logo_margin_tablet": {
                                                    "unit": "px",
                                                    "top": "12",
                                                    "right": "0",
                                                    "bottom": "30",
                                                    "left": "25",
                                                    "isLinked": false
                                                },
                                                "elementskit_mobile_menu_logo_margin_mobile": {
                                                    "unit": "px",
                                                    "top": "10",
                                                    "right": "0",
                                                    "bottom": "20",
                                                    "left": "25",
                                                    "isLinked": false
                                                },
                                                "elementskit_panel_box_shadow_box_shadow": {
                                                    "horizontal": 0,
                                                    "vertical": 0,
                                                    "blur": 10,
                                                    "spread": 0,
                                                    "color": "rgba(0, 0, 0, 0)"
                                                },
                                                "_margin_tablet": {
                                                    "unit": "px",
                                                    "top": "0",
                                                    "right": "15",
                                                    "bottom": "0",
                                                    "left": "0",
                                                    "isLinked": false
                                                },
                                                "_padding_tablet": {
                                                    "unit": "px",
                                                    "top": "0",
                                                    "right": "0",
                                                    "bottom": "0",
                                                    "left": "0",
                                                    "isLinked": false
                                                },
                                                "_margin": {
                                                    "unit": "px",
                                                    "top": "0",
                                                    "right": "20",
                                                    "bottom": "-3",
                                                    "left": "0",
                                                    "isLinked": false
                                                },
                                                "elementskit_main_menu_position": "elementskit-menu-po-right",
                                                "elementskit_menu_toggle_border_radius_tablet": {
                                                    "unit": "px",
                                                    "size": 0,
                                                    "sizes": []
                                                },
                                                "elementskit_menu_text_color": "#FFFFFF",
                                                "elementskit_nav_menu_active_text_color": "#FBE984",
                                                "elementskit_style_tab_submenu_indicator_color": "#FBE984",
                                                "elementskit_item_text_color_hover_tablet": "#1A4942",
                                                "elementskit_nav_sub_menu_active_text_color_tablet": "#405E59",
                                                "elementskit_menu_toggle_icon_color": "#FFFFFF",
                                                "elementskit_menu_toggle_background_hover_background": "classic",
                                                "elementskit_menu_toggle_background_hover_color": "#272B2C00",
                                                "elementskit_menu_close_background_hover_background": "classic",
                                                "elementskit_menu_close_background_hover_color": "#22222200",
                                                "elementskit_menubar_height": {
                                                    "unit": "px",
                                                    "size": 65,
                                                    "sizes": []
                                                },
                                                "elementskit_border_radius": {
                                                    "unit": "px",
                                                    "top": 0,
                                                    "right": 0,
                                                    "bottom": 0,
                                                    "left": 0,
                                                    "isLinked": true
                                                },
                                                "elementskit_style_tab_submenu_indicator_color_tablet": "#8EB1AC",
                                                "elementskit_submenu_panel_border_radius": {
                                                    "unit": "px",
                                                    "top": 0,
                                                    "right": 0,
                                                    "bottom": 0,
                                                    "left": 0,
                                                    "isLinked": true
                                                },
                                                "elementskit_submenu_container_width_tablet": "200px",
                                                "elementskit_nav_menu_active_text_color_tablet": "#1A4942",
                                                "elementskit_menu_text_color_tablet": "#8EB1AC",
                                                "elementskit_item_color_hover_tablet": "#1A4942",
                                                "elementskit_item_color_hover": "#FBE984",
                                                "elementskit_menu_item_background_color": "#FFFFFF",
                                                "elementskit_item_text_color_hover": "#F8D513",
                                                "elementskit_panel_submenu_border_color": "#FFFFFF",
                                                "elementskit_submenu_container_background_color": "#FFFFFF",
                                                "wrapper_color_mobile_tablet": "#FFFFFF",
                                                "elementskit_menu_toggle_icon_color_hover": "#FBE984",
                                                "elementskit_menu_close_icon_color": "#1A4942",
                                                "elementskit_menu_close_icon_color_hover": "#F8D513"
                                            },
                                            "elements": [],
                                            "isInner": false,
                                            "widgetType": "ekit-nav-menu",
                                            "elType": "widget"
                                        }
                                    ],
                                    "isInner": true,
                                    "elType": "column"
                                },
                                {
                                    "id": "39ffe32d",
                                    "settings": {
                                        "_column_size": 50,
                                        "_inline_size": 12,
                                        "content_position": "center",
                                        "background_background": "classic",
                                        "padding": {
                                            "unit": "px",
                                            "top": "5",
                                            "right": "0",
                                            "bottom": "5",
                                            "left": "0",
                                            "isLinked": false
                                        },
                                        "_inline_size_tablet": 18,
                                        "_inline_size_mobile": 38,
                                        "content_position_tablet": "center",
                                        "margin": {
                                            "unit": "px",
                                            "top": "0",
                                            "right": "0",
                                            "bottom": "0",
                                            "left": "0",
                                            "isLinked": false
                                        },
                                        "align_mobile": "center",
                                        "__globals__": {
                                            "background_color": "globals\/colors?id=accent",
                                            "border_color": "globals\/colors?id=accent"
                                        },
                                        "border_border": "solid",
                                        "border_width": {
                                            "unit": "px",
                                            "top": "0",
                                            "right": "0",
                                            "bottom": "1",
                                            "left": "0",
                                            "isLinked": false
                                        },
                                        "margin_tablet": {
                                            "unit": "%",
                                            "top": "0",
                                            "right": "0",
                                            "bottom": "0",
                                            "left": "0",
                                            "isLinked": false
                                        },
                                        "margin_mobile": {
                                            "unit": "%",
                                            "top": "",
                                            "right": "",
                                            "bottom": "",
                                            "left": "",
                                            "isLinked": true
                                        },
                                        "padding_tablet": {
                                            "unit": "%",
                                            "top": "0",
                                            "right": "0",
                                            "bottom": "0",
                                            "left": "0",
                                            "isLinked": false
                                        },
                                        "padding_mobile": {
                                            "unit": "%",
                                            "top": "0",
                                            "right": "0",
                                            "bottom": "0",
                                            "left": "0",
                                            "isLinked": false
                                        },
                                        "hide_mobile": "hidden-mobile"
                                    },
                                    "elements": [
                                        {
                                            "id": "69adc260",
                                            "settings": {
                                                "text": "Book Now",
                                                "align": "center",
                                                "border_radius": {
                                                    "unit": "px",
                                                    "top": "0",
                                                    "right": "0",
                                                    "bottom": "0",
                                                    "left": "0",
                                                    "isLinked": false
                                                },
                                                "text_padding": {
                                                    "unit": "px",
                                                    "top": "20",
                                                    "right": "0",
                                                    "bottom": "20",
                                                    "left": "0",
                                                    "isLinked": false
                                                },
                                                "__globals__": {
                                                    "button_text_color": "globals\/colors?id=d91db48",
                                                    "background_color": "",
                                                    "typography_typography": "globals\/typography?id=accent"
                                                },
                                                "text_padding_mobile": {
                                                    "unit": "px",
                                                    "top": "15",
                                                    "right": "0",
                                                    "bottom": "15",
                                                    "left": "0",
                                                    "isLinked": false
                                                },
                                                "button_text_color": "#FBE984",
                                                "background_color": "#477C74"
                                            },
                                            "elements": [],
                                            "isInner": false,
                                            "widgetType": "button",
                                            "elType": "widget"
                                        }
                                    ],
                                    "isInner": true,
                                    "elType": "column"
                                }
                            ],
                            "isInner": true,
                            "elType": "section"
                        }
                    ],
                    "isInner": false,
                    "elType": "column"
                }
            ],
            "isInner": false,
            "elType": "section"
        }
    ],
    "page_settings": {
        "hide_title": "yes",
        "background_background": "classic",
        "__globals__": {
            "background_color": "globals\/colors?id=2cfcca2"
        },
        "template": "elementor_canvas"
    }
}