{
    "version": "0.4",
    "title": "Service Details",
    "type": "page",
    "metadata": {
        "template_type": "single-page",
        "include_in_zip": "1",
        "elementor_pro_required": null,
        "wp_page_template": "elementor_header_footer"
    },
    "content": [
        {
            "id": "6fbcf40",
            "settings": {
                "content_width": {
                    "unit": "px",
                    "size": 1200,
                    "sizes": []
                },
                "height": "min-height",
                "custom_height": {
                    "unit": "vh",
                    "size": 38,
                    "sizes": []
                },
                "custom_height_tablet": {
                    "unit": "vh",
                    "size": "",
                    "sizes": []
                },
                "custom_height_mobile": {
                    "unit": "vh",
                    "size": 32,
                    "sizes": []
                },
                "background_background": "classic",
                "background_image": {
                    "url": "http:\/\/askproject.net\/lifezy\/wp-content\/uploads\/sites\/50\/2022\/01\/man-has-a-consultation-8NSYU9B.jpeg",
                    "id": 584,
                    "alt": "",
                    "source": "library"
                },
                "background_position": "center center",
                "background_overlay_background": "classic",
                "background_overlay_opacity": {
                    "unit": "px",
                    "size": 0.7,
                    "sizes": []
                },
                "padding": {
                    "unit": "px",
                    "top": "60",
                    "right": "0",
                    "bottom": "0",
                    "left": "0",
                    "isLinked": false
                },
                "padding_tablet": {
                    "unit": "px",
                    "top": "60",
                    "right": "30",
                    "bottom": "0",
                    "left": "30",
                    "isLinked": false
                },
                "padding_mobile": {
                    "unit": "px",
                    "top": "60",
                    "right": "20",
                    "bottom": "0",
                    "left": "20",
                    "isLinked": false
                },
                "__globals__": {
                    "background_overlay_color": "globals\/colors?id=2cfcca2"
                }
            },
            "elements": [
                {
                    "id": "a964307",
                    "settings": {
                        "_column_size": 100,
                        "_inline_size": null,
                        "padding": {
                            "unit": "px",
                            "top": "0",
                            "right": "0",
                            "bottom": "0",
                            "left": "0",
                            "isLinked": false
                        }
                    },
                    "elements": [
                        {
                            "id": "54260602",
                            "settings": {
                                "title": "Service Details",
                                "align": "center",
                                "title_color": "#FFFFFF",
                                "_margin": {
                                    "unit": "px",
                                    "top": "0",
                                    "right": "0",
                                    "bottom": "-10",
                                    "left": "0",
                                    "isLinked": false
                                },
                                "_animation": "fadeInUp"
                            },
                            "elements": [],
                            "isInner": false,
                            "widgetType": "heading",
                            "elType": "widget"
                        },
                        {
                            "id": "4fa58c34",
                            "settings": {
                                "view": "inline",
                                "icon_list": [
                                    {
                                        "text": "Home",
                                        "selected_icon": {
                                            "value": "",
                                            "library": ""
                                        },
                                        "_id": "cdfc908",
                                        "link": {
                                            "url": "http:\/\/askproject.net\/lifezy\/home\/",
                                            "is_external": "",
                                            "nofollow": "",
                                            "custom_attributes": ""
                                        }
                                    },
                                    {
                                        "_id": "2440fb4",
                                        "text": "Services",
                                        "selected_icon": {
                                            "value": "icon icon-right-arrow",
                                            "library": "ekiticons"
                                        }
                                    }
                                ],
                                "space_between": {
                                    "unit": "px",
                                    "size": 10,
                                    "sizes": []
                                },
                                "icon_align": "center",
                                "text_indent": {
                                    "unit": "px",
                                    "size": 10,
                                    "sizes": []
                                },
                                "_margin": {
                                    "unit": "px",
                                    "top": "0",
                                    "right": "0",
                                    "bottom": "0",
                                    "left": "-10",
                                    "isLinked": false
                                },
                                "_animation": "fadeInUp",
                                "_animation_delay": 200,
                                "__globals__": {
                                    "icon_color": "globals\/colors?id=fe30fde",
                                    "text_color_hover": "globals\/colors?id=d91db48"
                                }
                            },
                            "elements": [],
                            "isInner": false,
                            "widgetType": "icon-list",
                            "elType": "widget"
                        }
                    ],
                    "isInner": false,
                    "elType": "column"
                }
            ],
            "isInner": false,
            "elType": "section"
        },
        {
            "id": "4e102bd1",
            "settings": {
                "structure": "20",
                "padding": {
                    "unit": "px",
                    "top": "100",
                    "right": "0",
                    "bottom": "50",
                    "left": "0",
                    "isLinked": false
                },
                "padding_tablet": {
                    "unit": "px",
                    "top": "70",
                    "right": "30",
                    "bottom": "50",
                    "left": "30",
                    "isLinked": false
                },
                "padding_mobile": {
                    "unit": "px",
                    "top": "70",
                    "right": "20",
                    "bottom": "50",
                    "left": "20",
                    "isLinked": false
                },
                "content_width": {
                    "unit": "px",
                    "size": 1200,
                    "sizes": []
                }
            },
            "elements": [
                {
                    "id": "2fcb3a5c",
                    "settings": {
                        "_column_size": 50,
                        "_inline_size": 60,
                        "padding": {
                            "unit": "px",
                            "top": "0",
                            "right": "70",
                            "bottom": "0",
                            "left": "0",
                            "isLinked": false
                        },
                        "padding_tablet": {
                            "unit": "px",
                            "top": "30",
                            "right": "50",
                            "bottom": "30",
                            "left": "0",
                            "isLinked": false
                        },
                        "padding_mobile": {
                            "unit": "px",
                            "top": "0",
                            "right": "0",
                            "bottom": "50",
                            "left": "0",
                            "isLinked": false
                        },
                        "content_position": "center",
                        "animation": "fadeIn"
                    },
                    "elements": [
                        {
                            "id": "1d0f4c4a",
                            "settings": {
                                "editor": "<p>Long Career Advices<\/p>",
                                "_margin": {
                                    "unit": "px",
                                    "top": "0",
                                    "right": "0",
                                    "bottom": "-25",
                                    "left": "0",
                                    "isLinked": false
                                },
                                "__globals__": {
                                    "text_color": "globals\/colors?id=fe30fde",
                                    "typography_typography": "globals\/typography?id=131db22"
                                },
                                "_animation": "fadeInUp",
                                "align_mobile": "left"
                            },
                            "elements": [],
                            "isInner": false,
                            "widgetType": "text-editor",
                            "elType": "widget"
                        },
                        {
                            "id": "7a598f32",
                            "settings": {
                                "title": "Find The Best Career For Your Future",
                                "__globals__": {
                                    "title_color": "globals\/colors?id=primary",
                                    "typography_typography": "globals\/typography?id=primary"
                                },
                                "_animation": "fadeInUp",
                                "_animation_delay": 200,
                                "align_mobile": "left"
                            },
                            "elements": [],
                            "isInner": false,
                            "widgetType": "heading",
                            "elType": "widget"
                        },
                        {
                            "id": "4dc6e610",
                            "settings": {
                                "editor": "<p>Sed laoreet dapibus ipsum eu sagittis. Quisque rutrum aliquet nisi in maximus. Nulla consequat ex vitae arcu tempor. Curabitur sed porta sem, in tincidunt risus. Vestibulum sed cursus felis, ac lacinia lacus. Fusce placerat suscipit nisi, ut suscipit urna gravida vel.<\/p>",
                                "_padding": {
                                    "unit": "px",
                                    "top": "0",
                                    "right": "0",
                                    "bottom": "0",
                                    "left": "0",
                                    "isLinked": false
                                },
                                "_padding_tablet": {
                                    "unit": "px",
                                    "top": "0",
                                    "right": "0",
                                    "bottom": "0",
                                    "left": "0",
                                    "isLinked": false
                                },
                                "_animation": "fadeInUp",
                                "_animation_delay": 400,
                                "__globals__": {
                                    "text_color": "globals\/colors?id=text",
                                    "typography_typography": "globals\/typography?id=text"
                                },
                                "_margin": {
                                    "unit": "px",
                                    "top": "0",
                                    "right": "0",
                                    "bottom": "-10",
                                    "left": "0",
                                    "isLinked": false
                                },
                                "align_mobile": "left"
                            },
                            "elements": [],
                            "isInner": false,
                            "widgetType": "text-editor",
                            "elType": "widget"
                        },
                        {
                            "id": "31ded566",
                            "settings": {
                                "margin": {
                                    "unit": "px",
                                    "top": "0",
                                    "right": 0,
                                    "bottom": "25",
                                    "left": 0,
                                    "isLinked": false
                                }
                            },
                            "elements": [
                                {
                                    "id": "21b16a1b",
                                    "settings": {
                                        "_column_size": 100,
                                        "_inline_size": null,
                                        "border_border": "solid",
                                        "border_width": {
                                            "unit": "px",
                                            "top": "0",
                                            "right": "0",
                                            "bottom": "0",
                                            "left": "1",
                                            "isLinked": false
                                        },
                                        "padding": {
                                            "unit": "px",
                                            "top": "0",
                                            "right": "0",
                                            "bottom": "0",
                                            "left": "30",
                                            "isLinked": false
                                        },
                                        "__globals__": {
                                            "border_color": "globals\/colors?id=fe30fde"
                                        }
                                    },
                                    "elements": [
                                        {
                                            "id": "59654b9e",
                                            "settings": {
                                                "editor": "<p><em>Quisque vel tellus ac nisl varius varius. Quisque vitae felis vestibulum, pulvinar massa vitae, accumsan leo. In sit amet ante urna.<\/em><\/p>",
                                                "_padding": {
                                                    "unit": "px",
                                                    "top": "0",
                                                    "right": "0",
                                                    "bottom": "0",
                                                    "left": "0",
                                                    "isLinked": false
                                                },
                                                "_padding_tablet": {
                                                    "unit": "px",
                                                    "top": "0",
                                                    "right": "0",
                                                    "bottom": "0",
                                                    "left": "0",
                                                    "isLinked": false
                                                },
                                                "_animation": "fadeInUp",
                                                "_animation_delay": 400,
                                                "__globals__": {
                                                    "text_color": "globals\/colors?id=accent",
                                                    "typography_typography": "globals\/typography?id=03791f3"
                                                },
                                                "_margin": {
                                                    "unit": "px",
                                                    "top": "5",
                                                    "right": "0",
                                                    "bottom": "-10",
                                                    "left": "0",
                                                    "isLinked": false
                                                },
                                                "align_mobile": "left"
                                            },
                                            "elements": [],
                                            "isInner": false,
                                            "widgetType": "text-editor",
                                            "elType": "widget"
                                        }
                                    ],
                                    "isInner": true,
                                    "elType": "column"
                                }
                            ],
                            "isInner": true,
                            "elType": "section"
                        },
                        {
                            "id": "15a129f6",
                            "settings": {
                                "editor": "<p>Donec sed faucibus elit. Interdum et malesuada fames ac ante ipsum primis in faucibus. Mauris eleifend magna ex. Sed purus elit, tincidunt eget vulputate quis, sollicitudin nec neque. Sed sollicitudin nisi id enim mollis, nec gravida lacus varius. Vestibulum pulvinar rhoncus quam at gravida. Donec sagittis odio nec ipsum iaculis semper a ac ante.<\/p><p>Integer interdum iaculis odio in lobortis. Nullam laoreet dolor a diam maximus, in imperdiet ligula bibendum. Praesent laoreet, ipsum eget bibendum imperdiet, urna magna mollis mi, vitae tempus libero leo at turpis.<\/p>",
                                "_margin": {
                                    "unit": "px",
                                    "top": "0",
                                    "right": "0",
                                    "bottom": "-15",
                                    "left": "0",
                                    "isLinked": false
                                }
                            },
                            "elements": [],
                            "isInner": false,
                            "widgetType": "text-editor",
                            "elType": "widget"
                        }
                    ],
                    "isInner": false,
                    "elType": "column"
                },
                {
                    "id": "1ffa8add",
                    "settings": {
                        "_column_size": 50,
                        "_inline_size": 40,
                        "content_position": "center",
                        "align": "center",
                        "background_background": "slideshow",
                        "background_image": {
                            "url": "http:\/\/askproject.net\/lifezy\/wp-content\/uploads\/sites\/50\/2022\/01\/adult-woman-in-a-psychology-studio-CF46KJN.jpeg",
                            "id": 579,
                            "alt": "",
                            "source": "library"
                        },
                        "background_position": "center right",
                        "background_size": "cover",
                        "margin": {
                            "unit": "px",
                            "top": "0",
                            "right": "0",
                            "bottom": "0",
                            "left": "0",
                            "isLinked": false
                        },
                        "margin_mobile": {
                            "unit": "px",
                            "top": "0",
                            "right": "0",
                            "bottom": "0",
                            "left": "0",
                            "isLinked": false
                        },
                        "padding": {
                            "unit": "px",
                            "top": "0",
                            "right": "0",
                            "bottom": "0",
                            "left": "0",
                            "isLinked": false
                        },
                        "padding_mobile": {
                            "unit": "px",
                            "top": "150",
                            "right": "0",
                            "bottom": "150",
                            "left": "0",
                            "isLinked": false
                        },
                        "animation": "fadeIn",
                        "background_slideshow_gallery": [
                            {
                                "id": 582,
                                "url": "http:\/\/askproject.net\/lifezy\/wp-content\/uploads\/sites\/50\/2022\/01\/beautician-giving-a-beauty-consultation-4UZWKX2.jpeg"
                            },
                            {
                                "id": 580,
                                "url": "http:\/\/askproject.net\/lifezy\/wp-content\/uploads\/sites\/50\/2022\/01\/adult-woman-in-a-psychology-studio-48SNVS9.jpeg"
                            },
                            {
                                "id": 577,
                                "url": "http:\/\/askproject.net\/lifezy\/wp-content\/uploads\/sites\/50\/2022\/01\/young-successful-women-colleagues-discuss-joint-pr-VDKW42Q.jpeg"
                            }
                        ],
                        "background_slideshow_slide_duration": 3000,
                        "background_slideshow_background_size": "cover",
                        "background_slideshow_background_position": "center center",
                        "animation_delay": 200
                    },
                    "elements": [
                        {
                            "id": "2c39f3ee",
                            "settings": {
                                "ekit_video_popup_button_title": "Play Video",
                                "ekit_video_popup_button_icons": {
                                    "value": "icon icon-play-button",
                                    "library": "ekiticons"
                                },
                                "ekit_video_popup_url": "https:\/\/www.youtube.com\/watch?v=VhBl3dHT5SY",
                                "ekit_video_popup_text_padding": {
                                    "unit": "px",
                                    "top": "9",
                                    "right": "0",
                                    "bottom": "0",
                                    "left": "2",
                                    "isLinked": false
                                },
                                "ekit_video_popup_btn_bg_color_background": "classic",
                                "ekit_video_popup_btn_bg_color_color": "#FFFFFF",
                                "ekit_video_popup_btn_bg_hover_color_background": "classic",
                                "_animation": "fadeIn",
                                "__globals__": {
                                    "ekit_video_popup_btn_typography_typography": "globals\/typography?id=accent",
                                    "ekit_video_popup_btn_glow_color": "globals\/colors?id=d91db48",
                                    "ekit_video_popup_btn_bg_color_color": "",
                                    "ekit_video_popup_btn_text_color": "globals\/colors?id=primary",
                                    "ekit_video_popup_btn_hover_color": "globals\/colors?id=d91db48",
                                    "ekit_video_popup_btn_bg_hover_color_color": "globals\/colors?id=primary"
                                }
                            },
                            "elements": [],
                            "isInner": false,
                            "widgetType": "elementskit-video",
                            "elType": "widget"
                        }
                    ],
                    "isInner": false,
                    "elType": "column"
                }
            ],
            "isInner": false,
            "elType": "section"
        },
        {
            "id": "19219883",
            "settings": {
                "content_width": {
                    "unit": "px",
                    "size": 1200,
                    "sizes": []
                },
                "padding_tablet": {
                    "unit": "px",
                    "top": "0",
                    "right": "30",
                    "bottom": "0",
                    "left": "30",
                    "isLinked": false
                },
                "padding_mobile": {
                    "unit": "px",
                    "top": "0",
                    "right": "20",
                    "bottom": "0",
                    "left": "20",
                    "isLinked": false
                },
                "animation": "fadeIn"
            },
            "elements": [
                {
                    "id": "3958bf2",
                    "settings": {
                        "_column_size": 100,
                        "_inline_size": null,
                        "background_background": "classic",
                        "background_image": {
                            "url": "http:\/\/askproject.net\/lifezy\/wp-content\/uploads\/sites\/50\/2022\/01\/young-successful-women-colleagues-discuss-joint-pr-VDKW42Q.jpeg",
                            "id": 577,
                            "alt": "",
                            "source": "library"
                        },
                        "background_position": "center center",
                        "background_size": "cover",
                        "padding": {
                            "unit": "px",
                            "top": "150",
                            "right": "0",
                            "bottom": "150",
                            "left": "0",
                            "isLinked": false
                        }
                    },
                    "elements": [
                        {
                            "id": "4c477112",
                            "settings": {
                                "ekit_video_popup_button_title": "Play Video",
                                "ekit_video_popup_button_icons": {
                                    "value": "icon icon-play-button",
                                    "library": "ekiticons"
                                },
                                "ekit_video_popup_url": "https:\/\/www.youtube.com\/watch?v=VhBl3dHT5SY",
                                "ekit_video_popup_text_padding": {
                                    "unit": "px",
                                    "top": "9",
                                    "right": "0",
                                    "bottom": "0",
                                    "left": "2",
                                    "isLinked": false
                                },
                                "ekit_video_popup_btn_bg_color_background": "classic",
                                "ekit_video_popup_btn_bg_color_color": "#FFFFFF",
                                "ekit_video_popup_btn_bg_hover_color_background": "classic",
                                "_animation": "fadeIn",
                                "__globals__": {
                                    "ekit_video_popup_btn_typography_typography": "globals\/typography?id=accent",
                                    "ekit_video_popup_btn_glow_color": "globals\/colors?id=d91db48",
                                    "ekit_video_popup_btn_bg_color_color": "",
                                    "ekit_video_popup_btn_text_color": "globals\/colors?id=primary",
                                    "ekit_video_popup_btn_hover_color": "globals\/colors?id=d91db48",
                                    "ekit_video_popup_btn_bg_hover_color_color": "globals\/colors?id=primary"
                                }
                            },
                            "elements": [],
                            "isInner": false,
                            "widgetType": "elementskit-video",
                            "elType": "widget"
                        }
                    ],
                    "isInner": false,
                    "elType": "column"
                }
            ],
            "isInner": false,
            "elType": "section"
        },
        {
            "id": "b971b54",
            "settings": {
                "content_width": {
                    "unit": "px",
                    "size": 1200,
                    "sizes": []
                },
                "structure": "20",
                "padding": {
                    "unit": "px",
                    "top": "50",
                    "right": "0",
                    "bottom": "100",
                    "left": "0",
                    "isLinked": false
                },
                "padding_tablet": {
                    "unit": "px",
                    "top": "50",
                    "right": "30",
                    "bottom": "70",
                    "left": "30",
                    "isLinked": false
                },
                "padding_mobile": {
                    "unit": "px",
                    "top": "50",
                    "right": "20",
                    "bottom": "70",
                    "left": "20",
                    "isLinked": false
                },
                "animation": "fadeInUp"
            },
            "elements": [
                {
                    "id": "33dbf4f9",
                    "settings": {
                        "_column_size": 50,
                        "_inline_size": null,
                        "padding": {
                            "unit": "px",
                            "top": "0",
                            "right": "15",
                            "bottom": "0",
                            "left": "0",
                            "isLinked": false
                        },
                        "padding_mobile": {
                            "unit": "px",
                            "top": "0",
                            "right": "0",
                            "bottom": "20",
                            "left": "0",
                            "isLinked": false
                        }
                    },
                    "elements": [
                        {
                            "id": "3834dd07",
                            "settings": {
                                "editor": "<p>Donec sed faucibus elit. Interdum et malesuada fames ac ante ipsum primis in faucibus. Mauris eleifend magna ex. Sed purus elit, tincidunt eget vulputate quis, sollicitudin nec neque. Sed sollicitudin nisi id enim mollis, nec gravida lacus varius. Vestibulum pulvinar rhoncus quam at gravida. Donec sagittis odio nec ipsum iaculis semper a ac ante.<\/p><p>Integer interdum iaculis odio in lobortis. Nullam laoreet dolor a diam maximus, in imperdiet ligula bibendum. Praesent laoreet, ipsum eget bibendum imperdiet, urna magna mollis mi, vitae tempus libero leo at turpis. Duis vel eros egestas ante ullamcorper vulputate vitae vitae neque.<\/p>",
                                "_margin": {
                                    "unit": "px",
                                    "top": "0",
                                    "right": "0",
                                    "bottom": "-15",
                                    "left": "0",
                                    "isLinked": false
                                }
                            },
                            "elements": [],
                            "isInner": false,
                            "widgetType": "text-editor",
                            "elType": "widget"
                        }
                    ],
                    "isInner": false,
                    "elType": "column"
                },
                {
                    "id": "dcfbf1e",
                    "settings": {
                        "_column_size": 50,
                        "_inline_size": null,
                        "padding": {
                            "unit": "px",
                            "top": "0",
                            "right": "0",
                            "bottom": "0",
                            "left": "15",
                            "isLinked": false
                        },
                        "padding_mobile": {
                            "unit": "px",
                            "top": "0",
                            "right": "0",
                            "bottom": "0",
                            "left": "0",
                            "isLinked": false
                        }
                    },
                    "elements": [
                        {
                            "id": "3fe9229f",
                            "settings": {
                                "editor": "<p>Integer interdum iaculis odio in lobortis. Nullam laoreet dolor a diam maximus, in imperdiet ligula bibendum. Praesent laoreet, ipsum eget bibendum imperdiet, urna magna mollis mi, vitae tempus libero leo at turpis.<\/p>",
                                "_margin": {
                                    "unit": "px",
                                    "top": "0",
                                    "right": "0",
                                    "bottom": "-15",
                                    "left": "0",
                                    "isLinked": false
                                }
                            },
                            "elements": [],
                            "isInner": false,
                            "widgetType": "text-editor",
                            "elType": "widget"
                        },
                        {
                            "id": "4a82670",
                            "settings": {
                                "icon_list": [
                                    {
                                        "text": "Sed placerat tincidunt",
                                        "selected_icon": {
                                            "value": "icon icon-checked",
                                            "library": "ekiticons"
                                        },
                                        "_id": "af16afe"
                                    },
                                    {
                                        "text": "Curabitur sollicitudin risus",
                                        "selected_icon": {
                                            "value": "icon icon-checked",
                                            "library": "ekiticons"
                                        },
                                        "_id": "b00cd54"
                                    },
                                    {
                                        "text": "Mauris aliquet commodo",
                                        "selected_icon": {
                                            "value": "icon icon-checked",
                                            "library": "ekiticons"
                                        },
                                        "_id": "cc27b94"
                                    },
                                    {
                                        "text": "Curabitur sollicitudin risus",
                                        "selected_icon": {
                                            "value": "icon icon-checked",
                                            "library": "ekiticons"
                                        },
                                        "_id": "3ec82b2"
                                    }
                                ],
                                "space_between": {
                                    "unit": "px",
                                    "size": 5,
                                    "sizes": []
                                },
                                "icon_size": {
                                    "unit": "px",
                                    "size": 17,
                                    "sizes": []
                                },
                                "__globals__": {
                                    "icon_color": "globals\/colors?id=fe30fde",
                                    "text_color": "globals\/colors?id=text",
                                    "icon_typography_typography": "globals\/typography?id=text"
                                },
                                "_margin": {
                                    "unit": "px",
                                    "top": "0",
                                    "right": "0",
                                    "bottom": "0",
                                    "left": "0",
                                    "isLinked": false
                                },
                                "_animation": "fadeInUp",
                                "_animation_delay": 600,
                                "icon_align_mobile": "left"
                            },
                            "elements": [],
                            "isInner": false,
                            "widgetType": "icon-list",
                            "elType": "widget"
                        }
                    ],
                    "isInner": false,
                    "elType": "column"
                }
            ],
            "isInner": false,
            "elType": "section"
        },
        {
            "id": "ad28c",
            "settings": {
                "structure": "20",
                "padding": {
                    "unit": "px",
                    "top": "100",
                    "right": "0",
                    "bottom": "100",
                    "left": "0",
                    "isLinked": false
                },
                "padding_tablet": {
                    "unit": "px",
                    "top": "70",
                    "right": "30",
                    "bottom": "70",
                    "left": "30",
                    "isLinked": false
                },
                "padding_mobile": {
                    "unit": "px",
                    "top": "70",
                    "right": "20",
                    "bottom": "70",
                    "left": "20",
                    "isLinked": false
                },
                "content_width": {
                    "unit": "px",
                    "size": 1200,
                    "sizes": []
                }
            },
            "elements": [
                {
                    "id": "218b3439",
                    "settings": {
                        "_column_size": 50,
                        "_inline_size": 55,
                        "padding": {
                            "unit": "px",
                            "top": "30",
                            "right": "80",
                            "bottom": "30",
                            "left": "0",
                            "isLinked": false
                        },
                        "padding_tablet": {
                            "unit": "px",
                            "top": "30",
                            "right": "50",
                            "bottom": "30",
                            "left": "0",
                            "isLinked": false
                        },
                        "padding_mobile": {
                            "unit": "px",
                            "top": "0",
                            "right": "0",
                            "bottom": "50",
                            "left": "0",
                            "isLinked": false
                        },
                        "content_position": "center"
                    },
                    "elements": [
                        {
                            "id": "3390abba",
                            "settings": {
                                "editor": "<p>Career Specialist<\/p>",
                                "_margin": {
                                    "unit": "px",
                                    "top": "0",
                                    "right": "0",
                                    "bottom": "-25",
                                    "left": "0",
                                    "isLinked": false
                                },
                                "__globals__": {
                                    "text_color": "globals\/colors?id=fe30fde",
                                    "typography_typography": "globals\/typography?id=131db22"
                                },
                                "_animation": "fadeInUp",
                                "align_mobile": "center"
                            },
                            "elements": [],
                            "isInner": false,
                            "widgetType": "text-editor",
                            "elType": "widget"
                        },
                        {
                            "id": "7975a820",
                            "settings": {
                                "title": "Dr. Janet Atkinson",
                                "__globals__": {
                                    "title_color": "globals\/colors?id=primary",
                                    "typography_typography": "globals\/typography?id=primary"
                                },
                                "_animation": "fadeInUp",
                                "_animation_delay": 200,
                                "align_mobile": "center"
                            },
                            "elements": [],
                            "isInner": false,
                            "widgetType": "heading",
                            "elType": "widget"
                        },
                        {
                            "id": "5f08afa",
                            "settings": {
                                "editor": "<p>Sed laoreet dapibus ipsum eu sagittis. Quisque rutrum aliquet nisi in maximus. Nulla consequat ex vitae arcu tempor. Duis vel eros egestas ante ullamcorper vulputate vitae vitae neque. Phasellus imperdiet tristique nisl, quis pellentesque nulla bibendum ac. Pellentesque dignissim leo nec laoreet suscipit. Fusce tempus dignissim lectus eu ultrices. Sed eu dolor sed orci tempus tincidunt.<\/p>",
                                "_padding": {
                                    "unit": "px",
                                    "top": "0",
                                    "right": "0",
                                    "bottom": "0",
                                    "left": "0",
                                    "isLinked": false
                                },
                                "_padding_tablet": {
                                    "unit": "px",
                                    "top": "0",
                                    "right": "0",
                                    "bottom": "0",
                                    "left": "0",
                                    "isLinked": false
                                },
                                "_animation": "fadeInUp",
                                "_animation_delay": 400,
                                "__globals__": {
                                    "text_color": "globals\/colors?id=text",
                                    "typography_typography": "globals\/typography?id=text"
                                },
                                "_margin": {
                                    "unit": "px",
                                    "top": "0",
                                    "right": "0",
                                    "bottom": "0",
                                    "left": "0",
                                    "isLinked": false
                                },
                                "align_mobile": "center"
                            },
                            "elements": [],
                            "isInner": false,
                            "widgetType": "text-editor",
                            "elType": "widget"
                        },
                        {
                            "id": "684f5c2a",
                            "settings": {
                                "icon_list": [
                                    {
                                        "text": "Career Management",
                                        "selected_icon": {
                                            "value": "icon icon-checked",
                                            "library": "ekiticons"
                                        },
                                        "_id": "af16afe"
                                    },
                                    {
                                        "text": "Career Advices",
                                        "selected_icon": {
                                            "value": "icon icon-checked",
                                            "library": "ekiticons"
                                        },
                                        "_id": "b00cd54"
                                    },
                                    {
                                        "text": "Risk Management",
                                        "selected_icon": {
                                            "value": "icon icon-checked",
                                            "library": "ekiticons"
                                        },
                                        "_id": "cc27b94"
                                    },
                                    {
                                        "text": "Financial Management",
                                        "selected_icon": {
                                            "value": "icon icon-checked",
                                            "library": "ekiticons"
                                        },
                                        "_id": "3ec82b2"
                                    }
                                ],
                                "space_between": {
                                    "unit": "px",
                                    "size": 5,
                                    "sizes": []
                                },
                                "icon_size": {
                                    "unit": "px",
                                    "size": 17,
                                    "sizes": []
                                },
                                "__globals__": {
                                    "icon_color": "globals\/colors?id=fe30fde",
                                    "text_color": "globals\/colors?id=text",
                                    "icon_typography_typography": "globals\/typography?id=text"
                                },
                                "_margin": {
                                    "unit": "px",
                                    "top": "0",
                                    "right": "0",
                                    "bottom": "20",
                                    "left": "0",
                                    "isLinked": false
                                },
                                "_animation": "fadeInUp",
                                "_animation_delay": 600,
                                "icon_align_mobile": "center"
                            },
                            "elements": [],
                            "isInner": false,
                            "widgetType": "icon-list",
                            "elType": "widget"
                        },
                        {
                            "id": "66cc787",
                            "settings": {
                                "text": "Make Appointment",
                                "selected_icon": {
                                    "value": "icon icon-right-arrow",
                                    "library": "ekiticons"
                                },
                                "icon_align": "right",
                                "icon_indent": {
                                    "unit": "px",
                                    "size": 10,
                                    "sizes": []
                                },
                                "border_radius": {
                                    "unit": "px",
                                    "top": "0",
                                    "right": "0",
                                    "bottom": "0",
                                    "left": "0",
                                    "isLinked": false
                                },
                                "text_padding": {
                                    "unit": "px",
                                    "top": "18",
                                    "right": "30",
                                    "bottom": "18",
                                    "left": "30",
                                    "isLinked": false
                                },
                                "_margin": {
                                    "unit": "px",
                                    "top": "0",
                                    "right": "0",
                                    "bottom": "0",
                                    "left": "0",
                                    "isLinked": false
                                },
                                "__globals__": {
                                    "button_text_color": "",
                                    "hover_color": "globals\/colors?id=d91db48",
                                    "button_background_hover_color": "globals\/colors?id=b495345",
                                    "background_color": "globals\/colors?id=2cfcca2",
                                    "typography_typography": "globals\/typography?id=accent"
                                },
                                "_animation": "fadeInUp",
                                "_animation_delay": 600,
                                "button_text_color": "#FFFFFF",
                                "hover_color": "#FBE984",
                                "button_background_hover_color": "#477C74",
                                "align_mobile": "center",
                                "_margin_tablet": {
                                    "unit": "px",
                                    "top": "0",
                                    "right": "0",
                                    "bottom": "0",
                                    "left": "0",
                                    "isLinked": false
                                },
                                "_margin_mobile": {
                                    "unit": "px",
                                    "top": "0",
                                    "right": "0",
                                    "bottom": "0",
                                    "left": "0",
                                    "isLinked": false
                                }
                            },
                            "elements": [],
                            "isInner": false,
                            "widgetType": "button",
                            "elType": "widget"
                        }
                    ],
                    "isInner": false,
                    "elType": "column"
                },
                {
                    "id": "715654f0",
                    "settings": {
                        "_column_size": 50,
                        "_inline_size": 45,
                        "content_position": "bottom",
                        "align": "flex-end",
                        "background_background": "classic",
                        "background_image": {
                            "url": "http:\/\/askproject.net\/lifezy\/wp-content\/uploads\/sites\/50\/2022\/01\/portrait-of-mature-female-therapist-5QNTYBS.jpeg",
                            "id": 632,
                            "alt": "",
                            "source": "library"
                        },
                        "background_position": "center center",
                        "background_size": "cover",
                        "margin": {
                            "unit": "px",
                            "top": "0",
                            "right": "0",
                            "bottom": "30",
                            "left": "0",
                            "isLinked": false
                        },
                        "margin_tablet": {
                            "unit": "px",
                            "top": "0",
                            "right": "0",
                            "bottom": "20",
                            "left": "0",
                            "isLinked": false
                        },
                        "margin_mobile": {
                            "unit": "px",
                            "top": "0",
                            "right": "0",
                            "bottom": "0",
                            "left": "0",
                            "isLinked": false
                        },
                        "padding": {
                            "unit": "px",
                            "top": "0",
                            "right": "0",
                            "bottom": "0",
                            "left": "0",
                            "isLinked": false
                        },
                        "padding_mobile": {
                            "unit": "px",
                            "top": "250",
                            "right": "0",
                            "bottom": "0",
                            "left": "0",
                            "isLinked": false
                        },
                        "animation": "fadeIn",
                        "background_position_tablet": "center center"
                    },
                    "elements": [
                        {
                            "id": "159d69b9",
                            "settings": {
                                "padding": {
                                    "unit": "px",
                                    "top": "0",
                                    "right": "0",
                                    "bottom": "0",
                                    "left": "0",
                                    "isLinked": false
                                },
                                "animation": "fadeIn",
                                "animation_delay": 200
                            },
                            "elements": [
                                {
                                    "id": "5a3dd282",
                                    "settings": {
                                        "_column_size": 100,
                                        "_inline_size": null,
                                        "background_background": "classic",
                                        "margin": {
                                            "unit": "%",
                                            "top": "0",
                                            "right": "70",
                                            "bottom": "-5",
                                            "left": "-5",
                                            "isLinked": false
                                        },
                                        "margin_tablet": {
                                            "unit": "%",
                                            "top": "0",
                                            "right": "53",
                                            "bottom": "-5",
                                            "left": "-5",
                                            "isLinked": false
                                        },
                                        "margin_mobile": {
                                            "unit": "%",
                                            "top": "0",
                                            "right": "50",
                                            "bottom": "-3",
                                            "left": "-3",
                                            "isLinked": false
                                        },
                                        "padding": {
                                            "unit": "px",
                                            "top": "30",
                                            "right": "30",
                                            "bottom": "30",
                                            "left": "30",
                                            "isLinked": true
                                        },
                                        "__globals__": {
                                            "background_color": "globals\/colors?id=accent"
                                        }
                                    },
                                    "elements": [
                                        {
                                            "id": "fb74f8a",
                                            "settings": {
                                                "ending_number": 10,
                                                "suffix": "+",
                                                "title": "Years Experience",
                                                "number_color": "#FFFFFF",
                                                "title_color": "#FBE984",
                                                "_margin": {
                                                    "unit": "px",
                                                    "top": "-15",
                                                    "right": "0",
                                                    "bottom": "0",
                                                    "left": "0",
                                                    "isLinked": false
                                                },
                                                "__globals__": {
                                                    "typography_number_typography": "globals\/typography?id=d02daf4",
                                                    "typography_title_typography": "globals\/typography?id=text",
                                                    "title_color": "globals\/colors?id=d91db48"
                                                }
                                            },
                                            "elements": [],
                                            "isInner": false,
                                            "widgetType": "counter",
                                            "elType": "widget"
                                        }
                                    ],
                                    "isInner": true,
                                    "elType": "column"
                                }
                            ],
                            "isInner": true,
                            "elType": "section"
                        }
                    ],
                    "isInner": false,
                    "elType": "column"
                }
            ],
            "isInner": false,
            "elType": "section"
        }
    ],
    "page_settings": {
        "hide_title": "yes",
        "template": "elementor_header_footer"
    }
}