{
    "version": "0.4",
    "title": "Testimonials",
    "type": "page",
    "metadata": {
        "template_type": "single-page",
        "include_in_zip": "1",
        "elementor_pro_required": null,
        "wp_page_template": "elementor_header_footer"
    },
    "content": [
        {
            "id": "87ce0bd",
            "settings": {
                "content_width": {
                    "unit": "px",
                    "size": 1200,
                    "sizes": []
                },
                "height": "min-height",
                "custom_height": {
                    "unit": "vh",
                    "size": 38,
                    "sizes": []
                },
                "custom_height_tablet": {
                    "unit": "vh",
                    "size": "",
                    "sizes": []
                },
                "custom_height_mobile": {
                    "unit": "vh",
                    "size": 32,
                    "sizes": []
                },
                "background_background": "classic",
                "background_image": {
                    "url": "http:\/\/askproject.net\/lifezy\/wp-content\/uploads\/sites\/50\/2022\/01\/couple-is-deciding-if-a-book-or-ebook-is-better-MB9UACY.jpg",
                    "id": 481,
                    "alt": "",
                    "source": "library"
                },
                "background_position": "center center",
                "background_overlay_background": "classic",
                "background_overlay_opacity": {
                    "unit": "px",
                    "size": 0.7,
                    "sizes": []
                },
                "padding": {
                    "unit": "px",
                    "top": "60",
                    "right": "0",
                    "bottom": "0",
                    "left": "0",
                    "isLinked": false
                },
                "padding_tablet": {
                    "unit": "px",
                    "top": "60",
                    "right": "30",
                    "bottom": "0",
                    "left": "30",
                    "isLinked": false
                },
                "padding_mobile": {
                    "unit": "px",
                    "top": "60",
                    "right": "20",
                    "bottom": "0",
                    "left": "20",
                    "isLinked": false
                },
                "__globals__": {
                    "background_overlay_color": "globals\/colors?id=2cfcca2"
                }
            },
            "elements": [
                {
                    "id": "6e65318c",
                    "settings": {
                        "_column_size": 100,
                        "_inline_size": null,
                        "padding": {
                            "unit": "px",
                            "top": "0",
                            "right": "0",
                            "bottom": "0",
                            "left": "0",
                            "isLinked": false
                        }
                    },
                    "elements": [
                        {
                            "id": "18890184",
                            "settings": {
                                "title": "Testimonials",
                                "align": "center",
                                "title_color": "#FFFFFF",
                                "_margin": {
                                    "unit": "px",
                                    "top": "0",
                                    "right": "0",
                                    "bottom": "-10",
                                    "left": "0",
                                    "isLinked": false
                                },
                                "_animation": "fadeInUp"
                            },
                            "elements": [],
                            "isInner": false,
                            "widgetType": "heading",
                            "elType": "widget"
                        },
                        {
                            "id": "4313e303",
                            "settings": {
                                "view": "inline",
                                "icon_list": [
                                    {
                                        "text": "Home",
                                        "selected_icon": {
                                            "value": "",
                                            "library": ""
                                        },
                                        "_id": "cdfc908",
                                        "link": {
                                            "url": "http:\/\/askproject.net\/lifezy\/home\/",
                                            "is_external": "",
                                            "nofollow": "",
                                            "custom_attributes": ""
                                        }
                                    },
                                    {
                                        "_id": "2440fb4",
                                        "text": "Testimonials",
                                        "selected_icon": {
                                            "value": "icon icon-right-arrow",
                                            "library": "ekiticons"
                                        }
                                    }
                                ],
                                "space_between": {
                                    "unit": "px",
                                    "size": 10,
                                    "sizes": []
                                },
                                "icon_align": "center",
                                "text_indent": {
                                    "unit": "px",
                                    "size": 10,
                                    "sizes": []
                                },
                                "_margin": {
                                    "unit": "px",
                                    "top": "0",
                                    "right": "0",
                                    "bottom": "0",
                                    "left": "-10",
                                    "isLinked": false
                                },
                                "_animation": "fadeInUp",
                                "_animation_delay": 200,
                                "__globals__": {
                                    "icon_color": "globals\/colors?id=fe30fde",
                                    "text_color_hover": "globals\/colors?id=d91db48"
                                }
                            },
                            "elements": [],
                            "isInner": false,
                            "widgetType": "icon-list",
                            "elType": "widget"
                        }
                    ],
                    "isInner": false,
                    "elType": "column"
                }
            ],
            "isInner": false,
            "elType": "section"
        },
        {
            "id": "1b70aec",
            "settings": {
                "content_width": {
                    "unit": "px",
                    "size": 1200,
                    "sizes": []
                },
                "background_background": "classic",
                "padding": {
                    "unit": "px",
                    "top": "100",
                    "right": "0",
                    "bottom": "100",
                    "left": "0",
                    "isLinked": false
                },
                "padding_tablet": {
                    "unit": "px",
                    "top": "70",
                    "right": "30",
                    "bottom": "70",
                    "left": "30",
                    "isLinked": false
                },
                "padding_mobile": {
                    "unit": "px",
                    "top": "70",
                    "right": "20",
                    "bottom": "70",
                    "left": "20",
                    "isLinked": false
                },
                "reverse_order_mobile": "reverse-mobile",
                "__globals__": {
                    "background_color": ""
                }
            },
            "elements": [
                {
                    "id": "7779fc3d",
                    "settings": {
                        "_column_size": 100,
                        "_inline_size": null,
                        "padding": {
                            "unit": "px",
                            "top": "0",
                            "right": "0",
                            "bottom": "0",
                            "left": "0",
                            "isLinked": false
                        }
                    },
                    "elements": [
                        {
                            "id": "19bd9e55",
                            "settings": {
                                "editor": "<p>Testimnonials<\/p>",
                                "typography_typography": "custom",
                                "typography_font_family": "Syne",
                                "typography_font_size": {
                                    "unit": "px",
                                    "size": 14,
                                    "sizes": []
                                },
                                "typography_font_weight": "700",
                                "typography_text_transform": "uppercase",
                                "typography_letter_spacing": {
                                    "unit": "px",
                                    "size": 3,
                                    "sizes": []
                                },
                                "_margin": {
                                    "unit": "px",
                                    "top": "0",
                                    "right": "0",
                                    "bottom": "-25",
                                    "left": "0",
                                    "isLinked": false
                                },
                                "__globals__": {
                                    "text_color": "globals\/colors?id=fe30fde"
                                },
                                "_animation": "fadeInUp",
                                "align": "center"
                            },
                            "elements": [],
                            "isInner": false,
                            "widgetType": "text-editor",
                            "elType": "widget"
                        },
                        {
                            "id": "1fafc463",
                            "settings": {
                                "title": "Sweet Words From Clients",
                                "typography_typography": "custom",
                                "typography_font_family": "Syne",
                                "typography_font_size": {
                                    "unit": "px",
                                    "size": 47,
                                    "sizes": []
                                },
                                "typography_font_weight": "600",
                                "typography_line_height": {
                                    "unit": "em",
                                    "size": 1.2,
                                    "sizes": []
                                },
                                "__globals__": {
                                    "title_color": "globals\/colors?id=primary"
                                },
                                "typography_font_size_tablet": {
                                    "unit": "px",
                                    "size": 39,
                                    "sizes": []
                                },
                                "typography_font_size_mobile": {
                                    "unit": "px",
                                    "size": 32,
                                    "sizes": []
                                },
                                "_animation": "fadeInUp",
                                "_animation_delay": 200,
                                "align": "center",
                                "_margin": {
                                    "unit": "px",
                                    "top": "0",
                                    "right": "0",
                                    "bottom": "50",
                                    "left": "0",
                                    "isLinked": false
                                },
                                "_padding": {
                                    "unit": "px",
                                    "top": "0",
                                    "right": "150",
                                    "bottom": "0",
                                    "left": "150",
                                    "isLinked": false
                                },
                                "_padding_mobile": {
                                    "unit": "px",
                                    "top": "0",
                                    "right": "0",
                                    "bottom": "0",
                                    "left": "0",
                                    "isLinked": false
                                },
                                "_margin_mobile": {
                                    "unit": "px",
                                    "top": "0",
                                    "right": "0",
                                    "bottom": "30",
                                    "left": "0",
                                    "isLinked": false
                                },
                                "_padding_tablet": {
                                    "unit": "px",
                                    "top": "0",
                                    "right": "70",
                                    "bottom": "0",
                                    "left": "70",
                                    "isLinked": false
                                }
                            },
                            "elements": [],
                            "isInner": false,
                            "widgetType": "heading",
                            "elType": "widget"
                        },
                        {
                            "id": "7e3c3fb",
                            "settings": {
                                "ekit_testimonial_style": "style4",
                                "ekit_testimonial_wartermarks": {
                                    "value": "icon icon-quote2",
                                    "library": "ekiticons"
                                },
                                "ekit_testimonial_data": [
                                    {
                                        "client_name": "Clark Sages",
                                        "_id": "1e01949",
                                        "designation": "Designation",
                                        "review": "<i>Lorem ipsum dolor sit amet, consec tetur adipi scing elit. Nulla accumsan malesuada arcu eget imperdiet. Mauris malesuada id lorem a convallis. Donec sed neque mi.<\/i>",
                                        "rating": "4",
                                        "client_photo": {
                                            "url": "http:\/\/askproject.net\/lifezy\/wp-content\/uploads\/sites\/50\/2022\/01\/portrait-LGP2HC6.jpg",
                                            "id": 384,
                                            "alt": "",
                                            "source": "library"
                                        },
                                        "client_logo": {
                                            "url": "",
                                            "id": ""
                                        }
                                    },
                                    {
                                        "client_name": "Mia Malara",
                                        "_id": "81f6644",
                                        "designation": "Designation",
                                        "review": "<i>Lorem ipsum dolor sit amet, consec tetur adipi scing elit. Nulla accumsan malesuada arcu eget imperdiet. Mauris malesuada id lorem a convallis. Donec sed neque mi.<\/i>",
                                        "client_photo": {
                                            "url": "http:\/\/askproject.net\/lifezy\/wp-content\/uploads\/sites\/50\/2022\/01\/portrait-9KXJVT8.jpg",
                                            "id": 271,
                                            "alt": "",
                                            "source": "library"
                                        },
                                        "client_logo": {
                                            "url": "",
                                            "id": ""
                                        }
                                    },
                                    {
                                        "client_name": "Markian Steve",
                                        "_id": "56b00d9",
                                        "designation": "Designation",
                                        "review": "<i>Lorem ipsum dolor sit amet, consec tetur adipi scing elit. Nulla accumsan malesuada arcu eget imperdiet. Mauris malesuada id lorem a convallis. Donec sed neque mi.<\/i>",
                                        "rating": "4",
                                        "client_photo": {
                                            "url": "http:\/\/askproject.net\/lifezy\/wp-content\/uploads\/sites\/50\/2022\/01\/portrait-6QAEG3M.jpg",
                                            "id": 269,
                                            "alt": "",
                                            "source": "library"
                                        },
                                        "client_logo": {
                                            "url": "",
                                            "id": ""
                                        }
                                    },
                                    {
                                        "client_name": "Janet Smiths",
                                        "designation": "Designation",
                                        "review": "<i>Lorem ipsum dolor sit amet, consec tetur adipi scing elit. Nulla accumsan malesuada arcu eget imperdiet. Mauris malesuada id lorem a convallis. Donec sed neque mi.<\/i>",
                                        "client_photo": {
                                            "url": "http:\/\/askproject.net\/lifezy\/wp-content\/uploads\/sites\/50\/2022\/01\/portrait-TZG34NV.jpg",
                                            "id": 270,
                                            "alt": "",
                                            "source": "library"
                                        },
                                        "client_logo": {
                                            "url": "",
                                            "id": ""
                                        },
                                        "_id": "6302336"
                                    }
                                ],
                                "ekit_testimonial_top_bottom_spacing": {
                                    "unit": "px",
                                    "top": "0",
                                    "right": "0",
                                    "bottom": "0",
                                    "left": "0",
                                    "isLinked": false
                                },
                                "ekit_testimonial_slidetoshow": 3,
                                "ekit_testimonial_show_dot": "yes",
                                "ekit_testimonial_loop": "yes",
                                "ekit_testimonial_layout_padding": {
                                    "unit": "px",
                                    "top": "40",
                                    "right": "40",
                                    "bottom": "40",
                                    "left": "40",
                                    "isLinked": true
                                },
                                "ekit_testimonial_client_parent_container_margin": {
                                    "unit": "px",
                                    "top": "0",
                                    "right": "0",
                                    "bottom": "100",
                                    "left": "0",
                                    "isLinked": false
                                },
                                "ekit_testimonial_layout_border_radius": {
                                    "unit": "px",
                                    "top": "0",
                                    "right": "0",
                                    "bottom": "0",
                                    "left": "0",
                                    "isLinked": false
                                },
                                "ekit_testimonial_layout_shadow_box_shadow_type": "yes",
                                "ekit_testimonial_layout_shadow_box_shadow": {
                                    "horizontal": 0,
                                    "vertical": 0,
                                    "blur": 10,
                                    "spread": 0,
                                    "color": "rgba(0, 0, 0, 0)"
                                },
                                "ekit_testimonial_section_wraper_padding": {
                                    "unit": "px",
                                    "top": "0",
                                    "right": "0",
                                    "bottom": "0",
                                    "left": "0",
                                    "isLinked": false
                                },
                                "ekit_testimonial_description_color": "#8EB1AC",
                                "ekit_testimonial_description_active_color": "#477C74",
                                "ekit_testimonial_description_margin": {
                                    "unit": "px",
                                    "top": "0",
                                    "right": "0",
                                    "bottom": "20",
                                    "left": "0",
                                    "isLinked": false
                                },
                                "ekit_testimonial_review_ratting_color": "#F8D513",
                                "ekit_testimonial_review_ratting_spacing": {
                                    "unit": "px",
                                    "top": "0",
                                    "right": "15",
                                    "bottom": "20",
                                    "left": "0",
                                    "isLinked": false
                                },
                                "ekit_testimonial_section_wathermark_color": "#FBE984A6",
                                "ekit_testimonial_section_wathermark_typography": {
                                    "unit": "px",
                                    "size": 40,
                                    "sizes": []
                                },
                                "ekit_testimonial_section_wathermark_margin_bottom": {
                                    "unit": "px",
                                    "size": 10,
                                    "sizes": []
                                },
                                "ekit_testimonial_section_wathermark_icon_padding": {
                                    "unit": "px",
                                    "top": "0",
                                    "right": "0",
                                    "bottom": "0",
                                    "left": "0",
                                    "isLinked": false
                                },
                                "ekit_testimonial_section_wathermark_icon_radius": {
                                    "unit": "px",
                                    "top": "0",
                                    "right": "0",
                                    "bottom": "0",
                                    "left": "0",
                                    "isLinked": false
                                },
                                "ekit_testimonial_section_wathermark_badge_radius": {
                                    "unit": "%",
                                    "size": 0,
                                    "sizes": []
                                },
                                "ekit_testimonial_title_separator_color": "#F8D513",
                                "ekit_testimonial_title_separator_margin": {
                                    "unit": "px",
                                    "top": "0",
                                    "right": "0",
                                    "bottom": "0",
                                    "left": "0",
                                    "isLinked": false
                                },
                                "ekit_testimonial_client_name_normal_color": "#405E59",
                                "ekit_testimonial_designation_normal_color": "#8EB1AC",
                                "ekit_testimonial_client_spacing": {
                                    "unit": "px",
                                    "top": "0",
                                    "right": "0",
                                    "bottom": "0",
                                    "left": "0",
                                    "isLinked": false
                                },
                                "ekit_testimonial_client_image_size": {
                                    "unit": "px",
                                    "size": 60,
                                    "sizes": []
                                },
                                "ekit_testimonial_client_author_container_top": {
                                    "unit": "px",
                                    "size": -90,
                                    "sizes": []
                                },
                                "ekit_testimonial_client_image_margin_": {
                                    "unit": "px",
                                    "top": "0",
                                    "right": "0",
                                    "bottom": "10",
                                    "left": "0",
                                    "isLinked": false
                                },
                                "ekit_testimonial_client_dot_bottom": {
                                    "unit": "px",
                                    "size": -30,
                                    "sizes": []
                                },
                                "ekit_testimonial_client_dot_width": {
                                    "unit": "px",
                                    "size": 7,
                                    "sizes": []
                                },
                                "ekit_testimonial_client_dot_height": {
                                    "unit": "px",
                                    "size": 7,
                                    "sizes": []
                                },
                                "ekit_testimonial_client_dot_border_radius": {
                                    "unit": "px",
                                    "top": "100",
                                    "right": "100",
                                    "bottom": "100",
                                    "left": "100",
                                    "isLinked": true
                                },
                                "ekit_testimonial_client_dot_background_background": "classic",
                                "ekit_testimonial_client_dot_background_color": "#405E593D",
                                "ekit_testimonial_client_dot_active_background_background": "classic",
                                "ekit_testimonial_client_dot_active_background_color": "#1A4942",
                                "ekit_testimonial_client_dot_active_width": {
                                    "unit": "px",
                                    "size": 7,
                                    "sizes": []
                                },
                                "ekit_testimonial_client_dot_active_height": {
                                    "unit": "px",
                                    "size": 7,
                                    "sizes": []
                                },
                                "_margin": {
                                    "unit": "px",
                                    "top": "0",
                                    "right": "-15",
                                    "bottom": "0",
                                    "left": "-15",
                                    "isLinked": false
                                },
                                "_margin_tablet": {
                                    "unit": "px",
                                    "top": "0",
                                    "right": "-10",
                                    "bottom": "0",
                                    "left": "-10",
                                    "isLinked": false
                                },
                                "_animation": "fadeIn",
                                "_animation_delay": 400,
                                "__globals__": {
                                    "ekit_testimonial_description_typography_typography": "globals\/typography?id=text",
                                    "ekit_testimonial_description_color": "globals\/colors?id=text",
                                    "ekit_testimonial_description_active_color": "globals\/colors?id=accent",
                                    "ekit_testimonial_review_ratting_color": "globals\/colors?id=fe30fde",
                                    "ekit_testimonial_section_wathermark_color": "",
                                    "ekit_testimonial_title_separator_color": "globals\/colors?id=fe30fde",
                                    "ekit_testimonial_client_name_normal_color": "globals\/colors?id=primary",
                                    "ekit_testimonial_client_name_typography_typography": "globals\/typography?id=82aa23d",
                                    "ekit_testimonial_designation_normal_color": "globals\/colors?id=text",
                                    "ekit_testimonial_designation_typography_typography": "globals\/typography?id=text",
                                    "ekit_testimonial_client_dot_active_background_color": "globals\/colors?id=2cfcca2",
                                    "ekit_testimonial_client_dot_background_color": "",
                                    "ekit_testimonial_layout_active_border_color": "globals\/colors?id=fe30fde",
                                    "ekit_testimonial_layout_border_color": "globals\/colors?id=secondary",
                                    "ekit_testimonial_layout_background_color": "globals\/colors?id=secondary"
                                },
                                "ekit_testimonial_slidetoshow_mobile": 1,
                                "ekit_testimonial_layout_border_border": "solid",
                                "ekit_testimonial_layout_border_width": {
                                    "unit": "px",
                                    "top": "1",
                                    "right": "1",
                                    "bottom": "1",
                                    "left": "1",
                                    "isLinked": true
                                },
                                "ekit_testimonial_layout_background_background": "classic"
                            },
                            "elements": [],
                            "isInner": false,
                            "widgetType": "elementskit-testimonial",
                            "elType": "widget"
                        }
                    ],
                    "isInner": false,
                    "elType": "column"
                }
            ],
            "isInner": false,
            "elType": "section"
        },
        {
            "id": "52247f7b",
            "settings": {
                "content_width": {
                    "unit": "px",
                    "size": 1200,
                    "sizes": []
                },
                "background_background": "classic",
                "padding": {
                    "unit": "px",
                    "top": "100",
                    "right": "0",
                    "bottom": "100",
                    "left": "0",
                    "isLinked": false
                },
                "padding_tablet": {
                    "unit": "px",
                    "top": "70",
                    "right": "30",
                    "bottom": "70",
                    "left": "30",
                    "isLinked": false
                },
                "padding_mobile": {
                    "unit": "px",
                    "top": "70",
                    "right": "20",
                    "bottom": "70",
                    "left": "20",
                    "isLinked": false
                },
                "reverse_order_mobile": "reverse-mobile",
                "__globals__": {
                    "background_color": "globals\/colors?id=secondary"
                }
            },
            "elements": [
                {
                    "id": "1b813572",
                    "settings": {
                        "_column_size": 100,
                        "_inline_size": null,
                        "padding": {
                            "unit": "px",
                            "top": "0",
                            "right": "0",
                            "bottom": "0",
                            "left": "0",
                            "isLinked": false
                        }
                    },
                    "elements": [
                        {
                            "id": "671a056a",
                            "settings": {
                                "content_width": {
                                    "unit": "px",
                                    "size": 1200,
                                    "sizes": []
                                },
                                "structure": "20",
                                "background_background": "classic",
                                "margin": {
                                    "unit": "px",
                                    "top": "0",
                                    "right": 0,
                                    "bottom": "30",
                                    "left": 0,
                                    "isLinked": false
                                },
                                "animation": "fadeInUp",
                                "__globals__": {
                                    "background_color": "globals\/colors?id=accent"
                                }
                            },
                            "elements": [
                                {
                                    "id": "245f0f10",
                                    "settings": {
                                        "_column_size": 50,
                                        "_inline_size": 30,
                                        "_inline_size_tablet": 100,
                                        "content_position_tablet": "center",
                                        "padding_tablet": {
                                            "unit": "px",
                                            "top": "40",
                                            "right": "0",
                                            "bottom": "0",
                                            "left": "0",
                                            "isLinked": false
                                        },
                                        "padding_mobile": {
                                            "unit": "px",
                                            "top": "10",
                                            "right": "10",
                                            "bottom": "10",
                                            "left": "10",
                                            "isLinked": true
                                        }
                                    },
                                    "elements": [
                                        {
                                            "id": "572543c9",
                                            "settings": {
                                                "image": {
                                                    "url": "http:\/\/askproject.net\/lifezy\/wp-content\/uploads\/sites\/50\/2022\/01\/portrait-9KXJVT8.jpg",
                                                    "id": 271,
                                                    "alt": "",
                                                    "source": "library"
                                                },
                                                "width_tablet": {
                                                    "unit": "%",
                                                    "size": 28,
                                                    "sizes": []
                                                },
                                                "width_mobile": {
                                                    "unit": "%",
                                                    "size": 100,
                                                    "sizes": []
                                                }
                                            },
                                            "elements": [],
                                            "isInner": false,
                                            "widgetType": "image",
                                            "elType": "widget"
                                        }
                                    ],
                                    "isInner": true,
                                    "elType": "column"
                                },
                                {
                                    "id": "120cafcd",
                                    "settings": {
                                        "_column_size": 50,
                                        "_inline_size": 70,
                                        "_inline_size_tablet": 100,
                                        "content_position": "center",
                                        "padding": {
                                            "unit": "px",
                                            "top": "40",
                                            "right": "40",
                                            "bottom": "40",
                                            "left": "40",
                                            "isLinked": true
                                        },
                                        "padding_mobile": {
                                            "unit": "px",
                                            "top": "30",
                                            "right": "30",
                                            "bottom": "30",
                                            "left": "30",
                                            "isLinked": true
                                        }
                                    },
                                    "elements": [
                                        {
                                            "id": "2dab994f",
                                            "settings": {
                                                "selected_icon": {
                                                    "value": "icon icon-quote2",
                                                    "library": "ekiticons"
                                                },
                                                "align": "left",
                                                "align_tablet": "center",
                                                "primary_color": "#FBE984E6",
                                                "size_mobile": {
                                                    "unit": "px",
                                                    "size": 45,
                                                    "sizes": []
                                                },
                                                "_margin": {
                                                    "unit": "px",
                                                    "top": "-6",
                                                    "right": "0",
                                                    "bottom": "-10",
                                                    "left": "0",
                                                    "isLinked": false
                                                },
                                                "__globals__": {
                                                    "primary_color": ""
                                                }
                                            },
                                            "elements": [],
                                            "isInner": false,
                                            "widgetType": "icon",
                                            "elType": "widget"
                                        },
                                        {
                                            "id": "2e85a0a2",
                                            "settings": {
                                                "editor": "<p><em>Lorem ipsum dolor sit amet, consectetur adipiscing elit. Ut elit tellus, luctus nec ullamcorper mattis, pulvinar dapibus leo. Sed vitae iaculis odio. Nam sed lorem sed magna bibendum venenatis a pretium magna. Nulla facilisi.<\/em><\/p>",
                                                "align_tablet": "center",
                                                "text_color": "#FFFFFF",
                                                "__globals__": {
                                                    "typography_typography": "globals\/typography?id=03791f3"
                                                }
                                            },
                                            "elements": [],
                                            "isInner": false,
                                            "widgetType": "text-editor",
                                            "elType": "widget"
                                        },
                                        {
                                            "id": "47a471c4",
                                            "settings": {
                                                "editor": "<p>Mia Malara<\/p>",
                                                "align_tablet": "center",
                                                "text_color": "#FFFFFF",
                                                "_margin": {
                                                    "unit": "px",
                                                    "top": "0",
                                                    "right": "0",
                                                    "bottom": "-25",
                                                    "left": "0",
                                                    "isLinked": false
                                                },
                                                "__globals__": {
                                                    "typography_typography": "globals\/typography?id=03791f3"
                                                }
                                            },
                                            "elements": [],
                                            "isInner": false,
                                            "widgetType": "text-editor",
                                            "elType": "widget"
                                        },
                                        {
                                            "id": "1690c2b5",
                                            "settings": {
                                                "editor": "<p>Lifezy's Client<\/p>",
                                                "align_tablet": "center",
                                                "_margin": {
                                                    "unit": "px",
                                                    "top": "-7",
                                                    "right": "0",
                                                    "bottom": "-15",
                                                    "left": "0",
                                                    "isLinked": false
                                                },
                                                "__globals__": {
                                                    "text_color": "globals\/colors?id=fe30fde"
                                                }
                                            },
                                            "elements": [],
                                            "isInner": false,
                                            "widgetType": "text-editor",
                                            "elType": "widget"
                                        }
                                    ],
                                    "isInner": true,
                                    "elType": "column"
                                }
                            ],
                            "isInner": true,
                            "elType": "section"
                        },
                        {
                            "id": "4a8e54d6",
                            "settings": {
                                "content_width": {
                                    "unit": "px",
                                    "size": 1200,
                                    "sizes": []
                                },
                                "structure": "20",
                                "background_background": "classic",
                                "margin": {
                                    "unit": "px",
                                    "top": "0",
                                    "right": 0,
                                    "bottom": "30",
                                    "left": 0,
                                    "isLinked": false
                                },
                                "animation": "fadeInUp",
                                "reverse_order_tablet": "reverse-tablet",
                                "reverse_order_mobile": "reverse-mobile",
                                "__globals__": {
                                    "background_color": "globals\/colors?id=accent"
                                }
                            },
                            "elements": [
                                {
                                    "id": "5a03c548",
                                    "settings": {
                                        "_column_size": 50,
                                        "_inline_size": 70,
                                        "_inline_size_tablet": 100,
                                        "content_position": "center",
                                        "padding": {
                                            "unit": "px",
                                            "top": "40",
                                            "right": "40",
                                            "bottom": "40",
                                            "left": "40",
                                            "isLinked": true
                                        },
                                        "padding_mobile": {
                                            "unit": "px",
                                            "top": "30",
                                            "right": "30",
                                            "bottom": "30",
                                            "left": "30",
                                            "isLinked": true
                                        }
                                    },
                                    "elements": [
                                        {
                                            "id": "72c68721",
                                            "settings": {
                                                "selected_icon": {
                                                    "value": "icon icon-quote2",
                                                    "library": "ekiticons"
                                                },
                                                "align": "left",
                                                "align_tablet": "center",
                                                "primary_color": "#FBE984E6",
                                                "size_mobile": {
                                                    "unit": "px",
                                                    "size": 45,
                                                    "sizes": []
                                                },
                                                "_margin": {
                                                    "unit": "px",
                                                    "top": "-6",
                                                    "right": "0",
                                                    "bottom": "-10",
                                                    "left": "0",
                                                    "isLinked": false
                                                },
                                                "__globals__": {
                                                    "primary_color": ""
                                                }
                                            },
                                            "elements": [],
                                            "isInner": false,
                                            "widgetType": "icon",
                                            "elType": "widget"
                                        },
                                        {
                                            "id": "784b2a07",
                                            "settings": {
                                                "editor": "<p><em>Lorem ipsum dolor sit amet, consectetur adipiscing elit. Ut elit tellus, luctus nec ullamcorper mattis, pulvinar dapibus leo. Sed vitae iaculis odio. Nam sed lorem sed magna bibendum venenatis a pretium magna. Nulla facilisi.<\/em><\/p>",
                                                "align_tablet": "center",
                                                "text_color": "#FFFFFF",
                                                "__globals__": {
                                                    "typography_typography": "globals\/typography?id=03791f3"
                                                }
                                            },
                                            "elements": [],
                                            "isInner": false,
                                            "widgetType": "text-editor",
                                            "elType": "widget"
                                        },
                                        {
                                            "id": "4b0bd7a0",
                                            "settings": {
                                                "editor": "<p>Clark Sages<\/p>",
                                                "align_tablet": "center",
                                                "text_color": "#FFFFFF",
                                                "_margin": {
                                                    "unit": "px",
                                                    "top": "0",
                                                    "right": "0",
                                                    "bottom": "-25",
                                                    "left": "0",
                                                    "isLinked": false
                                                },
                                                "__globals__": {
                                                    "typography_typography": "globals\/typography?id=03791f3"
                                                }
                                            },
                                            "elements": [],
                                            "isInner": false,
                                            "widgetType": "text-editor",
                                            "elType": "widget"
                                        },
                                        {
                                            "id": "9519aa5",
                                            "settings": {
                                                "editor": "<p>Lifezy's Client<\/p>",
                                                "align_tablet": "center",
                                                "_margin": {
                                                    "unit": "px",
                                                    "top": "-7",
                                                    "right": "0",
                                                    "bottom": "-15",
                                                    "left": "0",
                                                    "isLinked": false
                                                },
                                                "__globals__": {
                                                    "text_color": "globals\/colors?id=fe30fde"
                                                }
                                            },
                                            "elements": [],
                                            "isInner": false,
                                            "widgetType": "text-editor",
                                            "elType": "widget"
                                        }
                                    ],
                                    "isInner": true,
                                    "elType": "column"
                                },
                                {
                                    "id": "78d93176",
                                    "settings": {
                                        "_column_size": 50,
                                        "_inline_size": 30,
                                        "_inline_size_tablet": 100,
                                        "content_position_tablet": "center",
                                        "padding_tablet": {
                                            "unit": "px",
                                            "top": "40",
                                            "right": "0",
                                            "bottom": "0",
                                            "left": "0",
                                            "isLinked": false
                                        },
                                        "padding_mobile": {
                                            "unit": "px",
                                            "top": "10",
                                            "right": "10",
                                            "bottom": "10",
                                            "left": "10",
                                            "isLinked": true
                                        }
                                    },
                                    "elements": [
                                        {
                                            "id": "5722a00d",
                                            "settings": {
                                                "image": {
                                                    "url": "http:\/\/askproject.net\/lifezy\/wp-content\/uploads\/sites\/50\/2022\/01\/portrait-6QAEG3M.jpg",
                                                    "id": 269,
                                                    "alt": "",
                                                    "source": "library"
                                                },
                                                "width_tablet": {
                                                    "unit": "%",
                                                    "size": 28,
                                                    "sizes": []
                                                },
                                                "width_mobile": {
                                                    "unit": "%",
                                                    "size": 100,
                                                    "sizes": []
                                                }
                                            },
                                            "elements": [],
                                            "isInner": false,
                                            "widgetType": "image",
                                            "elType": "widget"
                                        }
                                    ],
                                    "isInner": true,
                                    "elType": "column"
                                }
                            ],
                            "isInner": true,
                            "elType": "section"
                        },
                        {
                            "id": "7d0b36ba",
                            "settings": {
                                "content_width": {
                                    "unit": "px",
                                    "size": 1200,
                                    "sizes": []
                                },
                                "structure": "20",
                                "background_background": "classic",
                                "animation": "fadeInUp",
                                "__globals__": {
                                    "background_color": "globals\/colors?id=accent"
                                }
                            },
                            "elements": [
                                {
                                    "id": "34ee604a",
                                    "settings": {
                                        "_column_size": 50,
                                        "_inline_size": 30,
                                        "_inline_size_tablet": 100,
                                        "content_position_tablet": "center",
                                        "padding_tablet": {
                                            "unit": "px",
                                            "top": "40",
                                            "right": "0",
                                            "bottom": "0",
                                            "left": "0",
                                            "isLinked": false
                                        },
                                        "padding_mobile": {
                                            "unit": "px",
                                            "top": "10",
                                            "right": "10",
                                            "bottom": "10",
                                            "left": "10",
                                            "isLinked": true
                                        }
                                    },
                                    "elements": [
                                        {
                                            "id": "6e05ffc8",
                                            "settings": {
                                                "image": {
                                                    "url": "http:\/\/askproject.net\/lifezy\/wp-content\/uploads\/sites\/50\/2022\/01\/portrait-LGP2HC6.jpg",
                                                    "id": 384,
                                                    "alt": "",
                                                    "source": "library"
                                                },
                                                "width_tablet": {
                                                    "unit": "%",
                                                    "size": 28,
                                                    "sizes": []
                                                },
                                                "width_mobile": {
                                                    "unit": "%",
                                                    "size": 100,
                                                    "sizes": []
                                                }
                                            },
                                            "elements": [],
                                            "isInner": false,
                                            "widgetType": "image",
                                            "elType": "widget"
                                        }
                                    ],
                                    "isInner": true,
                                    "elType": "column"
                                },
                                {
                                    "id": "3607bb35",
                                    "settings": {
                                        "_column_size": 50,
                                        "_inline_size": 70,
                                        "_inline_size_tablet": 100,
                                        "content_position": "center",
                                        "padding": {
                                            "unit": "px",
                                            "top": "40",
                                            "right": "40",
                                            "bottom": "40",
                                            "left": "40",
                                            "isLinked": true
                                        },
                                        "padding_mobile": {
                                            "unit": "px",
                                            "top": "30",
                                            "right": "30",
                                            "bottom": "30",
                                            "left": "30",
                                            "isLinked": true
                                        }
                                    },
                                    "elements": [
                                        {
                                            "id": "7778574a",
                                            "settings": {
                                                "selected_icon": {
                                                    "value": "icon icon-quote2",
                                                    "library": "ekiticons"
                                                },
                                                "align": "left",
                                                "align_tablet": "center",
                                                "primary_color": "#FBE984E6",
                                                "size_mobile": {
                                                    "unit": "px",
                                                    "size": 45,
                                                    "sizes": []
                                                },
                                                "_margin": {
                                                    "unit": "px",
                                                    "top": "-6",
                                                    "right": "0",
                                                    "bottom": "-10",
                                                    "left": "0",
                                                    "isLinked": false
                                                },
                                                "__globals__": {
                                                    "primary_color": ""
                                                }
                                            },
                                            "elements": [],
                                            "isInner": false,
                                            "widgetType": "icon",
                                            "elType": "widget"
                                        },
                                        {
                                            "id": "45e3ef40",
                                            "settings": {
                                                "editor": "<p><em>Lorem ipsum dolor sit amet, consectetur adipiscing elit. Ut elit tellus, luctus nec ullamcorper mattis, pulvinar dapibus leo. Sed vitae iaculis odio. Nam sed lorem sed magna bibendum venenatis a pretium magna. Nulla facilisi.<\/em><\/p>",
                                                "align_tablet": "center",
                                                "text_color": "#FFFFFF",
                                                "__globals__": {
                                                    "typography_typography": "globals\/typography?id=03791f3"
                                                }
                                            },
                                            "elements": [],
                                            "isInner": false,
                                            "widgetType": "text-editor",
                                            "elType": "widget"
                                        },
                                        {
                                            "id": "172a1ee0",
                                            "settings": {
                                                "editor": "<p>Markian Steve<\/p>",
                                                "align_tablet": "center",
                                                "text_color": "#FFFFFF",
                                                "_margin": {
                                                    "unit": "px",
                                                    "top": "0",
                                                    "right": "0",
                                                    "bottom": "-25",
                                                    "left": "0",
                                                    "isLinked": false
                                                },
                                                "__globals__": {
                                                    "typography_typography": "globals\/typography?id=03791f3"
                                                }
                                            },
                                            "elements": [],
                                            "isInner": false,
                                            "widgetType": "text-editor",
                                            "elType": "widget"
                                        },
                                        {
                                            "id": "c2c4a76",
                                            "settings": {
                                                "editor": "<p>Lifezy's Client<\/p>",
                                                "align_tablet": "center",
                                                "_margin": {
                                                    "unit": "px",
                                                    "top": "-7",
                                                    "right": "0",
                                                    "bottom": "-15",
                                                    "left": "0",
                                                    "isLinked": false
                                                },
                                                "__globals__": {
                                                    "text_color": "globals\/colors?id=fe30fde"
                                                }
                                            },
                                            "elements": [],
                                            "isInner": false,
                                            "widgetType": "text-editor",
                                            "elType": "widget"
                                        }
                                    ],
                                    "isInner": true,
                                    "elType": "column"
                                }
                            ],
                            "isInner": true,
                            "elType": "section"
                        }
                    ],
                    "isInner": false,
                    "elType": "column"
                }
            ],
            "isInner": false,
            "elType": "section"
        },
        {
            "id": "5e1fffe2",
            "settings": {
                "structure": "20",
                "padding": {
                    "unit": "px",
                    "top": "100",
                    "right": "0",
                    "bottom": "100",
                    "left": "0",
                    "isLinked": false
                },
                "padding_tablet": {
                    "unit": "px",
                    "top": "70",
                    "right": "30",
                    "bottom": "70",
                    "left": "30",
                    "isLinked": false
                },
                "padding_mobile": {
                    "unit": "px",
                    "top": "70",
                    "right": "20",
                    "bottom": "70",
                    "left": "20",
                    "isLinked": false
                },
                "content_width": {
                    "unit": "px",
                    "size": 1200,
                    "sizes": []
                },
                "background_background": "classic",
                "background_color": "#FFFFFF",
                "__globals__": {
                    "background_color": ""
                }
            },
            "elements": [
                {
                    "id": "7dd03387",
                    "settings": {
                        "_column_size": 50,
                        "_inline_size": 50,
                        "padding": {
                            "unit": "px",
                            "top": "0",
                            "right": "70",
                            "bottom": "0",
                            "left": "0",
                            "isLinked": false
                        },
                        "padding_tablet": {
                            "unit": "px",
                            "top": "0",
                            "right": "50",
                            "bottom": "0",
                            "left": "0",
                            "isLinked": false
                        },
                        "padding_mobile": {
                            "unit": "px",
                            "top": "0",
                            "right": "0",
                            "bottom": "50",
                            "left": "0",
                            "isLinked": false
                        },
                        "content_position": "center"
                    },
                    "elements": [
                        {
                            "id": "70ffc082",
                            "settings": {
                                "editor": "<p>Review<\/p>",
                                "_margin": {
                                    "unit": "px",
                                    "top": "0",
                                    "right": "0",
                                    "bottom": "-25",
                                    "left": "0",
                                    "isLinked": false
                                },
                                "__globals__": {
                                    "text_color": "globals\/colors?id=fe30fde",
                                    "typography_typography": "globals\/typography?id=131db22"
                                },
                                "_animation": "fadeInUp",
                                "align_mobile": "center"
                            },
                            "elements": [],
                            "isInner": false,
                            "widgetType": "text-editor",
                            "elType": "widget"
                        },
                        {
                            "id": "77a882d0",
                            "settings": {
                                "title": "Give Us a Review",
                                "__globals__": {
                                    "title_color": "globals\/colors?id=primary",
                                    "typography_typography": "globals\/typography?id=primary"
                                },
                                "_animation": "fadeInUp",
                                "_animation_delay": 200,
                                "align_mobile": "center"
                            },
                            "elements": [],
                            "isInner": false,
                            "widgetType": "heading",
                            "elType": "widget"
                        },
                        {
                            "id": "6caa3e63",
                            "settings": {
                                "editor": "<p>Lorem ipsum dolor sit amet, consec tetur adipi scing elit. Ut elit tellus, luctus nec ullam corper mattis, pulvinar dapibus leo.<\/p>",
                                "_padding": {
                                    "unit": "px",
                                    "top": "0",
                                    "right": "0",
                                    "bottom": "0",
                                    "left": "0",
                                    "isLinked": false
                                },
                                "_padding_tablet": {
                                    "unit": "px",
                                    "top": "0",
                                    "right": "0",
                                    "bottom": "0",
                                    "left": "0",
                                    "isLinked": false
                                },
                                "_animation": "fadeInUp",
                                "_animation_delay": 400,
                                "__globals__": {
                                    "text_color": "globals\/colors?id=text",
                                    "typography_typography": "globals\/typography?id=text"
                                },
                                "_margin": {
                                    "unit": "px",
                                    "top": "0",
                                    "right": "0",
                                    "bottom": "-10",
                                    "left": "0",
                                    "isLinked": false
                                },
                                "align_mobile": "center",
                                "text_color": "#8EB1AC"
                            },
                            "elements": [],
                            "isInner": false,
                            "widgetType": "text-editor",
                            "elType": "widget"
                        },
                        {
                            "id": "5c8bb4a1",
                            "settings": {
                                "selected_icon": {
                                    "value": "fas fa-map-marker-alt",
                                    "library": "fa-solid"
                                },
                                "view": "stacked",
                                "title_text": "Address",
                                "description_text": "918 Abner Road, Hudson, NY",
                                "__globals__": {
                                    "description_typography_typography": "globals\/typography?id=text",
                                    "title_typography_typography": "globals\/typography?id=f4de960",
                                    "primary_color": "globals\/colors?id=b495345",
                                    "secondary_color": "globals\/colors?id=d91db48"
                                },
                                "primary_color": "#222222",
                                "secondary_color": "#FBE984",
                                "icon_size": {
                                    "unit": "px",
                                    "size": 18,
                                    "sizes": []
                                },
                                "icon_size_tablet": {
                                    "unit": "px",
                                    "size": 18,
                                    "sizes": []
                                },
                                "position": "left",
                                "title_size": "h4",
                                "title_bottom_space": {
                                    "unit": "px",
                                    "size": 0,
                                    "sizes": []
                                },
                                "icon_space_mobile": {
                                    "unit": "px",
                                    "size": 2,
                                    "sizes": []
                                },
                                "icon_size_mobile": {
                                    "unit": "px",
                                    "size": 20,
                                    "sizes": []
                                },
                                "_margin": {
                                    "unit": "px",
                                    "top": "0",
                                    "right": "0",
                                    "bottom": "-5",
                                    "left": "0",
                                    "isLinked": false
                                },
                                "_margin_mobile": {
                                    "unit": "px",
                                    "top": "0",
                                    "right": "0",
                                    "bottom": "10",
                                    "left": "0",
                                    "isLinked": false
                                },
                                "_animation": "fadeInUp",
                                "_animation_delay": 600
                            },
                            "elements": [],
                            "isInner": false,
                            "widgetType": "icon-box",
                            "elType": "widget"
                        },
                        {
                            "id": "3b5375f4",
                            "settings": {
                                "selected_icon": {
                                    "value": "fas fa-phone-alt",
                                    "library": "fa-solid"
                                },
                                "view": "stacked",
                                "title_text": "Phone",
                                "description_text": "+1 (234) 567 890",
                                "__globals__": {
                                    "description_typography_typography": "globals\/typography?id=text",
                                    "title_typography_typography": "globals\/typography?id=f4de960",
                                    "primary_color": "globals\/colors?id=b495345",
                                    "secondary_color": "globals\/colors?id=d91db48"
                                },
                                "primary_color": "#222222",
                                "secondary_color": "#FBE984",
                                "icon_size": {
                                    "unit": "px",
                                    "size": 18,
                                    "sizes": []
                                },
                                "icon_size_tablet": {
                                    "unit": "px",
                                    "size": 18,
                                    "sizes": []
                                },
                                "position": "left",
                                "title_size": "h4",
                                "title_bottom_space": {
                                    "unit": "px",
                                    "size": 0,
                                    "sizes": []
                                },
                                "icon_space_mobile": {
                                    "unit": "px",
                                    "size": 2,
                                    "sizes": []
                                },
                                "icon_size_mobile": {
                                    "unit": "px",
                                    "size": 20,
                                    "sizes": []
                                },
                                "_margin": {
                                    "unit": "px",
                                    "top": "0",
                                    "right": "0",
                                    "bottom": "-5",
                                    "left": "0",
                                    "isLinked": false
                                },
                                "_margin_mobile": {
                                    "unit": "px",
                                    "top": "0",
                                    "right": "0",
                                    "bottom": "10",
                                    "left": "0",
                                    "isLinked": false
                                },
                                "_animation": "fadeInUp",
                                "_animation_delay": 700
                            },
                            "elements": [],
                            "isInner": false,
                            "widgetType": "icon-box",
                            "elType": "widget"
                        },
                        {
                            "id": "6cbc946c",
                            "settings": {
                                "selected_icon": {
                                    "value": "fas fa-envelope",
                                    "library": "fa-solid"
                                },
                                "view": "stacked",
                                "title_text": "Email",
                                "description_text": "lifezy@mail.com",
                                "__globals__": {
                                    "description_typography_typography": "globals\/typography?id=text",
                                    "title_typography_typography": "globals\/typography?id=f4de960",
                                    "primary_color": "globals\/colors?id=b495345",
                                    "secondary_color": "globals\/colors?id=d91db48"
                                },
                                "primary_color": "#222222",
                                "secondary_color": "#FBE984",
                                "icon_size": {
                                    "unit": "px",
                                    "size": 18,
                                    "sizes": []
                                },
                                "icon_size_tablet": {
                                    "unit": "px",
                                    "size": 18,
                                    "sizes": []
                                },
                                "position": "left",
                                "title_size": "h4",
                                "title_bottom_space": {
                                    "unit": "px",
                                    "size": 0,
                                    "sizes": []
                                },
                                "icon_space_mobile": {
                                    "unit": "px",
                                    "size": 2,
                                    "sizes": []
                                },
                                "icon_size_mobile": {
                                    "unit": "px",
                                    "size": 20,
                                    "sizes": []
                                },
                                "_margin": {
                                    "unit": "px",
                                    "top": "0",
                                    "right": "0",
                                    "bottom": "-5",
                                    "left": "0",
                                    "isLinked": false
                                },
                                "_margin_mobile": {
                                    "unit": "px",
                                    "top": "0",
                                    "right": "0",
                                    "bottom": "0",
                                    "left": "0",
                                    "isLinked": false
                                },
                                "_animation": "fadeInUp",
                                "_animation_delay": 800
                            },
                            "elements": [],
                            "isInner": false,
                            "widgetType": "icon-box",
                            "elType": "widget"
                        }
                    ],
                    "isInner": false,
                    "elType": "column"
                },
                {
                    "id": "4ad25653",
                    "settings": {
                        "_column_size": 50,
                        "_inline_size": 50,
                        "padding": {
                            "unit": "px",
                            "top": "40",
                            "right": "40",
                            "bottom": "40",
                            "left": "40",
                            "isLinked": true
                        },
                        "background_background": "classic",
                        "__globals__": {
                            "background_color": "globals\/colors?id=secondary",
                            "border_color": "globals\/colors?id=secondary",
                            "border_hover_color": "globals\/colors?id=fe30fde"
                        },
                        "padding_tablet": {
                            "unit": "px",
                            "top": "30",
                            "right": "30",
                            "bottom": "30",
                            "left": "30",
                            "isLinked": true
                        },
                        "border_border": "solid",
                        "border_width": {
                            "unit": "px",
                            "top": "1",
                            "right": "1",
                            "bottom": "1",
                            "left": "1",
                            "isLinked": true
                        },
                        "border_hover_border": "solid"
                    },
                    "elements": [
                        {
                            "id": "32589344",
                            "settings": {
                                "ekit_wpform_form_id": "316",
                                "ekit_wpForms_field_bg_color": "#FFFFFF",
                                "ekit_wpForms_field_border_border": "solid",
                                "ekit_wpForms_field_border_width": {
                                    "unit": "px",
                                    "top": "0",
                                    "right": "0",
                                    "bottom": "0",
                                    "left": "0",
                                    "isLinked": false
                                },
                                "ekit_wpForms_field_radius": {
                                    "unit": "px",
                                    "top": "0",
                                    "right": "0",
                                    "bottom": "0",
                                    "left": "0",
                                    "isLinked": false
                                },
                                "ekit_wpForms_field_padding": {
                                    "unit": "px",
                                    "top": "15",
                                    "right": "2",
                                    "bottom": "15",
                                    "left": "20",
                                    "isLinked": false
                                },
                                "ekit_wpForms_field_spacing": {
                                    "unit": "px",
                                    "top": "0",
                                    "right": "0",
                                    "bottom": "0",
                                    "left": "0",
                                    "isLinked": false
                                },
                                "ekit_wpForms_button_align": "center",
                                "ekit_wpForms_button_text_color_normal": "#FFFFFF",
                                "ekit_wpForms_button_border_normal_border": "solid",
                                "ekit_wpForms_button_border_normal_width": {
                                    "unit": "px",
                                    "top": "0",
                                    "right": "0",
                                    "bottom": "0",
                                    "left": "0",
                                    "isLinked": false
                                },
                                "ekit_wpForms_button_border_radius": {
                                    "unit": "px",
                                    "top": "0",
                                    "right": "0",
                                    "bottom": "0",
                                    "left": "0",
                                    "isLinked": false
                                },
                                "ekit_wpForms_button_padding": {
                                    "unit": "px",
                                    "top": "15",
                                    "right": "30",
                                    "bottom": "15",
                                    "left": "30",
                                    "isLinked": false
                                },
                                "_margin": {
                                    "unit": "px",
                                    "top": "-10",
                                    "right": "0",
                                    "bottom": "-25",
                                    "left": "0",
                                    "isLinked": false
                                },
                                "__globals__": {
                                    "ekit_wpForms_typography_label_typography": "globals\/typography?id=text",
                                    "ekit_wpForms_text_color_label": "globals\/colors?id=text",
                                    "ekit_wpForms_field_text_color": "globals\/colors?id=text",
                                    "ekit_wpForms_field_description_typography_typography": "globals\/typography?id=text",
                                    "ekit_wpForms_field_description_text_color": "globals\/colors?id=text",
                                    "ekit_wpForms_field_typography_typography": "globals\/typography?id=text",
                                    "ekit_wpForms_text_color_placeholder": "globals\/colors?id=text",
                                    "ekit_wpForms_button_typography_typography": "globals\/typography?id=accent",
                                    "ekit_wpForms_button_bg_color_normal": "globals\/colors?id=2cfcca2",
                                    "ekit_wpForms_error_message_text_color": "globals\/colors?id=text",
                                    "ekit_wpForms_button_bg_color_hover": "globals\/colors?id=b495345",
                                    "ekit_wpForms_button_text_color_hover": "globals\/colors?id=d91db48"
                                },
                                "_margin_tablet": {
                                    "unit": "px",
                                    "top": "-10",
                                    "right": "0",
                                    "bottom": "-25",
                                    "left": "0",
                                    "isLinked": false
                                }
                            },
                            "elements": [],
                            "isInner": false,
                            "widgetType": "elementskit-wp-forms",
                            "elType": "widget"
                        }
                    ],
                    "isInner": false,
                    "elType": "column"
                }
            ],
            "isInner": false,
            "elType": "section"
        }
    ],
    "page_settings": {
        "hide_title": "yes",
        "template": "elementor_header_footer"
    }
}